OrderID,CustomerID,OrderDate
1,,2020-12-17
2,379.0,2020-03-03
3,696.0,2020-07-05
4,1956.0,2023-05-28
5,508.0,2023-10-10
6,1500.0,2023-01-26
7,1620.0,2022-05-28
8,528.0,2020-10-22
9,45.0,2023-11-17
10,205.0,2024-02-06
11,,2022-11-06
12,859.0,2021-07-05
13,439.0,2020-06-29
14,1152.0,2021-08-21
15,800.0,2021-07-10
16,1505.0,2023-12-31
17,184.0,2020-10-25
18,1223.0,2020-10-09
19,275.0,2023-10-11
20,1676.0,2021-06-29
21,430.0,2023-02-04
22,1640.0,2022-11-26
23,1491.0,2022-02-06
24,,2022-04-15
25,961.0,2024-01-07
26,1186.0,2022-03-30
27,1788.0,2020-07-21
28,845.0,2022-11-03
29,350.0,2022-12-24
30,1465.0,2021-05-19
31,,2023-01-13
32,619.0,2023-10-08
33,856.0,2021-07-17
34,1877.0,2023-01-15
35,174.0,2023-02-19
36,1371.0,2023-05-21
37,1842.0,2020-02-09
38,211.0,2021-08-10
39,1052.0,2021-04-05
40,292.0,2023-03-13
41,1758.0,2021-11-15
42,1630.0,2023-07-18
43,1577.0,2024-01-24
44,1503.0,2021-12-16
45,942.0,2022-10-23
46,539.0,2023-08-18
47,243.0,2020-09-18
48,1624.0,2023-03-18
49,1889.0,2022-01-25
50,1663.0,2022-06-27
51,627.0,2021-02-25
52,1599.0,2021-08-21
53,372.0,2021-05-23
54,795.0,2021-03-11
55,413.0,2023-08-27
56,884.0,2023-10-17
57,1387.0,2024-01-09
58,1374.0,2020-10-05
59,1865.0,2022-12-28
60,166.0,2022-06-19
61,213.0,2021-02-28
62,1381.0,2023-08-19
63,1856.0,2023-07-30
64,1324.0,2022-06-04
65,1118.0,2021-08-06
66,137.0,2021-01-24
67,1338.0,2023-06-09
68,,2023-02-24
69,1748.0,2020-04-10
70,114.0,2021-04-14
71,1363.0,2022-07-20
72,834.0,2022-02-22
73,,2022-08-24
74,768.0,2023-01-10
75,304.0,2021-07-31
76,1459.0,2021-04-25
77,16.0,2024-01-17
78,1815.0,2021-03-29
79,640.0,2023-07-20
80,836.0,2020-07-28
81,774.0,2022-01-10
82,662.0,2023-07-06
83,1084.0,2023-02-01
84,1892.0,2023-11-08
85,128.0,2021-12-06
86,1691.0,2022-07-07
87,1868.0,2023-09-21
88,1125.0,2021-04-05
89,873.0,2020-09-21
90,649.0,2023-04-01
91,472.0,2022-02-18
92,1562.0,2021-03-04
93,1105.0,2023-09-14
94,1969.0,2021-01-11
95,1698.0,2021-06-27
96,1393.0,2023-02-25
97,563.0,2022-07-26
98,697.0,2020-09-09
99,1112.0,2023-05-17
100,1341.0,2020-03-19
101,463.0,2023-09-04
102,405.0,2022-04-13
103,415.0,2020-07-29
104,954.0,2021-08-10
105,1214.0,2023-04-08
106,837.0,2023-01-11
107,,2022-05-18
108,465.0,2021-02-13
109,613.0,2023-08-14
110,746.0,2020-09-06
111,916.0,2023-07-01
112,527.0,2023-10-11
113,1968.0,2023-04-30
114,1259.0,2020-10-07
115,1590.0,2022-11-30
116,798.0,2023-12-26
117,264.0,2023-05-21
118,18.0,2020-01-19
119,1871.0,2022-04-23
120,1104.0,2022-05-20
121,739.0,2020-11-10
122,724.0,2023-03-30
123,1542.0,2020-06-22
124,873.0,2022-03-05
125,1291.0,2021-12-02
126,1805.0,2020-01-08
127,486.0,2023-09-15
128,1425.0,2022-10-02
129,1478.0,2022-04-01
130,1442.0,2021-09-16
131,347.0,2023-12-09
132,,2020-10-06
133,1665.0,2022-06-21
134,1160.0,2021-03-22
135,598.0,2021-05-23
136,1357.0,2023-01-20
137,558.0,2020-08-16
138,178.0,2021-11-08
139,1168.0,2020-02-04
140,957.0,2020-02-09
141,1145.0,2022-04-23
142,1913.0,2022-08-29
143,1250.0,2020-07-11
144,1586.0,2021-10-10
145,1993.0,2022-07-04
146,175.0,2021-10-16
147,1369.0,2023-01-17
148,1723.0,2024-01-25
149,902.0,2023-05-05
150,802.0,2021-02-12
151,1093.0,2021-01-27
152,99.0,2023-02-05
153,1319.0,2021-04-13
154,1350.0,2020-01-25
155,792.0,2022-11-14
156,763.0,2022-12-29
157,769.0,2020-12-14
158,789.0,2022-05-08
159,353.0,2020-11-03
160,1770.0,2020-04-17
161,104.0,2022-12-20
162,1035.0,2020-04-08
163,1503.0,2021-09-19
164,1152.0,2021-10-21
165,1962.0,2022-12-19
166,743.0,2023-05-04
167,1906.0,2023-02-28
168,871.0,2020-11-03
169,996.0,2020-01-30
170,1341.0,2021-06-19
171,443.0,2020-09-16
172,748.0,2020-01-03
173,1996.0,2020-02-05
174,240.0,2022-08-28
175,1230.0,2021-05-03
176,1522.0,2022-05-21
177,1557.0,2022-10-19
178,1559.0,2021-02-25
179,1931.0,2023-07-02
180,54.0,2021-01-27
181,342.0,2020-09-16
182,639.0,2021-09-10
183,1596.0,2021-01-22
184,1444.0,2022-10-16
185,1903.0,2021-06-10
186,1107.0,2020-05-21
187,1307.0,2024-01-27
188,211.0,2020-04-12
189,1711.0,2022-01-30
190,1475.0,2020-06-18
191,1881.0,2022-10-02
192,1575.0,2021-02-13
193,864.0,2023-05-16
194,340.0,2021-08-08
195,907.0,2021-03-19
196,1723.0,2021-08-02
197,1696.0,2023-03-21
198,1175.0,2022-02-09
199,1858.0,2022-12-25
200,1200.0,2021-10-16
201,1029.0,2021-08-21
202,568.0,2023-08-28
203,1152.0,2022-10-03
204,1570.0,2021-02-27
205,1924.0,2023-09-07
206,433.0,2021-08-10
207,261.0,2022-02-06
208,897.0,2022-01-23
209,701.0,2023-06-19
210,238.0,2022-06-13
211,1414.0,2020-10-15
212,718.0,2023-08-07
213,620.0,2022-04-13
214,580.0,2020-01-13
215,581.0,2023-11-26
216,41.0,2021-04-06
217,1707.0,2020-05-12
218,,2021-12-21
219,1540.0,2023-10-12
220,53.0,2022-04-19
221,1613.0,2023-12-06
222,973.0,2021-05-26
223,17.0,2023-09-11
224,1754.0,2021-04-24
225,1234.0,2023-11-03
226,1361.0,2023-04-13
227,1992.0,2020-08-21
228,1465.0,2023-12-01
229,685.0,2022-02-07
230,1528.0,2020-07-02
231,1603.0,2022-02-17
232,274.0,2023-12-10
233,1471.0,2021-11-07
234,810.0,2022-09-05
235,876.0,2021-11-23
236,983.0,2023-04-20
237,306.0,2023-11-01
238,1006.0,2022-12-22
239,1763.0,2022-06-01
240,1872.0,2022-04-19
241,846.0,2022-08-06
242,1434.0,2021-01-06
243,875.0,2022-03-19
244,787.0,2021-04-05
245,,2022-10-21
246,417.0,2023-03-11
247,666.0,2021-08-04
248,651.0,2020-10-06
249,1284.0,2023-12-16
250,,2023-05-26
251,1113.0,2021-04-27
252,1527.0,2022-04-18
253,1346.0,2021-09-29
254,,2021-06-27
255,1161.0,2022-04-24
256,495.0,2022-08-15
257,834.0,2023-04-27
258,1379.0,2023-11-07
259,865.0,2022-06-01
260,943.0,2022-05-04
261,424.0,2022-06-16
262,1161.0,2020-11-24
263,1019.0,2023-06-17
264,1182.0,2021-05-22
265,,2023-12-19
266,1694.0,2020-04-23
267,1202.0,2022-07-26
268,1030.0,2020-10-12
269,1003.0,2023-01-14
270,385.0,2022-06-06
271,1708.0,2023-03-19
272,1762.0,2022-06-23
273,1763.0,2022-12-08
274,400.0,2022-10-12
275,1738.0,2022-08-10
276,231.0,2021-10-23
277,638.0,2024-01-20
278,1792.0,2021-01-26
279,1770.0,2023-12-21
280,377.0,2022-11-13
281,1441.0,2023-06-12
282,298.0,2020-01-01
283,819.0,2020-01-17
284,1288.0,2020-06-10
285,375.0,2021-05-04
286,133.0,2021-05-02
287,1978.0,2021-12-03
288,1519.0,2021-03-10
289,50.0,2020-09-29
290,263.0,2021-05-04
291,1650.0,2023-02-04
292,1049.0,2022-08-21
293,1406.0,2021-01-08
294,991.0,2022-10-15
295,1106.0,2023-11-27
296,1992.0,2020-12-23
297,1589.0,2023-02-02
298,1104.0,2020-03-21
299,57.0,2023-05-13
300,1429.0,2021-02-18
301,108.0,2022-03-19
302,513.0,2021-08-16
303,156.0,2023-02-26
304,764.0,2023-10-22
305,185.0,2023-01-08
306,780.0,2021-06-05
307,1501.0,2022-12-02
308,1963.0,2023-11-12
309,65.0,2021-12-09
310,472.0,2023-12-11
311,877.0,2020-09-20
312,1667.0,2020-11-21
313,1219.0,2022-11-13
314,723.0,2021-01-06
315,1629.0,2023-12-03
316,1236.0,2023-11-10
317,277.0,2021-10-28
318,1831.0,2021-12-05
319,1634.0,2022-07-30
320,271.0,2023-04-22
321,1659.0,2021-08-01
322,639.0,2023-06-17
323,,2022-04-23
324,1445.0,2023-07-14
325,850.0,2020-01-14
326,408.0,2021-11-15
327,990.0,2021-03-23
328,374.0,2020-09-06
329,493.0,2021-10-20
330,1414.0,2022-04-27
331,1536.0,2022-05-28
332,425.0,2020-02-28
333,616.0,2024-01-05
334,1531.0,2021-09-23
335,1592.0,2022-05-07
336,985.0,2023-03-03
337,1961.0,2021-12-14
338,547.0,2023-11-16
339,305.0,2021-05-16
340,504.0,2023-12-05
341,1622.0,2023-10-28
342,1603.0,2022-05-03
343,258.0,2023-11-25
344,916.0,2022-11-19
345,20.0,2022-12-14
346,963.0,2023-04-27
347,1823.0,2022-06-22
348,1122.0,2022-04-03
349,20.0,2022-06-30
350,1346.0,2020-08-19
351,1111.0,2021-12-13
352,490.0,2020-04-01
353,736.0,2024-02-05
354,1651.0,2020-01-22
355,286.0,2022-12-21
356,991.0,2022-04-07
357,1938.0,2021-03-12
358,1404.0,2022-12-13
359,641.0,2020-03-02
360,524.0,2023-04-07
361,747.0,2023-05-25
362,443.0,2023-12-28
363,826.0,2021-09-08
364,796.0,2020-10-14
365,1520.0,2020-04-25
366,702.0,2023-01-07
367,1077.0,2021-01-03
368,213.0,2022-07-31
369,647.0,2023-04-14
370,1494.0,2021-01-22
371,849.0,2020-09-07
372,949.0,2021-07-15
373,528.0,2021-12-21
374,1522.0,2022-10-19
375,1040.0,2021-01-18
376,1246.0,2022-08-17
377,1587.0,2023-08-09
378,1736.0,2023-12-03
379,1199.0,2023-03-30
380,158.0,2024-01-05
381,1080.0,2023-03-20
382,507.0,2021-03-25
383,1921.0,2021-06-29
384,1022.0,2022-07-30
385,1385.0,2022-06-24
386,1629.0,2022-01-31
387,348.0,2024-02-04
388,1888.0,2022-02-15
389,1248.0,2023-03-03
390,1453.0,2022-09-15
391,1753.0,2020-04-19
392,923.0,2022-01-10
393,524.0,2020-04-22
394,1222.0,2020-06-17
395,713.0,2022-08-31
396,1461.0,2022-02-24
397,1306.0,2021-05-31
398,833.0,2023-08-15
399,445.0,2020-05-11
400,920.0,2020-09-19
401,952.0,2020-10-12
402,1209.0,2020-01-15
403,1744.0,2020-05-05
404,399.0,2021-06-14
405,1292.0,2021-07-14
406,616.0,2021-12-01
407,1254.0,2021-02-14
408,1118.0,2021-03-01
409,,2020-07-30
410,1339.0,2020-12-06
411,,2023-08-14
412,1877.0,2023-03-13
413,830.0,2020-07-14
414,1569.0,2021-02-22
415,1333.0,2022-01-07
416,1999.0,2023-05-17
417,3.0,2020-01-15
418,299.0,2020-11-30
419,1586.0,2021-10-19
420,1196.0,2022-04-27
421,1182.0,2023-03-13
422,1187.0,2021-09-29
423,363.0,2021-08-16
424,795.0,2023-11-11
425,1567.0,2023-10-27
426,1477.0,2021-10-01
427,1490.0,2023-04-29
428,362.0,2020-08-26
429,1410.0,2020-02-26
430,1083.0,2021-09-20
431,1054.0,2020-07-01
432,1251.0,2022-03-23
433,264.0,2021-07-07
434,1760.0,2022-11-28
435,1259.0,2021-12-05
436,803.0,2023-06-01
437,158.0,2021-06-20
438,1461.0,2021-10-05
439,1265.0,2023-07-19
440,1872.0,2020-08-02
441,787.0,2020-04-18
442,1482.0,2020-04-14
443,1179.0,2021-02-06
444,1920.0,2021-01-24
445,1731.0,2020-06-02
446,436.0,2020-05-19
447,438.0,2023-12-10
448,1991.0,2020-01-07
449,77.0,2020-04-21
450,747.0,2021-12-23
451,1164.0,2020-10-06
452,1545.0,2021-12-09
453,1667.0,2022-09-27
454,1375.0,2020-02-23
455,869.0,2021-07-18
456,63.0,2021-04-29
457,191.0,2020-11-19
458,1423.0,2021-07-27
459,938.0,2023-11-18
460,242.0,2021-09-23
461,1906.0,2020-11-11
462,329.0,2022-11-24
463,,2024-01-12
464,605.0,2024-01-16
465,1380.0,2023-09-24
466,1332.0,2020-08-30
467,1770.0,2023-08-24
468,1884.0,2020-11-21
469,327.0,2021-06-30
470,859.0,2022-10-20
471,1400.0,2021-08-19
472,1186.0,2020-04-03
473,,2023-08-17
474,576.0,2022-08-29
475,734.0,2020-12-19
476,1315.0,2022-10-22
477,952.0,2023-12-21
478,1408.0,2023-10-10
479,538.0,2023-04-19
480,1767.0,2023-05-26
481,924.0,2021-10-26
482,423.0,2023-05-07
483,863.0,2020-01-19
484,7.0,2023-05-19
485,1161.0,2023-10-16
486,1910.0,2021-02-11
487,1813.0,2022-07-01
488,215.0,2022-05-09
489,413.0,2022-09-04
490,756.0,2020-10-20
491,486.0,2022-10-12
492,617.0,2023-11-29
493,655.0,2022-08-06
494,297.0,2023-12-01
495,80.0,2020-01-24
496,688.0,2022-06-16
497,1036.0,2022-06-01
498,908.0,2022-04-14
499,1130.0,2020-11-21
500,396.0,2022-05-19
501,1178.0,2020-10-21
502,1565.0,2021-09-05
503,676.0,2022-12-03
504,1331.0,2021-08-04
505,1339.0,2022-07-04
506,772.0,2020-05-26
507,1014.0,2023-11-14
508,1725.0,2021-05-19
509,1529.0,2024-02-07
510,1518.0,2020-06-01
511,1898.0,2021-07-21
512,1758.0,2023-06-22
513,1789.0,2021-10-01
514,1065.0,2023-06-01
515,1099.0,2022-10-24
516,1491.0,2021-06-28
517,190.0,2022-07-22
518,1067.0,2020-11-23
519,1986.0,2021-10-26
520,610.0,2023-06-17
521,,2021-01-18
522,1419.0,2020-06-05
523,1111.0,2022-11-09
524,49.0,2020-11-21
525,1561.0,2022-08-18
526,609.0,2023-12-19
527,1290.0,2021-12-10
528,608.0,2021-12-12
529,1390.0,2023-03-07
530,76.0,2020-11-04
531,1524.0,2022-12-25
532,799.0,2021-09-18
533,721.0,2022-05-11
534,986.0,2020-11-29
535,52.0,2022-05-13
536,1388.0,2023-07-22
537,1234.0,2022-11-05
538,734.0,2021-09-15
539,1239.0,2020-10-09
540,1896.0,2021-04-18
541,1489.0,2020-09-10
542,97.0,2020-01-06
543,807.0,2023-05-10
544,1735.0,2020-06-07
545,259.0,2023-12-15
546,1289.0,2021-12-29
547,311.0,2022-09-08
548,172.0,2022-01-18
549,1060.0,2023-05-08
550,1747.0,2023-10-04
551,164.0,2022-10-09
552,736.0,2022-07-18
553,399.0,2024-02-06
554,1859.0,2020-03-08
555,278.0,2022-06-28
556,1149.0,2023-07-30
557,781.0,2020-07-24
558,887.0,2023-04-28
559,1830.0,2021-04-06
560,713.0,2021-01-03
561,1681.0,2021-02-17
562,1395.0,2021-02-10
563,1503.0,2020-06-29
564,633.0,2023-05-16
565,1589.0,2022-06-28
566,547.0,2022-10-24
567,113.0,2023-04-23
568,724.0,2022-08-15
569,319.0,2023-10-09
570,297.0,2020-04-16
571,1353.0,2020-08-26
572,1345.0,2023-04-04
573,1234.0,2021-12-10
574,1074.0,2022-07-20
575,259.0,2022-07-05
576,962.0,2022-03-24
577,1163.0,2021-05-23
578,,2020-05-04
579,1399.0,2022-06-12
580,1911.0,2022-07-06
581,598.0,2021-04-12
582,1269.0,2023-02-06
583,935.0,2020-07-14
584,622.0,2022-08-15
585,191.0,2023-09-26
586,984.0,2024-01-15
587,531.0,2021-02-27
588,,2023-01-21
589,911.0,2022-11-17
590,1660.0,2023-03-24
591,1097.0,2022-10-25
592,1120.0,2020-04-12
593,1777.0,2020-05-17
594,1307.0,2022-02-28
595,,2021-09-16
596,1382.0,2022-01-08
597,469.0,2021-01-03
598,152.0,2020-06-25
599,1236.0,2022-05-01
600,822.0,2023-08-13
601,207.0,2023-10-03
602,1976.0,2023-10-28
603,1055.0,2021-05-06
604,1420.0,2022-05-17
605,1644.0,2023-03-12
606,240.0,2022-03-20
607,1101.0,2022-10-19
608,87.0,2020-08-22
609,1387.0,2023-10-12
610,1508.0,2021-03-13
611,242.0,2020-06-20
612,1380.0,2022-02-05
613,420.0,2020-06-22
614,895.0,2021-03-15
615,1505.0,2021-10-24
616,1953.0,2023-03-23
617,1198.0,2020-06-30
618,1935.0,2023-07-30
619,290.0,2021-09-23
620,817.0,2023-08-08
621,1678.0,2020-01-28
622,866.0,2021-08-11
623,,2021-02-07
624,584.0,2022-11-20
625,891.0,2022-11-20
626,466.0,2023-04-23
627,746.0,2020-11-27
628,1644.0,2021-11-08
629,601.0,2021-10-16
630,936.0,2021-05-04
631,180.0,2020-05-23
632,1930.0,2021-09-14
633,267.0,2020-03-18
634,1528.0,2021-11-02
635,567.0,2023-02-12
636,,2021-07-29
637,122.0,2023-03-21
638,1617.0,2023-04-18
639,450.0,2022-04-05
640,789.0,2021-10-21
641,817.0,2020-11-13
642,1567.0,2022-07-16
643,967.0,2021-09-03
644,230.0,2023-01-04
645,1333.0,2023-10-16
646,1658.0,2020-09-08
647,946.0,2021-05-07
648,1012.0,2022-05-04
649,1457.0,2022-01-27
650,520.0,2022-07-21
651,513.0,2023-08-12
652,462.0,2020-06-14
653,229.0,2022-03-25
654,1126.0,2023-02-20
655,153.0,2023-03-18
656,,2022-08-12
657,117.0,2020-10-07
658,591.0,2021-05-08
659,582.0,2021-04-04
660,847.0,2021-04-27
661,1193.0,2024-01-04
662,503.0,2023-07-06
663,,2020-06-07
664,170.0,2021-09-15
665,722.0,2022-08-18
666,1954.0,2022-01-07
667,314.0,2023-03-12
668,1970.0,2020-11-05
669,503.0,2022-02-19
670,737.0,2022-11-05
671,1975.0,2021-02-16
672,1391.0,2020-01-04
673,1772.0,2022-11-28
674,1149.0,2023-07-25
675,1863.0,2023-06-12
676,,2020-07-11
677,1442.0,2021-01-17
678,1178.0,2022-02-23
679,353.0,2023-07-15
680,1650.0,2021-03-29
681,884.0,2021-08-16
682,1521.0,2020-09-17
683,579.0,2021-08-22
684,928.0,2021-05-14
685,,2020-02-25
686,1039.0,2020-11-14
687,1910.0,2020-12-11
688,1935.0,2020-05-01
689,80.0,2023-09-29
690,247.0,2022-04-24
691,1073.0,2023-01-13
692,1542.0,2023-04-09
693,1067.0,2023-03-24
694,604.0,2023-12-02
695,1384.0,2021-08-07
696,404.0,2020-11-15
697,491.0,2023-02-25
698,269.0,2021-02-27
699,738.0,2023-01-05
700,1458.0,2021-11-19
701,819.0,2023-01-03
702,1777.0,2022-03-16
703,705.0,2022-07-23
704,262.0,2020-08-08
705,554.0,2022-02-05
706,1024.0,2022-11-30
707,212.0,2022-01-03
708,1042.0,2022-03-21
709,788.0,2020-11-09
710,1061.0,2021-12-29
711,1023.0,2023-10-25
712,1241.0,2021-03-18
713,227.0,2023-01-12
714,760.0,2022-06-24
715,524.0,2020-08-17
716,331.0,2021-08-17
717,1898.0,2020-02-13
718,838.0,2021-01-15
719,1790.0,2021-09-14
720,526.0,2021-09-04
721,1252.0,2023-05-30
722,,2024-01-04
723,1614.0,2020-03-05
724,771.0,2022-04-30
725,1486.0,2020-10-10
726,1667.0,2022-12-15
727,730.0,2022-01-04
728,1811.0,2023-02-07
729,1159.0,2022-10-26
730,478.0,2022-05-19
731,801.0,2022-10-07
732,1577.0,2021-01-11
733,702.0,2020-07-29
734,242.0,2023-12-16
735,860.0,2022-05-16
736,1049.0,2021-11-18
737,1539.0,2023-08-15
738,446.0,2020-09-28
739,1175.0,2021-06-08
740,1638.0,2020-09-12
741,174.0,2021-12-08
742,1240.0,2022-02-06
743,547.0,2022-06-16
744,1188.0,2021-04-26
745,327.0,2022-01-06
746,1028.0,2021-03-17
747,1421.0,2022-01-24
748,354.0,2023-09-21
749,725.0,2021-07-04
750,1858.0,2022-03-10
751,653.0,2021-08-14
752,757.0,2021-07-16
753,1254.0,2023-04-19
754,1549.0,2020-03-25
755,438.0,2021-02-11
756,1149.0,2021-03-30
757,1356.0,2023-10-01
758,936.0,2022-08-22
759,1384.0,2022-11-29
760,737.0,2023-10-08
761,1299.0,2020-09-19
762,3.0,2023-07-14
763,1407.0,2023-04-05
764,1369.0,2022-12-21
765,291.0,2023-07-14
766,884.0,2020-02-19
767,1343.0,2023-08-07
768,630.0,2023-07-21
769,548.0,2021-09-21
770,1041.0,2020-05-06
771,1832.0,2023-01-01
772,769.0,2022-08-15
773,611.0,2021-09-09
774,1929.0,2021-03-04
775,614.0,2022-10-29
776,,2024-01-12
777,1986.0,2022-05-15
778,1327.0,2022-07-24
779,1885.0,2021-09-19
780,1513.0,2021-03-12
781,1632.0,2021-10-30
782,1961.0,2020-05-08
783,,2022-05-25
784,,2020-02-29
785,1108.0,2023-07-12
786,178.0,2023-04-03
787,883.0,2020-04-19
788,1681.0,2023-05-24
789,643.0,2021-11-29
790,1691.0,2022-11-14
791,229.0,2022-11-29
792,1023.0,2023-01-12
793,800.0,2023-09-26
794,105.0,2023-03-03
795,743.0,2021-05-18
796,313.0,2020-12-15
797,778.0,2022-04-01
798,372.0,2024-01-30
799,1844.0,2020-06-25
800,1609.0,2022-11-03
801,1801.0,2023-04-29
802,233.0,2023-02-20
803,1557.0,2020-12-20
804,1080.0,2021-03-30
805,1535.0,2023-03-28
806,528.0,2021-12-25
807,1692.0,2024-01-25
808,1506.0,2023-04-13
809,1384.0,2022-03-31
810,1496.0,2022-07-27
811,1137.0,2020-08-06
812,1891.0,2021-07-21
813,1553.0,2020-03-14
814,1989.0,2023-03-25
815,440.0,2021-06-13
816,1300.0,2023-08-04
817,1716.0,2021-11-10
818,843.0,2022-06-14
819,1106.0,2023-03-14
820,1554.0,2023-10-28
821,1476.0,2023-04-14
822,688.0,2020-08-13
823,1464.0,2021-07-16
824,1943.0,2020-12-20
825,1183.0,2020-02-20
826,1534.0,2021-05-25
827,,2020-08-20
828,1256.0,2021-06-20
829,602.0,2020-07-31
830,741.0,2023-01-30
831,775.0,2021-03-02
832,731.0,2022-08-22
833,984.0,2021-10-22
834,496.0,2020-09-17
835,221.0,2022-10-17
836,748.0,2020-04-01
837,458.0,2023-02-05
838,567.0,2021-02-04
839,856.0,2021-12-24
840,1043.0,2021-06-27
841,364.0,2023-06-21
842,695.0,2022-06-10
843,487.0,2023-05-25
844,1742.0,2022-03-09
845,1379.0,2020-07-31
846,539.0,2021-11-10
847,80.0,2020-03-18
848,530.0,2022-11-03
849,1748.0,2021-11-15
850,1116.0,2021-06-08
851,710.0,2023-06-27
852,1580.0,2022-10-02
853,1860.0,2023-07-19
854,1472.0,2020-06-21
855,461.0,2022-06-01
856,1416.0,2020-07-19
857,366.0,2021-12-15
858,1353.0,2024-01-05
859,1363.0,2022-08-07
860,89.0,2021-11-27
861,1094.0,2020-05-19
862,1488.0,2021-05-14
863,1489.0,2022-05-08
864,1891.0,2022-06-13
865,1759.0,2020-08-18
866,1463.0,2022-02-25
867,381.0,2022-11-12
868,1430.0,2022-06-28
869,304.0,2020-04-10
870,1703.0,2022-07-12
871,991.0,2022-04-24
872,1375.0,2020-10-16
873,471.0,2022-06-12
874,472.0,2020-06-25
875,379.0,2022-12-25
876,779.0,2021-11-21
877,1708.0,2023-07-23
878,560.0,2023-03-15
879,1152.0,2022-08-26
880,1093.0,2023-12-29
881,911.0,2021-10-31
882,1869.0,2023-08-17
883,213.0,2023-01-26
884,1134.0,2020-06-12
885,1412.0,2023-06-14
886,1553.0,2024-01-27
887,623.0,2023-10-03
888,1344.0,2021-10-31
889,1000.0,2020-12-11
890,155.0,2021-08-14
891,,2021-05-17
892,466.0,2020-05-03
893,1840.0,2022-05-03
894,608.0,2022-12-09
895,1395.0,2023-06-28
896,114.0,2023-11-20
897,1554.0,2023-10-12
898,1885.0,2023-06-01
899,1841.0,2021-03-27
900,1172.0,2023-09-15
901,993.0,2020-05-19
902,202.0,2023-05-23
903,1815.0,2021-01-26
904,1388.0,2021-07-19
905,889.0,2023-12-28
906,463.0,2020-11-17
907,81.0,2020-05-10
908,907.0,2022-11-09
909,,2020-05-22
910,582.0,2021-03-03
911,1434.0,2021-05-11
912,9.0,2022-03-19
913,137.0,2023-10-14
914,201.0,2020-09-23
915,1371.0,2022-05-24
916,228.0,2022-09-06
917,1132.0,2023-10-10
918,1536.0,2020-03-19
919,1727.0,2023-10-30
920,598.0,2023-02-20
921,1027.0,2022-05-19
922,582.0,2021-02-12
923,1617.0,2023-12-23
924,,2021-11-15
925,560.0,2020-12-28
926,1981.0,2023-10-19
927,1934.0,2021-10-20
928,1115.0,2021-12-12
929,357.0,2022-07-27
930,1914.0,2022-02-09
931,667.0,2022-08-28
932,,2021-05-19
933,738.0,2021-02-19
934,1163.0,2020-02-12
935,793.0,2020-06-19
936,1945.0,2022-02-28
937,415.0,2022-05-04
938,749.0,2020-12-19
939,927.0,2020-03-02
940,675.0,2020-01-20
941,984.0,2020-12-04
942,1781.0,2020-12-04
943,823.0,2021-11-13
944,1403.0,2022-09-08
945,1112.0,2021-06-13
946,204.0,2022-10-09
947,1898.0,2023-06-10
948,926.0,2020-07-06
949,1393.0,2022-01-06
950,1163.0,2021-03-26
951,199.0,2021-07-10
952,905.0,2023-06-29
953,1429.0,2023-08-17
954,1208.0,2022-02-05
955,923.0,2023-05-26
956,188.0,2021-01-17
957,1607.0,2022-11-05
958,,2023-05-10
959,1796.0,2020-11-25
960,792.0,2020-10-24
961,1014.0,2022-01-03
962,123.0,2020-02-19
963,1006.0,2022-02-28
964,1043.0,2021-03-20
965,187.0,2023-11-10
966,891.0,2022-08-13
967,41.0,2022-02-14
968,1037.0,2023-12-06
969,1658.0,2020-11-19
970,486.0,2023-03-12
971,290.0,2020-08-16
972,1622.0,2020-12-22
973,1981.0,2020-09-05
974,187.0,2020-03-25
975,720.0,2023-11-14
976,304.0,2021-08-14
977,1085.0,2023-08-09
978,926.0,2022-04-25
979,1563.0,2022-11-10
980,1577.0,2021-10-29
981,817.0,2023-05-25
982,550.0,2021-09-19
983,372.0,2023-01-15
984,154.0,2022-04-15
985,267.0,2023-03-23
986,143.0,2021-03-28
987,196.0,2020-09-24
988,1546.0,2022-01-19
989,1050.0,2020-07-20
990,207.0,2020-05-06
991,1455.0,2020-02-29
992,1035.0,2021-12-16
993,1052.0,2022-11-14
994,1440.0,2023-06-17
995,,2021-07-06
996,1727.0,2022-10-11
997,273.0,2021-01-15
998,1963.0,2022-11-18
999,489.0,2023-07-03
1000,1044.0,2022-07-30
1001,211.0,2020-10-30
1002,1013.0,2021-03-11
1003,91.0,2023-04-27
1004,1730.0,2023-04-29
1005,537.0,2021-01-22
1006,772.0,2022-04-03
1007,209.0,2022-05-28
1008,697.0,2022-08-16
1009,1531.0,2022-12-25
1010,1131.0,2023-01-22
1011,95.0,2022-04-14
1012,1199.0,2020-03-21
1013,1898.0,2021-08-28
1014,27.0,2023-03-04
1015,352.0,2022-12-17
1016,1502.0,2022-01-09
1017,107.0,2021-05-23
1018,1208.0,2023-10-21
1019,1617.0,2021-12-18
1020,1777.0,2021-01-14
1021,57.0,2020-10-12
1022,28.0,2021-05-29
1023,1865.0,2021-12-14
1024,1365.0,2020-01-14
1025,836.0,2021-10-19
1026,251.0,2023-09-19
1027,1356.0,2021-03-06
1028,1685.0,2021-10-01
1029,1159.0,2023-03-02
1030,436.0,2020-09-26
1031,464.0,2020-08-29
1032,1302.0,2022-10-03
1033,955.0,2023-05-16
1034,1060.0,2023-10-11
1035,909.0,2020-11-10
1036,1414.0,2022-01-04
1037,623.0,2021-02-01
1038,483.0,2021-09-12
1039,753.0,2020-06-23
1040,110.0,2021-07-10
1041,384.0,2021-04-14
1042,821.0,2021-06-13
1043,1313.0,2021-08-29
1044,892.0,2020-03-28
1045,795.0,2020-12-31
1046,1821.0,2021-10-09
1047,331.0,2020-10-07
1048,686.0,2021-05-26
1049,1622.0,2021-06-16
1050,1211.0,2020-08-04
1051,1068.0,2023-02-03
1052,1931.0,2021-01-16
1053,,2021-04-05
1054,1557.0,2020-04-17
1055,831.0,2023-01-29
1056,487.0,2020-11-02
1057,1568.0,2022-09-27
1058,1261.0,2020-08-31
1059,774.0,2020-10-12
1060,996.0,2020-07-17
1061,1450.0,2022-08-10
1062,116.0,2020-02-01
1063,1490.0,2020-01-21
1064,1463.0,2021-07-16
1065,1647.0,2020-04-17
1066,729.0,2024-01-21
1067,1883.0,2023-03-29
1068,1396.0,2021-12-01
1069,1026.0,2020-03-01
1070,1199.0,2023-02-10
1071,945.0,2020-11-01
1072,944.0,2021-07-23
1073,1636.0,2022-10-12
1074,1016.0,2020-08-31
1075,1059.0,2023-02-02
1076,1989.0,2023-08-10
1077,261.0,2022-09-30
1078,1498.0,2022-07-24
1079,1987.0,2021-02-08
1080,1264.0,2021-03-12
1081,1015.0,2022-02-24
1082,309.0,2022-02-12
1083,1648.0,2022-09-16
1084,1793.0,2020-04-12
1085,1552.0,2022-01-12
1086,1230.0,2022-08-12
1087,287.0,2022-07-18
1088,482.0,2020-05-16
1089,203.0,2023-03-25
1090,519.0,2024-01-18
1091,307.0,2022-07-31
1092,1913.0,2021-04-23
1093,1867.0,2020-11-03
1094,471.0,2021-08-17
1095,1220.0,2022-09-13
1096,551.0,2020-02-26
1097,1068.0,2022-06-06
1098,,2024-02-07
1099,1153.0,2022-08-10
1100,1951.0,2021-09-23
1101,1188.0,2020-03-29
1102,168.0,2020-10-20
1103,1114.0,2021-02-01
1104,998.0,2020-07-19
1105,1771.0,2023-01-02
1106,1165.0,2020-10-24
1107,204.0,2021-03-23
1108,493.0,2020-09-07
1109,1955.0,2023-05-21
1110,1072.0,2022-02-12
1111,916.0,2022-07-31
1112,566.0,2021-11-19
1113,1375.0,2022-05-02
1114,139.0,2021-07-24
1115,1442.0,2022-04-09
1116,893.0,2020-06-27
1117,1735.0,2021-11-18
1118,1845.0,2021-10-07
1119,,2023-10-12
1120,1558.0,2023-03-29
1121,1478.0,2023-09-26
1122,101.0,2023-06-09
1123,367.0,2021-01-26
1124,1507.0,2020-07-18
1125,728.0,2020-10-21
1126,1241.0,2023-07-24
1127,57.0,2022-03-11
1128,316.0,2023-09-16
1129,1195.0,2021-08-16
1130,1000.0,2020-10-30
1131,556.0,2023-04-27
1132,,2024-01-18
1133,292.0,2022-11-08
1134,137.0,2020-12-05
1135,1111.0,2021-09-03
1136,963.0,2024-01-10
1137,807.0,2021-07-10
1138,563.0,2021-03-26
1139,1595.0,2022-08-12
1140,477.0,2020-11-12
1141,1215.0,2020-02-15
1142,840.0,2021-02-21
1143,497.0,2023-01-16
1144,528.0,2021-07-08
1145,1012.0,2020-06-27
1146,488.0,2022-01-10
1147,1713.0,2020-11-09
1148,749.0,2022-09-08
1149,1101.0,2023-11-20
1150,1345.0,2022-11-05
1151,1986.0,2020-04-09
1152,120.0,2023-11-09
1153,1990.0,2022-12-09
1154,1084.0,2022-10-30
1155,540.0,2022-06-30
1156,803.0,2020-06-21
1157,1476.0,2024-01-03
1158,1199.0,2021-05-24
1159,1527.0,2020-01-26
1160,1624.0,2021-08-15
1161,1973.0,2020-03-28
1162,1100.0,2023-01-06
1163,407.0,2021-04-07
1164,701.0,2023-10-14
1165,1720.0,2022-05-06
1166,1937.0,2020-11-15
1167,67.0,2023-08-03
1168,1559.0,2021-03-18
1169,1455.0,2022-02-19
1170,1413.0,2023-07-15
1171,1059.0,2022-01-19
1172,1325.0,2021-12-26
1173,241.0,2022-07-01
1174,1710.0,2020-03-23
1175,1375.0,2021-01-12
1176,770.0,2023-12-11
1177,205.0,2022-04-26
1178,689.0,2022-09-27
1179,1475.0,2020-02-29
1180,1922.0,2022-06-29
1181,481.0,2023-10-06
1182,525.0,2023-01-30
1183,1477.0,2020-11-14
1184,1179.0,2023-01-25
1185,543.0,2021-09-14
1186,620.0,2022-04-30
1187,1688.0,2020-03-28
1188,170.0,2022-09-12
1189,1032.0,2020-10-09
1190,1296.0,2023-07-06
1191,1319.0,2023-08-29
1192,1850.0,2022-05-30
1193,1744.0,2020-01-03
1194,1446.0,2021-08-31
1195,1419.0,2021-03-27
1196,342.0,2022-05-15
1197,1899.0,2022-02-03
1198,1269.0,2021-08-11
1199,626.0,2020-01-14
1200,1199.0,2022-06-28
1201,1962.0,2020-04-10
1202,556.0,2023-06-05
1203,1988.0,2023-07-27
1204,1722.0,2020-02-18
1205,779.0,2023-10-06
1206,1173.0,2021-05-18
1207,1156.0,2021-02-12
1208,943.0,2022-10-12
1209,1878.0,2023-12-06
1210,1399.0,2023-10-14
1211,1444.0,2023-06-06
1212,1460.0,2022-02-25
1213,1764.0,2023-05-22
1214,1533.0,2020-05-05
1215,167.0,2023-10-23
1216,1647.0,2023-04-29
1217,747.0,2022-07-13
1218,1595.0,2023-01-03
1219,1140.0,2020-04-23
1220,925.0,2021-01-08
1221,548.0,2021-04-23
1222,915.0,2020-04-19
1223,213.0,2023-04-16
1224,1057.0,2022-06-27
1225,,2021-05-25
1226,1433.0,2022-08-03
1227,1884.0,2021-03-25
1228,4.0,2021-05-03
1229,1536.0,2020-06-22
1230,1413.0,2024-01-30
1231,109.0,2021-08-11
1232,215.0,2022-01-23
1233,1534.0,2020-10-07
1234,69.0,2022-01-28
1235,1965.0,2020-07-16
1236,468.0,2021-05-23
1237,1976.0,2022-12-13
1238,216.0,2023-10-27
1239,388.0,2020-01-15
1240,1162.0,2020-04-15
1241,558.0,2024-01-30
1242,753.0,2021-11-12
1243,1285.0,2021-08-08
1244,1674.0,2020-09-01
1245,698.0,2021-08-20
1246,830.0,2020-09-07
1247,74.0,2024-01-08
1248,95.0,2020-05-12
1249,688.0,2020-06-09
1250,472.0,2022-02-18
1251,218.0,2021-08-24
1252,1889.0,2023-11-06
1253,1150.0,2021-06-28
1254,675.0,2020-09-24
1255,500.0,2022-10-07
1256,1260.0,2023-04-28
1257,213.0,2020-09-03
1258,1599.0,2020-05-27
1259,988.0,2023-11-09
1260,1212.0,2020-05-15
1261,1177.0,2023-09-09
1262,922.0,2023-03-15
1263,1052.0,2024-02-05
1264,56.0,2023-07-27
1265,28.0,2021-07-30
1266,1296.0,2021-03-19
1267,1542.0,2020-02-05
1268,1899.0,2022-07-17
1269,1556.0,2020-10-13
1270,1594.0,2020-10-03
1271,92.0,2022-01-07
1272,71.0,2022-07-25
1273,1886.0,2021-04-30
1274,56.0,2021-09-16
1275,597.0,2021-10-31
1276,968.0,2021-03-19
1277,1868.0,2022-03-01
1278,1999.0,2021-10-03
1279,1859.0,2021-02-19
1280,1825.0,2021-09-28
1281,293.0,2020-04-20
1282,1180.0,2023-01-07
1283,1448.0,2021-02-17
1284,,2023-07-24
1285,879.0,2020-03-05
1286,258.0,2023-07-15
1287,184.0,2021-03-17
1288,481.0,2021-03-13
1289,1493.0,2022-08-09
1290,1906.0,2024-01-03
1291,442.0,2022-02-25
1292,1463.0,2022-02-22
1293,1453.0,2023-08-15
1294,1239.0,2022-02-18
1295,584.0,2020-04-12
1296,380.0,2023-03-12
1297,184.0,2022-01-08
1298,1147.0,2020-10-02
1299,764.0,2020-04-26
1300,24.0,2020-03-04
1301,1041.0,2020-04-04
1302,687.0,2022-02-26
1303,697.0,2023-10-03
1304,1844.0,2021-08-19
1305,1604.0,2023-12-04
1306,764.0,2020-11-08
1307,508.0,2022-08-18
1308,1269.0,2020-11-19
1309,725.0,2023-03-08
1310,972.0,2021-07-05
1311,1420.0,2020-11-25
1312,851.0,2021-03-29
1313,394.0,2021-04-11
1314,963.0,2020-07-22
1315,,2021-07-26
1316,518.0,2022-08-01
1317,1153.0,2022-09-20
1318,1930.0,2023-12-22
1319,,2022-10-18
1320,359.0,2023-08-25
1321,327.0,2020-05-19
1322,335.0,2022-01-16
1323,38.0,2022-02-07
1324,1384.0,2021-06-09
1325,290.0,2023-04-30
1326,1643.0,2023-11-08
1327,1112.0,2021-08-13
1328,554.0,2022-12-22
1329,805.0,2020-04-29
1330,1075.0,2023-06-14
1331,1300.0,2022-06-02
1332,638.0,2020-09-25
1333,,2022-07-18
1334,16.0,2020-01-17
1335,971.0,2022-07-03
1336,1787.0,2020-03-10
1337,909.0,2022-04-26
1338,1845.0,2022-04-01
1339,855.0,2020-06-30
1340,,2022-02-28
1341,1927.0,2020-05-30
1342,3.0,2020-09-27
1343,1451.0,2020-06-02
1344,1334.0,2023-03-06
1345,1031.0,2022-12-10
1346,1125.0,2022-09-23
1347,1378.0,2020-04-07
1348,731.0,2022-11-22
1349,1157.0,2021-10-15
1350,516.0,2020-02-09
1351,506.0,2022-08-17
1352,785.0,2023-10-20
1353,,2022-09-14
1354,871.0,2021-07-28
1355,750.0,2022-09-16
1356,181.0,2022-03-17
1357,725.0,2021-11-03
1358,3.0,2021-03-13
1359,109.0,2022-12-26
1360,1572.0,2023-12-01
1361,1614.0,2022-12-22
1362,22.0,2023-06-12
1363,520.0,2023-02-26
1364,1509.0,2021-06-01
1365,179.0,2023-02-26
1366,27.0,2020-11-27
1367,1759.0,2023-10-14
1368,1991.0,2024-01-13
1369,114.0,2023-12-18
1370,1617.0,2023-05-01
1371,1198.0,2022-12-02
1372,846.0,2021-05-16
1373,1994.0,2021-08-31
1374,1310.0,2020-05-18
1375,1928.0,2022-07-20
1376,479.0,2020-01-06
1377,206.0,2020-10-30
1378,,2022-05-10
1379,1653.0,2022-11-06
1380,32.0,2022-07-02
1381,1309.0,2021-01-18
1382,140.0,2020-08-02
1383,1671.0,2020-08-23
1384,1747.0,2023-06-25
1385,1851.0,2020-09-10
1386,1104.0,2023-02-17
1387,1261.0,2021-07-19
1388,1882.0,2021-12-21
1389,1251.0,2023-09-17
1390,1714.0,2020-09-24
1391,1866.0,2023-09-05
1392,725.0,2023-03-06
1393,177.0,2022-12-07
1394,1799.0,2022-02-22
1395,416.0,2023-09-16
1396,209.0,2020-03-10
1397,963.0,2022-11-28
1398,342.0,2023-06-08
1399,1687.0,2021-12-14
1400,434.0,2021-03-26
1401,534.0,2022-08-31
1402,1254.0,2021-05-18
1403,1367.0,2021-05-28
1404,1834.0,2021-12-27
1405,102.0,2021-09-29
1406,191.0,2020-01-01
1407,355.0,2022-11-05
1408,1739.0,2021-07-17
1409,35.0,2021-11-11
1410,531.0,2024-01-22
1411,433.0,2023-02-23
1412,1858.0,2020-06-11
1413,61.0,2022-05-22
1414,,2022-07-05
1415,655.0,2023-10-03
1416,790.0,2022-08-15
1417,1297.0,2023-12-05
1418,1344.0,2020-10-13
1419,1261.0,2021-12-24
1420,968.0,2021-07-26
1421,1384.0,2023-02-14
1422,1260.0,2023-12-06
1423,408.0,2021-03-24
1424,337.0,2020-08-30
1425,250.0,2020-01-11
1426,1804.0,2021-02-07
1427,582.0,2023-02-23
1428,954.0,2022-03-20
1429,1579.0,2020-07-30
1430,1483.0,2022-03-06
1431,1945.0,2022-05-31
1432,75.0,2022-07-02
1433,5.0,2023-03-23
1434,176.0,2023-11-04
1435,80.0,2023-07-07
1436,794.0,2020-02-10
1437,733.0,2023-08-20
1438,334.0,2022-03-28
1439,900.0,2022-03-30
1440,1498.0,2023-05-02
1441,1673.0,2021-01-18
1442,1356.0,2022-02-10
1443,1648.0,2023-09-14
1444,110.0,2020-08-06
1445,570.0,2022-09-04
1446,746.0,2022-01-30
1447,1488.0,2023-08-04
1448,1905.0,2020-08-29
1449,367.0,2021-10-27
1450,1605.0,2021-05-03
1451,,2023-08-17
1452,1605.0,2022-10-13
1453,471.0,2020-08-03
1454,162.0,2023-03-21
1455,,2022-05-01
1456,1020.0,2023-03-29
1457,712.0,2022-10-19
1458,525.0,2021-03-29
1459,1696.0,2021-02-22
1460,833.0,2022-02-05
1461,1712.0,2023-06-01
1462,1022.0,2023-04-20
1463,565.0,2023-01-01
1464,443.0,2021-01-09
1465,1396.0,2021-01-16
1466,1079.0,2021-07-19
1467,,2023-03-04
1468,1420.0,2022-08-15
1469,1978.0,2023-02-09
1470,1338.0,2023-01-17
1471,,2022-11-01
1472,4.0,2022-11-10
1473,1706.0,2022-02-19
1474,1751.0,2022-02-10
1475,1521.0,2020-06-28
1476,1577.0,2023-07-30
1477,772.0,2023-07-02
1478,1805.0,2020-05-27
1479,1608.0,2021-11-28
1480,1859.0,2023-02-15
1481,59.0,2021-01-12
1482,999.0,2023-10-22
1483,1434.0,2023-10-03
1484,775.0,2021-05-23
1485,1470.0,2022-01-28
1486,406.0,2020-12-10
1487,244.0,2020-09-22
1488,986.0,2020-05-02
1489,1854.0,2022-05-25
1490,1002.0,2022-02-20
1491,335.0,2022-07-17
1492,1812.0,2020-08-16
1493,403.0,2021-07-30
1494,331.0,2021-04-29
1495,818.0,2022-02-28
1496,1468.0,2021-05-21
1497,943.0,2021-05-11
1498,1172.0,2022-08-26
1499,694.0,2022-09-11
1500,,2021-04-21
1501,1913.0,2021-05-01
1502,,2022-10-01
1503,632.0,2023-02-06
1504,802.0,2023-03-26
1505,1526.0,2020-01-27
1506,335.0,2023-08-21
1507,1295.0,2022-08-03
1508,1983.0,2022-12-03
1509,252.0,2020-02-16
1510,1940.0,2020-08-30
1511,842.0,2022-01-18
1512,515.0,2020-07-16
1513,242.0,2022-12-18
1514,356.0,2020-03-28
1515,1220.0,2020-04-17
1516,1156.0,2020-09-15
1517,288.0,2023-10-29
1518,1117.0,2020-02-09
1519,1180.0,2021-11-22
1520,985.0,2021-03-10
1521,613.0,2020-03-29
1522,1508.0,2022-05-29
1523,347.0,2023-11-06
1524,494.0,2021-04-06
1525,864.0,2021-11-11
1526,871.0,2020-07-16
1527,531.0,2021-06-06
1528,1719.0,2021-06-24
1529,19.0,2021-09-24
1530,749.0,2021-01-02
1531,999.0,2020-03-29
1532,1593.0,2023-09-15
1533,1076.0,2020-08-08
1534,987.0,2022-08-29
1535,1686.0,2021-03-11
1536,1762.0,2020-02-14
1537,889.0,2020-03-31
1538,580.0,2020-05-25
1539,391.0,2022-04-28
1540,427.0,2021-08-12
1541,825.0,2021-04-13
1542,388.0,2022-04-04
1543,1827.0,2021-03-20
1544,1704.0,2020-11-29
1545,,2023-03-02
1546,1917.0,2022-07-01
1547,1822.0,2023-07-02
1548,155.0,2023-10-17
1549,1076.0,2023-08-05
1550,,2021-05-08
1551,1971.0,2021-02-19
1552,899.0,2020-05-08
1553,1267.0,2022-07-21
1554,1400.0,2023-08-15
1555,609.0,2020-02-19
1556,1672.0,2020-03-24
1557,618.0,2020-08-15
1558,81.0,2022-10-24
1559,438.0,2023-10-27
1560,1509.0,2021-03-06
1561,695.0,2021-10-29
1562,1809.0,2023-05-13
1563,1432.0,2020-12-06
1564,55.0,2020-03-09
1565,135.0,2022-05-10
1566,1699.0,2022-06-22
1567,687.0,2023-04-01
1568,466.0,2022-10-06
1569,1936.0,2021-06-30
1570,1383.0,2022-02-27
1571,1961.0,2022-08-11
1572,1933.0,2021-10-04
1573,,2021-06-23
1574,,2021-04-25
1575,748.0,2020-04-19
1576,63.0,2022-03-27
1577,1944.0,2023-06-15
1578,841.0,2023-12-18
1579,1811.0,2024-01-31
1580,73.0,2020-11-24
1581,48.0,2021-02-23
1582,1138.0,2023-01-13
1583,728.0,2020-05-15
1584,1091.0,2023-03-17
1585,647.0,2022-12-10
1586,1382.0,2023-07-18
1587,155.0,2021-12-07
1588,852.0,2021-08-22
1589,1042.0,2020-07-10
1590,580.0,2023-09-24
1591,180.0,2020-12-21
1592,1640.0,2021-10-09
1593,983.0,2021-06-05
1594,1942.0,2022-03-08
1595,621.0,2021-01-17
1596,530.0,2021-02-02
1597,686.0,2020-12-08
1598,,2022-07-14
1599,1965.0,2024-01-17
1600,1578.0,2022-09-18
1601,954.0,2021-06-23
1602,1509.0,2021-01-28
1603,1561.0,2020-11-03
1604,1716.0,2022-11-03
1605,541.0,2021-06-18
1606,1674.0,2020-04-12
1607,530.0,2020-04-06
1608,1988.0,2023-09-16
1609,408.0,2023-10-25
1610,1438.0,2023-07-06
1611,1882.0,2023-11-15
1612,1829.0,2022-06-06
1613,367.0,2021-05-27
1614,1496.0,2022-06-25
1615,711.0,2022-04-28
1616,371.0,2024-01-19
1617,49.0,2020-09-07
1618,325.0,2022-04-17
1619,1421.0,2020-10-20
1620,1133.0,2023-09-02
1621,1138.0,2021-02-19
1622,1072.0,2021-02-17
1623,1242.0,2023-04-03
1624,,2020-06-07
1625,1132.0,2022-07-15
1626,226.0,2023-12-09
1627,1263.0,2023-03-17
1628,1506.0,2021-07-21
1629,1501.0,2021-11-21
1630,455.0,2021-09-15
1631,854.0,2020-04-25
1632,1377.0,2021-09-03
1633,1179.0,2021-08-26
1634,934.0,2023-08-31
1635,300.0,2021-07-20
1636,1619.0,2022-03-18
1637,1524.0,2022-02-04
1638,405.0,2023-11-21
1639,1249.0,2020-09-09
1640,769.0,2023-11-21
1641,1753.0,2022-03-31
1642,435.0,2023-10-10
1643,1939.0,2023-11-17
1644,1809.0,2022-08-27
1645,506.0,2020-11-08
1646,1091.0,2022-11-01
1647,431.0,2021-03-26
1648,399.0,2022-06-14
1649,1768.0,2021-08-31
1650,1767.0,2021-12-18
1651,701.0,2021-02-04
1652,937.0,2023-02-21
1653,952.0,2020-01-19
1654,477.0,2022-12-20
1655,1599.0,2020-01-06
1656,1052.0,2022-10-01
1657,1797.0,2024-02-01
1658,503.0,2021-10-21
1659,,2023-03-05
1660,1999.0,2024-01-26
1661,290.0,2020-08-15
1662,275.0,2023-04-10
1663,1845.0,2022-07-13
1664,,2022-05-16
1665,16.0,2021-05-06
1666,1533.0,2022-12-04
1667,1956.0,2023-02-27
1668,288.0,2023-04-18
1669,674.0,2023-03-03
1670,503.0,2020-05-31
1671,,2020-05-31
1672,334.0,2020-08-21
1673,442.0,2020-02-16
1674,125.0,2021-01-19
1675,1017.0,2023-06-10
1676,1449.0,2022-03-10
1677,961.0,2020-01-22
1678,978.0,2020-06-24
1679,172.0,2023-01-18
1680,531.0,2022-06-16
1681,30.0,2021-09-05
1682,1353.0,2023-04-11
1683,648.0,2020-07-25
1684,1076.0,2022-07-17
1685,1316.0,2023-09-30
1686,757.0,2021-03-04
1687,1550.0,2020-08-31
1688,1243.0,2020-02-19
1689,127.0,2021-12-13
1690,234.0,2022-02-10
1691,1346.0,2020-07-17
1692,490.0,2022-01-05
1693,159.0,2021-01-26
1694,107.0,2023-02-11
1695,1836.0,2023-10-21
1696,706.0,2020-01-13
1697,881.0,2023-10-31
1698,770.0,2022-12-03
1699,1131.0,2021-06-09
1700,1533.0,2021-11-24
1701,1921.0,2023-10-31
1702,1840.0,2020-12-10
1703,1073.0,2023-03-10
1704,1603.0,2023-06-06
1705,1391.0,2022-03-24
1706,1297.0,2023-10-11
1707,1247.0,2020-11-11
1708,,2023-08-10
1709,1775.0,2023-10-28
1710,1356.0,2020-08-16
1711,1121.0,2022-11-23
1712,86.0,2021-05-16
1713,1546.0,2020-06-11
1714,1956.0,2021-05-02
1715,1524.0,2020-02-06
1716,761.0,2020-12-19
1717,1451.0,2022-11-15
1718,26.0,2021-10-14
1719,1654.0,2022-02-01
1720,537.0,2020-11-12
1721,337.0,2023-12-12
1722,1279.0,2021-10-16
1723,1984.0,2023-10-06
1724,1740.0,2022-07-01
1725,1004.0,2020-06-20
1726,1654.0,2020-03-31
1727,142.0,2023-03-10
1728,96.0,2022-02-08
1729,200.0,2020-09-06
1730,1892.0,2023-02-25
1731,1023.0,2023-06-02
1732,415.0,2023-05-24
1733,231.0,2021-10-16
1734,1562.0,2020-10-25
1735,921.0,2020-12-19
1736,1829.0,2024-01-24
1737,99.0,2023-07-23
1738,1292.0,2022-11-23
1739,676.0,2020-07-28
1740,1791.0,2020-04-23
1741,1039.0,2023-03-09
1742,361.0,2020-03-13
1743,1630.0,2023-03-30
1744,1079.0,2023-08-31
1745,626.0,2023-10-01
1746,1734.0,2020-06-13
1747,161.0,2023-06-16
1748,1570.0,2020-04-23
1749,1259.0,2020-01-19
1750,1013.0,2021-04-05
1751,1359.0,2020-09-15
1752,1580.0,2022-10-17
1753,984.0,2021-09-30
1754,1816.0,2020-06-23
1755,1747.0,2022-01-16
1756,45.0,2021-10-28
1757,915.0,2020-08-06
1758,1150.0,2020-12-05
1759,231.0,2023-08-10
1760,381.0,2022-04-13
1761,958.0,2022-01-04
1762,1527.0,2022-11-15
1763,1975.0,2022-08-07
1764,537.0,2021-06-17
1765,495.0,2022-11-23
1766,963.0,2023-03-22
1767,743.0,2022-05-29
1768,1373.0,2023-02-15
1769,1684.0,2021-02-02
1770,1955.0,2021-09-27
1771,1031.0,2020-04-25
1772,770.0,2023-09-19
1773,,2023-10-27
1774,136.0,2023-06-18
1775,211.0,2023-10-25
1776,1476.0,2021-12-09
1777,10.0,2020-04-08
1778,135.0,2023-01-09
1779,161.0,2021-10-09
1780,484.0,2022-05-16
1781,610.0,2022-09-16
1782,1416.0,2021-03-18
1783,137.0,2022-04-02
1784,13.0,2021-09-09
1785,1830.0,2021-04-02
1786,1126.0,2020-02-07
1787,181.0,2020-02-29
1788,1002.0,2021-03-24
1789,1387.0,2023-10-02
1790,1199.0,2020-04-29
1791,949.0,2023-07-20
1792,1077.0,2023-12-15
1793,657.0,2020-01-28
1794,444.0,2022-04-03
1795,1214.0,2020-04-29
1796,8.0,2020-07-02
1797,1622.0,2020-11-13
1798,78.0,2020-10-05
1799,1305.0,2020-10-03
1800,1041.0,2023-12-30
1801,1383.0,2022-08-12
1802,289.0,2020-01-18
1803,316.0,2022-09-05
1804,1598.0,2021-08-26
1805,949.0,2023-11-18
1806,1394.0,2023-05-14
1807,747.0,2021-10-10
1808,1091.0,2023-03-13
1809,1915.0,2022-02-24
1810,1431.0,2020-03-23
1811,1925.0,2023-02-27
1812,1689.0,2020-06-14
1813,1887.0,2022-05-24
1814,615.0,2022-02-21
1815,311.0,2020-06-24
1816,388.0,2023-11-04
1817,1001.0,2023-07-16
1818,868.0,2022-12-09
1819,1616.0,2023-07-19
1820,,2022-11-10
1821,1853.0,2021-08-19
1822,,2023-05-01
1823,1673.0,2023-10-04
1824,957.0,2022-12-03
1825,1631.0,2022-10-25
1826,194.0,2022-11-22
1827,1757.0,2020-01-16
1828,680.0,2021-11-17
1829,,2023-08-26
1830,706.0,2020-04-08
1831,96.0,2022-01-10
1832,66.0,2020-07-25
1833,1238.0,2023-06-27
1834,1443.0,2022-10-27
1835,1480.0,2021-03-28
1836,39.0,2022-06-28
1837,339.0,2020-10-25
1838,512.0,2020-07-20
1839,52.0,2023-02-17
1840,427.0,2021-08-01
1841,1345.0,2024-01-22
1842,,2020-04-27
1843,1195.0,2020-08-08
1844,1711.0,2020-11-02
1845,1990.0,2023-04-09
1846,614.0,2020-06-15
1847,1432.0,2021-12-11
1848,57.0,2022-06-25
1849,1189.0,2022-10-23
1850,322.0,2021-09-19
1851,1707.0,2022-10-21
1852,1643.0,2022-12-25
1853,1638.0,2022-05-17
1854,1696.0,2023-10-06
1855,667.0,2020-09-24
1856,817.0,2023-05-03
1857,334.0,2023-09-15
1858,1039.0,2023-03-18
1859,386.0,2024-02-02
1860,1956.0,2022-04-16
1861,128.0,2022-12-06
1862,1437.0,2022-07-13
1863,635.0,2022-10-23
1864,126.0,2020-02-28
1865,1738.0,2020-11-10
1866,324.0,2021-10-28
1867,,2023-04-09
1868,1614.0,2022-07-31
1869,51.0,2022-01-29
1870,1106.0,2023-11-05
1871,1809.0,2020-06-12
1872,1478.0,2021-09-13
1873,12.0,2022-02-13
1874,1313.0,2023-04-04
1875,512.0,2022-10-05
1876,77.0,2021-07-17
1877,930.0,2022-01-14
1878,825.0,2020-09-26
1879,116.0,2021-09-02
1880,963.0,2020-03-01
1881,1388.0,2022-09-11
1882,1911.0,2021-07-21
1883,1463.0,2020-02-15
1884,108.0,2020-05-18
1885,959.0,2021-11-17
1886,1247.0,2020-01-16
1887,244.0,2023-05-26
1888,291.0,2021-08-22
1889,1190.0,2022-04-06
1890,999.0,2022-07-28
1891,1809.0,2020-08-30
1892,811.0,2022-04-27
1893,1382.0,2021-07-29
1894,937.0,2020-05-27
1895,1364.0,2022-09-14
1896,1177.0,2023-12-03
1897,897.0,2024-01-03
1898,957.0,2020-05-08
1899,726.0,2022-06-05
1900,526.0,2022-10-22
1901,310.0,2022-02-15
1902,1723.0,2021-11-17
1903,84.0,2022-06-12
1904,1580.0,2020-11-25
1905,141.0,2022-06-19
1906,1397.0,2023-02-17
1907,806.0,2022-02-07
1908,209.0,2020-08-10
1909,1445.0,2023-12-04
1910,1138.0,2021-01-19
1911,1930.0,2020-01-03
1912,1048.0,2020-06-18
1913,1874.0,2022-07-24
1914,1901.0,2022-07-25
1915,334.0,2023-11-09
1916,580.0,2021-07-10
1917,713.0,2020-06-08
1918,1401.0,2020-11-02
1919,546.0,2021-12-16
1920,600.0,2020-05-07
1921,388.0,2022-08-10
1922,988.0,2020-03-06
1923,,2021-11-27
1924,698.0,2020-07-20
1925,1045.0,2020-08-07
1926,1047.0,2021-01-27
1927,1719.0,2023-04-30
1928,1185.0,2022-08-25
1929,1931.0,2022-11-03
1930,100.0,2022-04-21
1931,775.0,2022-12-19
1932,,2021-10-09
1933,1320.0,2022-03-10
1934,819.0,2023-12-14
1935,285.0,2022-02-08
1936,806.0,2021-01-13
1937,793.0,2022-11-17
1938,835.0,2023-10-22
1939,758.0,2020-12-08
1940,1249.0,2020-01-20
1941,1168.0,2023-08-14
1942,1721.0,2020-01-24
1943,267.0,2021-08-10
1944,1287.0,2023-12-28
1945,755.0,2023-04-02
1946,1188.0,2021-02-25
1947,980.0,2023-01-03
1948,1790.0,2022-08-21
1949,104.0,2022-04-03
1950,1156.0,2022-02-02
1951,809.0,2023-09-17
1952,913.0,2023-12-03
1953,1121.0,2023-05-26
1954,874.0,2020-07-06
1955,986.0,2021-03-26
1956,1822.0,2023-03-04
1957,1348.0,2021-04-06
1958,371.0,2023-07-23
1959,674.0,2020-01-24
1960,795.0,2022-07-24
1961,826.0,2021-03-03
1962,719.0,2020-11-08
1963,402.0,2022-06-01
1964,1814.0,2022-02-08
1965,624.0,2022-04-20
1966,22.0,2022-03-16
1967,1086.0,2020-04-27
1968,614.0,2023-06-08
1969,628.0,2021-10-09
1970,1227.0,2023-01-06
1971,1027.0,2022-03-23
1972,1743.0,2020-06-14
1973,1136.0,2023-09-07
1974,464.0,2023-03-17
1975,1279.0,2023-03-10
1976,168.0,2020-02-04
1977,406.0,2021-04-01
1978,29.0,2020-01-10
1979,953.0,2022-11-11
1980,675.0,2022-11-23
1981,537.0,2022-09-07
1982,201.0,2021-10-04
1983,830.0,2023-01-27
1984,1917.0,2022-12-02
1985,1540.0,2020-05-27
1986,44.0,2023-05-24
1987,457.0,2022-01-01
1988,1714.0,2020-12-06
1989,825.0,2021-04-07
1990,,2023-05-13
1991,1308.0,2023-09-18
1992,1505.0,2022-08-12
1993,105.0,2021-10-26
1994,,2022-11-08
1995,626.0,2022-11-01
1996,1656.0,2023-02-19
1997,1701.0,2020-07-01
1998,633.0,2020-04-03
1999,1815.0,2020-07-19
2000,,2021-09-17
2001,770.0,2020-03-13
2002,1328.0,2023-05-06
2003,821.0,2022-10-23
2004,422.0,2020-09-04
2005,1194.0,2023-01-02
2006,1796.0,2024-01-03
2007,1511.0,2021-11-03
2008,1377.0,2022-02-05
2009,262.0,2022-03-09
2010,1819.0,2020-08-02
2011,1839.0,2020-02-21
2012,62.0,2023-09-03
2013,1550.0,2021-04-23
2014,1129.0,2022-05-31
2015,884.0,2021-08-17
2016,436.0,2022-11-01
2017,449.0,2023-07-27
2018,1499.0,2020-10-28
2019,,2020-04-30
2020,1974.0,2020-11-16
2021,1228.0,2023-07-24
2022,350.0,2020-10-29
2023,583.0,2020-01-29
2024,1256.0,2021-02-28
2025,771.0,2023-06-01
2026,1380.0,2022-12-13
2027,234.0,2022-07-04
2028,1421.0,2022-10-19
2029,1016.0,2020-10-23
2030,141.0,2023-10-23
2031,1074.0,2022-07-02
2032,1801.0,2023-07-29
2033,668.0,2021-12-04
2034,412.0,2023-01-06
2035,1747.0,2020-11-24
2036,1873.0,2024-01-06
2037,1366.0,2020-05-06
2038,664.0,2022-10-12
2039,496.0,2022-12-08
2040,50.0,2020-09-20
2041,1017.0,2021-03-22
2042,1278.0,2020-08-28
2043,1128.0,2022-08-24
2044,,2021-03-18
2045,1261.0,2020-08-24
2046,269.0,2021-12-01
2047,1620.0,2021-12-27
2048,1411.0,2022-11-27
2049,1681.0,2023-11-28
2050,1204.0,2021-02-24
2051,428.0,2023-03-09
2052,715.0,2021-09-29
2053,780.0,2021-01-06
2054,1082.0,2020-03-01
2055,1164.0,2021-02-17
2056,1409.0,2020-05-22
2057,1859.0,2022-07-10
2058,713.0,2022-12-11
2059,,2023-03-03
2060,254.0,2022-02-17
2061,56.0,2022-08-06
2062,803.0,2023-06-13
2063,,2020-01-07
2064,1996.0,2020-03-13
2065,326.0,2023-10-09
2066,1187.0,2022-03-04
2067,1504.0,2020-07-07
2068,1087.0,2022-07-25
2069,1871.0,2020-12-28
2070,1781.0,2021-09-18
2071,967.0,2021-03-14
2072,958.0,2021-12-20
2073,190.0,2023-01-20
2074,19.0,2022-11-21
2075,672.0,2022-09-10
2076,1347.0,2023-02-03
2077,1619.0,2023-05-14
2078,717.0,2021-03-16
2079,374.0,2020-02-22
2080,153.0,2022-05-04
2081,871.0,2023-09-24
2082,1026.0,2022-11-18
2083,142.0,2022-06-27
2084,1190.0,2022-07-31
2085,1161.0,2021-06-05
2086,1593.0,2022-11-24
2087,1547.0,2021-06-30
2088,1757.0,2020-11-09
2089,1980.0,2024-01-02
2090,459.0,2022-12-11
2091,259.0,2024-02-04
2092,1045.0,2023-10-16
2093,1552.0,2023-03-08
2094,1483.0,2020-04-24
2095,503.0,2023-11-11
2096,1366.0,2023-06-08
2097,544.0,2020-01-11
2098,231.0,2023-08-01
2099,945.0,2021-03-29
2100,564.0,2022-09-17
2101,289.0,2022-04-30
2102,671.0,2022-04-20
2103,1293.0,2023-06-26
2104,1323.0,2022-02-08
2105,941.0,2023-12-26
2106,,2021-08-30
2107,605.0,2021-03-29
2108,1565.0,2023-09-16
2109,870.0,2020-06-29
2110,1134.0,2023-05-11
2111,889.0,2022-10-24
2112,452.0,2021-09-29
2113,376.0,2020-11-15
2114,753.0,2020-06-02
2115,975.0,2020-05-18
2116,538.0,2022-08-15
2117,451.0,2022-06-10
2118,1544.0,2020-12-12
2119,661.0,2021-05-30
2120,591.0,2021-03-07
2121,529.0,2023-11-16
2122,490.0,2023-02-20
2123,,2020-03-25
2124,1451.0,2021-10-09
2125,1704.0,2022-05-22
2126,1272.0,2022-02-08
2127,765.0,2021-05-19
2128,1834.0,2022-06-19
2129,438.0,2020-04-09
2130,333.0,2022-10-30
2131,629.0,2022-09-28
2132,1177.0,2020-01-22
2133,46.0,2023-11-21
2134,442.0,2023-10-22
2135,9.0,2022-08-14
2136,1200.0,2020-03-07
2137,269.0,2023-04-13
2138,491.0,2020-07-17
2139,862.0,2024-01-14
2140,1269.0,2021-10-27
2141,1466.0,2023-11-29
2142,1020.0,2023-01-12
2143,543.0,2022-11-07
2144,1285.0,2021-08-05
2145,466.0,2021-04-20
2146,1652.0,2023-09-09
2147,243.0,2021-01-06
2148,144.0,2020-12-27
2149,341.0,2020-02-08
2150,1930.0,2021-03-13
2151,1874.0,2021-02-10
2152,1729.0,2022-12-22
2153,1435.0,2022-02-12
2154,1232.0,2020-07-03
2155,488.0,2020-09-28
2156,1125.0,2023-05-19
2157,1545.0,2021-04-17
2158,1344.0,2021-02-24
2159,1141.0,2021-03-24
2160,1579.0,2020-11-10
2161,1239.0,2022-12-09
2162,1422.0,2023-03-19
2163,1660.0,2021-06-11
2164,942.0,2023-02-03
2165,945.0,2020-02-21
2166,1506.0,2022-10-29
2167,1070.0,2022-09-12
2168,1839.0,2021-11-17
2169,1677.0,2022-07-08
2170,261.0,2022-04-05
2171,31.0,2022-01-12
2172,1221.0,2020-06-20
2173,1575.0,2021-05-09
2174,358.0,2023-06-24
2175,686.0,2021-03-14
2176,502.0,2022-02-22
2177,596.0,2021-01-15
2178,277.0,2023-09-04
2179,13.0,2023-06-12
2180,1336.0,2023-03-11
2181,537.0,2021-12-18
2182,918.0,2020-12-29
2183,225.0,2021-01-21
2184,1291.0,2021-06-09
2185,373.0,2023-03-16
2186,546.0,2021-05-09
2187,1850.0,2023-05-02
2188,881.0,2021-12-02
2189,792.0,2020-11-22
2190,1735.0,2022-08-07
2191,622.0,2021-07-06
2192,911.0,2023-06-11
2193,,2022-01-02
2194,1223.0,2021-05-20
2195,,2022-02-26
2196,857.0,2022-02-22
2197,540.0,2021-07-07
2198,1569.0,2023-11-10
2199,1006.0,2022-03-23
2200,,2022-08-26
2201,,2023-02-25
2202,1591.0,2020-06-23
2203,638.0,2020-12-09
2204,1311.0,2023-06-04
2205,1149.0,2023-08-02
2206,1083.0,2022-09-23
2207,1484.0,2022-11-22
2208,1236.0,2021-02-05
2209,293.0,2020-08-10
2210,1198.0,2022-05-12
2211,1248.0,2023-08-12
2212,1023.0,2020-01-24
2213,1808.0,2023-07-16
2214,1000.0,2022-09-01
2215,215.0,2023-06-22
2216,615.0,2024-02-05
2217,320.0,2022-11-15
2218,630.0,2021-04-28
2219,1777.0,2020-10-14
2220,1468.0,2020-03-26
2221,849.0,2020-01-17
2222,1716.0,2020-01-20
2223,1669.0,2020-04-15
2224,1284.0,2022-06-02
2225,1408.0,2021-06-09
2226,1802.0,2022-12-30
2227,684.0,2021-04-20
2228,1230.0,2021-10-02
2229,1629.0,2023-05-25
2230,1362.0,2020-09-18
2231,1850.0,2021-07-05
2232,1703.0,2023-08-08
2233,1141.0,2022-05-09
2234,536.0,2022-07-23
2235,1032.0,2022-03-21
2236,,2021-01-16
2237,1250.0,2020-08-26
2238,1534.0,2021-06-23
2239,575.0,2022-11-23
2240,,2020-06-04
2241,1550.0,2021-11-30
2242,1430.0,2020-09-07
2243,1693.0,2022-02-27
2244,,2020-01-18
2245,1343.0,2021-07-06
2246,1711.0,2021-02-22
2247,698.0,2020-02-12
2248,523.0,2023-09-12
2249,1454.0,2023-03-27
2250,2000.0,2022-04-21
2251,,2023-12-28
2252,1680.0,2022-11-21
2253,835.0,2022-10-28
2254,463.0,2020-06-02
2255,1706.0,2021-11-05
2256,1639.0,2022-08-29
2257,1292.0,2023-07-22
2258,1010.0,2023-06-07
2259,1275.0,2020-12-11
2260,126.0,2022-11-19
2261,627.0,2022-01-30
2262,,2022-02-03
2263,1363.0,2022-05-03
2264,1839.0,2020-03-21
2265,1641.0,2020-11-04
2266,626.0,2021-03-25
2267,1180.0,2022-01-07
2268,258.0,2022-09-29
2269,1858.0,2020-04-20
2270,536.0,2021-12-15
2271,1204.0,2022-12-19
2272,1167.0,2020-10-13
2273,1419.0,2021-05-04
2274,147.0,2020-02-16
2275,1339.0,2023-03-07
2276,1028.0,2020-01-17
2277,525.0,2021-02-03
2278,746.0,2022-01-25
2279,534.0,2020-05-12
2280,1590.0,2020-12-11
2281,1796.0,2022-08-02
2282,776.0,2020-01-14
2283,1031.0,2021-02-23
2284,959.0,2021-08-26
2285,818.0,2020-11-08
2286,608.0,2022-03-23
2287,1843.0,2022-05-02
2288,1702.0,2020-12-01
2289,736.0,2021-04-22
2290,1074.0,2020-05-26
2291,654.0,2023-01-10
2292,,2023-01-08
2293,1554.0,2022-12-04
2294,1776.0,2022-01-15
2295,356.0,2020-07-08
2296,,2021-01-05
2297,1909.0,2024-01-14
2298,1377.0,2022-08-31
2299,100.0,2024-01-17
2300,1210.0,2022-08-14
2301,1221.0,2022-02-05
2302,1056.0,2022-01-06
2303,1014.0,2021-12-03
2304,1503.0,2023-03-16
2305,1558.0,2021-09-14
2306,1512.0,2021-03-21
2307,76.0,2022-10-19
2308,734.0,2024-02-04
2309,1641.0,2024-01-14
2310,398.0,2022-02-26
2311,1271.0,2023-08-23
2312,1070.0,2020-08-13
2313,646.0,2021-06-08
2314,645.0,2022-09-28
2315,1919.0,2021-12-09
2316,1315.0,2023-11-24
2317,880.0,2023-03-01
2318,641.0,2020-12-31
2319,1760.0,2021-12-17
2320,1614.0,2020-08-27
2321,1547.0,2020-10-20
2322,166.0,2021-07-16
2323,372.0,2020-11-09
2324,1356.0,2023-06-21
2325,,2020-12-08
2326,1227.0,2021-09-07
2327,1170.0,2022-06-19
2328,1913.0,2023-01-03
2329,1788.0,2020-06-13
2330,1461.0,2022-11-11
2331,642.0,2021-05-16
2332,155.0,2023-10-10
2333,,2020-06-02
2334,28.0,2022-03-08
2335,706.0,2023-02-14
2336,867.0,2023-10-06
2337,273.0,2020-04-07
2338,437.0,2023-07-18
2339,1966.0,2022-10-14
2340,194.0,2021-01-16
2341,445.0,2020-09-14
2342,1949.0,2024-01-27
2343,241.0,2022-08-25
2344,1292.0,2022-12-04
2345,207.0,2020-02-13
2346,1820.0,2023-10-26
2347,1269.0,2022-08-15
2348,1674.0,2022-05-01
2349,803.0,2020-01-27
2350,65.0,2020-09-18
2351,540.0,2023-06-23
2352,1340.0,2022-12-07
2353,697.0,2020-07-28
2354,1303.0,2021-09-23
2355,1657.0,2021-10-10
2356,1069.0,2022-09-29
2357,1724.0,2021-11-28
2358,1878.0,2023-09-15
2359,,2021-10-24
2360,621.0,2022-01-16
2361,866.0,2021-05-18
2362,993.0,2021-04-18
2363,748.0,2022-04-12
2364,1566.0,2021-05-28
2365,256.0,2022-05-19
2366,220.0,2020-05-20
2367,1021.0,2021-12-16
2368,,2023-09-30
2369,1076.0,2020-03-23
2370,,2023-12-02
2371,485.0,2020-03-18
2372,652.0,2020-12-15
2373,396.0,2023-06-03
2374,1373.0,2022-07-29
2375,953.0,2022-07-22
2376,1431.0,2023-01-14
2377,107.0,2020-02-01
2378,1121.0,2020-09-11
2379,1710.0,2021-12-28
2380,1314.0,2024-01-09
2381,550.0,2021-05-01
2382,472.0,2020-09-20
2383,373.0,2022-10-28
2384,624.0,2021-05-31
2385,1109.0,2022-12-24
2386,186.0,2022-08-24
2387,491.0,2023-03-03
2388,1245.0,2023-02-24
2389,271.0,2021-02-12
2390,175.0,2022-04-24
2391,912.0,2021-11-02
2392,619.0,2021-05-29
2393,388.0,2023-12-23
2394,1888.0,2023-01-13
2395,1908.0,2020-05-17
2396,1673.0,2021-01-13
2397,1910.0,2021-05-25
2398,1082.0,2021-10-04
2399,1337.0,2023-08-14
2400,1878.0,2022-07-22
2401,30.0,2020-10-03
2402,1628.0,2022-08-08
2403,1800.0,2022-08-24
2404,238.0,2023-01-14
2405,312.0,2022-03-14
2406,1987.0,2023-07-24
2407,171.0,2021-08-29
2408,1675.0,2021-08-10
2409,1402.0,2021-12-19
2410,81.0,2020-11-30
2411,1593.0,2020-09-07
2412,1080.0,2021-08-11
2413,343.0,2023-04-23
2414,226.0,2020-10-24
2415,629.0,2021-08-18
2416,854.0,2022-04-19
2417,1643.0,2021-08-28
2418,1566.0,2023-03-14
2419,1772.0,2020-04-04
2420,91.0,2021-09-05
2421,139.0,2021-05-04
2422,1007.0,2021-07-04
2423,1877.0,2023-08-29
2424,1436.0,2022-04-08
2425,1682.0,2023-06-30
2426,1754.0,2020-04-11
2427,1075.0,2021-02-04
2428,1485.0,2020-10-31
2429,660.0,2021-12-11
2430,,2022-05-04
2431,671.0,2021-04-19
2432,1261.0,2023-10-06
2433,1361.0,2023-02-12
2434,1139.0,2021-03-15
2435,1716.0,2022-09-02
2436,1298.0,2021-06-08
2437,1957.0,2021-12-23
2438,,2021-12-10
2439,310.0,2023-01-24
2440,883.0,2021-09-24
2441,181.0,2022-02-25
2442,1740.0,2021-02-21
2443,318.0,2022-02-17
2444,1248.0,2020-02-02
2445,,2020-01-30
2446,1751.0,2020-06-10
2447,676.0,2021-01-04
2448,1930.0,2021-05-03
2449,1633.0,2021-05-09
2450,1091.0,2023-08-30
2451,158.0,2022-10-11
2452,1703.0,2020-09-17
2453,1694.0,2022-04-21
2454,1089.0,2023-09-10
2455,845.0,2022-10-15
2456,1109.0,2021-11-19
2457,1855.0,2022-05-18
2458,1051.0,2020-05-18
2459,313.0,2021-01-10
2460,1689.0,2022-10-16
2461,969.0,2021-08-24
2462,438.0,2023-02-17
2463,,2021-07-12
2464,642.0,2022-04-15
2465,1686.0,2020-04-06
2466,1971.0,2024-01-27
2467,1002.0,2022-10-22
2468,1119.0,2022-03-18
2469,42.0,2023-10-20
2470,910.0,2021-02-19
2471,1309.0,2023-05-30
2472,338.0,2021-11-19
2473,1064.0,2022-08-26
2474,537.0,2022-06-12
2475,1696.0,2020-04-14
2476,1843.0,2020-06-04
2477,1673.0,2023-04-05
2478,,2020-01-02
2479,1849.0,2023-02-25
2480,1694.0,2021-06-30
2481,883.0,2023-12-12
2482,352.0,2020-11-24
2483,1428.0,2023-06-21
2484,1656.0,2020-06-09
2485,1442.0,2020-03-23
2486,1609.0,2023-10-31
2487,1472.0,2023-01-26
2488,256.0,2021-09-11
2489,373.0,2023-03-20
2490,541.0,2020-10-15
2491,1470.0,2020-06-26
2492,1476.0,2020-12-15
2493,1058.0,2022-05-08
2494,991.0,2023-09-19
2495,334.0,2022-12-08
2496,835.0,2023-06-15
2497,981.0,2020-10-14
2498,1717.0,2022-06-08
2499,1004.0,2021-01-11
2500,908.0,2022-06-26
2501,1184.0,2020-05-01
2502,1401.0,2023-12-03
2503,837.0,2021-10-12
2504,1011.0,2023-07-09
2505,321.0,2024-01-07
2506,1673.0,2020-07-25
2507,637.0,2023-09-28
2508,1074.0,2023-08-01
2509,1934.0,2022-01-31
2510,561.0,2020-12-27
2511,1221.0,2020-04-27
2512,1509.0,2022-11-14
2513,1650.0,2023-05-22
2514,187.0,2022-04-20
2515,962.0,2020-07-21
2516,804.0,2023-05-09
2517,164.0,2022-06-15
2518,76.0,2022-10-09
2519,309.0,2023-01-09
2520,,2021-10-30
2521,475.0,2023-06-30
2522,329.0,2023-04-05
2523,368.0,2022-11-15
2524,999.0,2022-01-02
2525,828.0,2020-08-13
2526,697.0,2022-09-07
2527,528.0,2022-01-23
2528,1732.0,2020-01-27
2529,1474.0,2023-04-19
2530,629.0,2021-05-13
2531,1047.0,2021-07-25
2532,1279.0,2020-04-14
2533,444.0,2022-07-05
2534,129.0,2023-01-05
2535,516.0,2020-12-31
2536,970.0,2022-03-30
2537,1327.0,2021-03-29
2538,1563.0,2020-05-31
2539,1722.0,2023-04-27
2540,178.0,2022-06-22
2541,229.0,2021-04-20
2542,1160.0,2022-04-23
2543,1532.0,2023-01-06
2544,1917.0,2024-01-15
2545,627.0,2022-02-16
2546,1006.0,2021-08-31
2547,1550.0,2022-09-25
2548,1670.0,2020-06-15
2549,471.0,2023-09-03
2550,1271.0,2023-01-25
2551,378.0,2022-11-14
2552,1015.0,2021-08-06
2553,1744.0,2021-03-24
2554,123.0,2023-05-19
2555,523.0,2020-12-18
2556,144.0,2022-06-07
2557,1564.0,2021-01-04
2558,1117.0,2021-03-16
2559,1940.0,2021-11-25
2560,1951.0,2021-12-20
2561,1314.0,2021-03-14
2562,760.0,2022-02-06
2563,1346.0,2023-01-13
2564,415.0,2020-04-02
2565,1900.0,2022-06-27
2566,421.0,2022-06-14
2567,33.0,2021-04-01
2568,893.0,2020-08-16
2569,1234.0,2023-05-21
2570,1462.0,2020-09-09
2571,1709.0,2020-04-05
2572,553.0,2023-12-08
2573,1783.0,2021-02-10
2574,1833.0,2023-05-25
2575,646.0,2020-03-15
2576,1279.0,2020-03-17
2577,1910.0,2022-01-03
2578,1974.0,2020-06-11
2579,459.0,2023-07-29
2580,1814.0,2020-10-23
2581,1370.0,2021-09-04
2582,472.0,2021-03-13
2583,352.0,2023-04-13
2584,1011.0,2021-08-01
2585,936.0,2021-07-12
2586,942.0,2022-08-06
2587,1158.0,2021-03-01
2588,1616.0,2022-09-20
2589,1943.0,2020-04-13
2590,915.0,2022-05-29
2591,1486.0,2024-01-25
2592,1332.0,2020-08-30
2593,1607.0,2021-03-12
2594,43.0,2022-06-27
2595,816.0,2022-11-20
2596,1532.0,2023-07-23
2597,1014.0,2023-09-12
2598,959.0,2020-04-25
2599,626.0,2023-07-13
2600,1438.0,2021-10-16
2601,314.0,2020-03-17
2602,1805.0,2020-01-22
2603,636.0,2023-02-09
2604,513.0,2022-07-15
2605,535.0,2022-09-29
2606,1712.0,2021-11-27
2607,88.0,2020-06-20
2608,114.0,2022-12-19
2609,1562.0,2022-03-03
2610,1094.0,2021-01-16
2611,1965.0,2023-01-08
2612,824.0,2020-08-25
2613,,2022-12-29
2614,549.0,2021-06-30
2615,1096.0,2021-09-08
2616,711.0,2020-01-21
2617,707.0,2021-01-08
2618,,2023-01-05
2619,25.0,2020-05-25
2620,1419.0,2022-02-27
2621,207.0,2022-05-07
2622,226.0,2023-05-23
2623,1026.0,2023-05-20
2624,1798.0,2021-09-14
2625,1788.0,2020-07-24
2626,,2022-12-04
2627,789.0,2023-03-09
2628,1992.0,2023-03-29
2629,1270.0,2024-01-12
2630,1974.0,2021-06-08
2631,1396.0,2024-01-17
2632,1965.0,2021-03-22
2633,1541.0,2021-01-09
2634,1825.0,2023-05-20
2635,983.0,2021-10-31
2636,786.0,2022-06-21
2637,1296.0,2021-06-08
2638,207.0,2020-02-19
2639,1168.0,2022-11-09
2640,1970.0,2021-03-02
2641,1419.0,2020-02-20
2642,1128.0,2020-12-04
2643,1616.0,2022-10-02
2644,1330.0,2023-04-14
2645,669.0,2020-03-22
2646,1908.0,2023-12-19
2647,1294.0,2022-03-25
2648,1367.0,2020-10-20
2649,455.0,2022-02-23
2650,100.0,2022-05-10
2651,115.0,2023-12-07
2652,1018.0,2022-11-02
2653,349.0,2022-10-10
2654,80.0,2021-11-27
2655,1180.0,2021-06-09
2656,320.0,2023-04-14
2657,1778.0,2020-09-19
2658,1948.0,2020-11-18
2659,1468.0,2022-07-09
2660,1651.0,2021-02-15
2661,1340.0,2023-07-16
2662,633.0,2020-09-14
2663,1614.0,2021-04-12
2664,1989.0,2022-03-26
2665,580.0,2022-03-13
2666,666.0,2020-02-02
2667,1815.0,2022-01-05
2668,,2022-12-08
2669,1178.0,2020-09-05
2670,826.0,2021-10-03
2671,1447.0,2022-05-07
2672,1282.0,2023-12-15
2673,1201.0,2022-06-03
2674,,2023-11-22
2675,1173.0,2022-11-12
2676,324.0,2022-05-27
2677,499.0,2021-02-04
2678,1155.0,2022-07-03
2679,1219.0,2020-05-12
2680,1729.0,2022-07-20
2681,1249.0,2024-01-25
2682,1590.0,2022-04-16
2683,705.0,2023-07-28
2684,1132.0,2022-06-29
2685,650.0,2020-05-30
2686,2.0,2022-05-11
2687,1318.0,2022-06-04
2688,479.0,2023-07-25
2689,1810.0,2022-07-12
2690,1173.0,2023-04-04
2691,1003.0,2022-05-28
2692,1584.0,2022-03-15
2693,1884.0,2020-10-03
2694,,2023-10-14
2695,1096.0,2023-05-01
2696,334.0,2021-08-26
2697,810.0,2022-02-13
2698,334.0,2021-12-17
2699,500.0,2022-08-07
2700,789.0,2024-02-02
2701,526.0,2022-10-26
2702,516.0,2022-11-05
2703,1575.0,2023-08-07
2704,669.0,2022-10-25
2705,252.0,2024-02-08
2706,1048.0,2022-06-15
2707,714.0,2020-10-23
2708,578.0,2023-02-05
2709,1955.0,2020-05-06
2710,1118.0,2021-06-28
2711,1805.0,2021-05-25
2712,221.0,2021-11-21
2713,1107.0,2022-02-03
2714,514.0,2021-08-30
2715,162.0,2020-02-21
2716,1952.0,2022-12-17
2717,557.0,2023-10-26
2718,1514.0,2022-01-12
2719,1008.0,2022-10-01
2720,485.0,2020-10-01
2721,,2021-02-22
2722,1877.0,2022-06-04
2723,738.0,2022-04-24
2724,127.0,2020-12-31
2725,621.0,2021-09-24
2726,239.0,2023-05-22
2727,338.0,2022-06-28
2728,1491.0,2022-10-12
2729,586.0,2022-04-10
2730,213.0,2020-03-31
2731,1227.0,2023-04-08
2732,1487.0,2021-08-08
2733,1006.0,2024-01-12
2734,1407.0,2021-06-04
2735,24.0,2020-02-02
2736,1513.0,2022-06-09
2737,1002.0,2021-08-11
2738,758.0,2021-06-20
2739,1876.0,2023-10-19
2740,681.0,2021-05-17
2741,1167.0,2021-12-23
2742,466.0,2021-08-08
2743,1683.0,2020-09-08
2744,378.0,2021-05-03
2745,467.0,2021-06-22
2746,412.0,2021-01-31
2747,1083.0,2021-08-15
2748,419.0,2022-02-06
2749,732.0,2023-05-12
2750,1929.0,2022-02-02
2751,231.0,2022-11-16
2752,113.0,2021-09-02
2753,472.0,2023-02-24
2754,1412.0,2021-08-06
2755,1789.0,2021-07-22
2756,1871.0,2022-11-05
2757,792.0,2023-01-07
2758,731.0,2021-05-10
2759,1473.0,2020-11-21
2760,1192.0,2021-12-13
2761,1838.0,2021-08-03
2762,1159.0,2022-10-24
2763,552.0,2022-05-17
2764,253.0,2024-02-01
2765,1963.0,2021-10-28
2766,1331.0,2023-06-29
2767,1315.0,2021-07-12
2768,1113.0,2022-01-29
2769,400.0,2024-02-06
2770,1107.0,2022-08-20
2771,1722.0,2021-03-29
2772,215.0,2022-09-06
2773,395.0,2024-01-04
2774,1665.0,2023-02-26
2775,67.0,2021-01-17
2776,963.0,2021-02-10
2777,159.0,2020-11-26
2778,249.0,2023-03-23
2779,1296.0,2022-10-06
2780,1318.0,2023-04-03
2781,1169.0,2023-06-27
2782,289.0,2023-08-08
2783,276.0,2020-06-30
2784,590.0,2021-12-19
2785,120.0,2020-05-12
2786,1730.0,2021-03-05
2787,1517.0,2021-04-28
2788,1652.0,2022-06-10
2789,1684.0,2022-07-06
2790,1658.0,2023-07-31
2791,885.0,2023-09-08
2792,1554.0,2021-05-17
2793,1319.0,2020-10-29
2794,1117.0,2020-04-04
2795,490.0,2020-02-04
2796,948.0,2022-09-04
2797,74.0,2023-12-31
2798,907.0,2022-04-10
2799,1387.0,2022-09-22
2800,237.0,2020-06-11
2801,592.0,2020-10-20
2802,991.0,2023-09-08
2803,,2022-06-06
2804,1527.0,2020-02-12
2805,731.0,2022-03-31
2806,182.0,2021-05-06
2807,1082.0,2020-03-09
2808,1893.0,2022-09-02
2809,1560.0,2021-08-30
2810,341.0,2021-03-18
2811,1476.0,2022-03-30
2812,993.0,2020-10-02
2813,666.0,2021-09-26
2814,813.0,2021-08-12
2815,1539.0,2022-10-25
2816,365.0,2021-09-25
2817,552.0,2023-08-31
2818,1953.0,2022-09-22
2819,1738.0,2022-05-02
2820,531.0,2020-02-22
2821,1706.0,2023-07-01
2822,631.0,2020-09-30
2823,136.0,2023-10-17
2824,227.0,2023-03-19
2825,678.0,2021-03-14
2826,712.0,2021-02-18
2827,1897.0,2022-02-23
2828,876.0,2023-04-16
2829,1358.0,2022-02-04
2830,415.0,2020-07-04
2831,641.0,2022-05-20
2832,410.0,2024-01-31
2833,1373.0,2020-04-14
2834,1942.0,2023-03-25
2835,1541.0,2020-01-01
2836,730.0,2022-09-28
2837,1135.0,2023-10-16
2838,1381.0,2023-05-29
2839,1719.0,2023-08-29
2840,919.0,2022-08-03
2841,1175.0,2021-09-05
2842,637.0,2021-04-03
2843,1035.0,2020-06-02
2844,206.0,2023-01-07
2845,1204.0,2021-10-16
2846,510.0,2022-05-03
2847,1092.0,2021-07-15
2848,744.0,2023-09-06
2849,733.0,2020-12-27
2850,976.0,2021-04-08
2851,184.0,2020-01-20
2852,1659.0,2022-04-07
2853,1153.0,2022-05-04
2854,1576.0,2020-06-19
2855,808.0,2021-02-25
2856,220.0,2020-12-21
2857,912.0,2020-06-07
2858,953.0,2023-08-06
2859,1364.0,2020-10-04
2860,1636.0,2023-06-05
2861,317.0,2023-05-16
2862,957.0,2020-08-12
2863,415.0,2021-07-24
2864,1660.0,2020-02-19
2865,937.0,2023-09-08
2866,901.0,2020-06-01
2867,1678.0,2021-12-23
2868,688.0,2022-02-27
2869,1144.0,2021-02-09
2870,1719.0,2022-12-05
2871,1956.0,2020-11-23
2872,293.0,2022-02-20
2873,1878.0,2021-05-30
2874,1530.0,2022-09-26
2875,1743.0,2021-11-13
2876,271.0,2021-11-01
2877,832.0,2020-11-29
2878,864.0,2021-02-28
2879,1976.0,2021-04-11
2880,86.0,2023-02-11
2881,1739.0,2023-01-28
2882,144.0,2023-10-25
2883,1174.0,2020-02-05
2884,1418.0,2023-12-22
2885,580.0,2023-10-08
2886,307.0,2022-01-28
2887,1123.0,2022-03-29
2888,1403.0,2020-03-02
2889,1319.0,2020-04-09
2890,179.0,2020-06-04
2891,1667.0,2020-02-12
2892,1892.0,2024-01-05
2893,748.0,2021-04-27
2894,822.0,2023-11-18
2895,547.0,2022-07-15
2896,923.0,2022-09-25
2897,1851.0,2024-01-28
2898,841.0,2020-06-01
2899,1772.0,2023-06-05
2900,951.0,2023-11-13
2901,189.0,2021-11-16
2902,1551.0,2020-09-05
2903,1367.0,2020-12-21
2904,952.0,2022-01-16
2905,,2022-10-26
2906,545.0,2022-02-11
2907,749.0,2023-09-28
2908,1539.0,2023-03-12
2909,470.0,2021-01-17
2910,1440.0,2021-11-27
2911,1254.0,2022-09-01
2912,449.0,2023-02-19
2913,1072.0,2022-07-10
2914,1559.0,2022-05-10
2915,714.0,2023-08-30
2916,1843.0,2022-09-04
2917,402.0,2023-06-30
2918,,2022-04-21
2919,576.0,2021-03-26
2920,123.0,2021-12-09
2921,1533.0,2020-09-11
2922,1594.0,2022-12-26
2923,1369.0,2022-02-26
2924,1381.0,2022-11-18
2925,540.0,2021-05-27
2926,928.0,2021-02-10
2927,813.0,2022-08-26
2928,407.0,2021-09-02
2929,709.0,2020-11-07
2930,452.0,2020-11-27
2931,1008.0,2022-05-02
2932,1105.0,2020-10-30
2933,31.0,2020-03-29
2934,414.0,2022-03-25
2935,1470.0,2023-09-15
2936,642.0,2020-02-16
2937,441.0,2023-08-07
2938,1357.0,2023-10-08
2939,1389.0,2021-03-13
2940,957.0,2021-05-02
2941,40.0,2021-02-25
2942,1363.0,2020-11-25
2943,59.0,2020-05-26
2944,1366.0,2021-02-09
2945,903.0,2023-07-20
2946,1224.0,2021-06-29
2947,139.0,2020-05-12
2948,1733.0,2023-11-19
2949,460.0,2022-09-16
2950,919.0,2023-05-16
2951,946.0,2021-06-01
2952,1404.0,2022-10-04
2953,933.0,2022-03-26
2954,806.0,2020-07-10
2955,89.0,2021-04-25
2956,1942.0,2021-01-30
2957,953.0,2023-11-03
2958,503.0,2020-11-30
2959,1756.0,2020-02-14
2960,1801.0,2023-08-25
2961,744.0,2020-07-17
2962,645.0,2022-02-20
2963,1249.0,2020-01-02
2964,808.0,2020-12-04
2965,1214.0,2023-09-10
2966,1518.0,2020-04-28
2967,1074.0,2021-07-24
2968,1602.0,2022-07-25
2969,283.0,2021-11-15
2970,1176.0,2020-03-11
2971,945.0,2023-06-28
2972,113.0,2020-06-09
2973,1784.0,2020-05-02
2974,95.0,2021-11-09
2975,1935.0,2021-09-04
2976,774.0,2022-05-29
2977,1301.0,2023-07-02
2978,958.0,2023-02-11
2979,672.0,2021-09-27
2980,921.0,2021-01-24
2981,1163.0,2021-10-21
2982,1327.0,2021-05-29
2983,1571.0,2020-04-05
2984,734.0,2021-01-04
2985,1049.0,2021-11-21
2986,1517.0,2021-08-30
2987,1901.0,2021-06-21
2988,106.0,2022-07-02
2989,895.0,2021-02-07
2990,865.0,2022-09-19
2991,1413.0,2022-09-22
2992,1989.0,2020-11-26
2993,1557.0,2020-12-03
2994,590.0,2022-12-03
2995,211.0,2021-05-13
2996,680.0,2020-04-19
2997,710.0,2021-02-20
2998,527.0,2022-12-12
2999,1939.0,2022-09-04
3000,711.0,2021-11-18
3001,671.0,2020-09-16
3002,1178.0,2020-05-15
3003,607.0,2023-07-01
3004,272.0,2020-11-14
3005,1176.0,2023-06-10
3006,1137.0,2022-05-27
3007,654.0,2020-07-11
3008,114.0,2021-08-17
3009,1682.0,2022-07-22
3010,1228.0,2022-11-13
3011,573.0,2023-12-29
3012,722.0,2020-12-29
3013,,2021-06-12
3014,526.0,2021-03-05
3015,366.0,2020-06-09
3016,1574.0,2023-11-18
3017,1230.0,2021-04-26
3018,15.0,2023-10-17
3019,326.0,2020-08-17
3020,635.0,2023-12-03
3021,1800.0,2021-04-18
3022,1225.0,2020-03-12
3023,1033.0,2020-07-10
3024,1535.0,2022-01-08
3025,386.0,2023-02-22
3026,1945.0,2022-08-01
3027,523.0,2022-03-10
3028,1195.0,2021-08-04
3029,259.0,2022-01-27
3030,920.0,2023-08-21
3031,1799.0,2023-03-09
3032,1882.0,2022-04-23
3033,369.0,2022-09-14
3034,436.0,2021-09-10
3035,852.0,2021-08-03
3036,1840.0,2023-01-19
3037,1724.0,2020-07-21
3038,738.0,2020-08-09
3039,436.0,2023-09-25
3040,1877.0,2022-11-22
3041,1437.0,2021-08-18
3042,1973.0,2020-10-29
3043,1240.0,2023-12-09
3044,272.0,2022-05-14
3045,904.0,2023-08-22
3046,1071.0,2023-02-11
3047,1240.0,2022-10-31
3048,968.0,2021-10-22
3049,1245.0,2023-03-27
3050,503.0,2023-01-02
3051,1910.0,2022-05-24
3052,161.0,2021-10-21
3053,1171.0,2020-12-30
3054,528.0,2022-03-08
3055,1878.0,2023-04-16
3056,368.0,2021-01-24
3057,728.0,2023-03-21
3058,494.0,2021-08-27
3059,756.0,2022-08-30
3060,1618.0,2022-04-08
3061,1696.0,2022-02-26
3062,737.0,2023-12-03
3063,504.0,2022-09-26
3064,128.0,2020-01-15
3065,88.0,2022-05-31
3066,32.0,2020-08-10
3067,217.0,2024-01-16
3068,727.0,2023-03-22
3069,976.0,2021-01-04
3070,170.0,2024-01-02
3071,1299.0,2023-10-28
3072,483.0,2021-10-26
3073,1695.0,2022-07-25
3074,740.0,2021-09-07
3075,1714.0,2020-09-23
3076,1128.0,2021-11-19
3077,1001.0,2022-04-16
3078,826.0,2023-01-29
3079,562.0,2021-04-14
3080,489.0,2020-04-17
3081,1578.0,2020-01-13
3082,1347.0,2021-09-03
3083,160.0,2022-02-01
3084,1946.0,2021-07-23
3085,721.0,2022-08-21
3086,,2022-12-22
3087,683.0,2023-01-05
3088,1744.0,2023-11-06
3089,938.0,2021-02-25
3090,1778.0,2023-03-06
3091,150.0,2023-08-05
3092,,2020-02-16
3093,1121.0,2020-04-26
3094,399.0,2022-02-01
3095,1845.0,2020-05-22
3096,643.0,2022-05-17
3097,,2021-01-28
3098,1322.0,2023-11-13
3099,600.0,2020-02-16
3100,1581.0,2023-03-28
3101,644.0,2021-04-29
3102,1564.0,2021-06-12
3103,95.0,2021-05-06
3104,1215.0,2021-04-17
3105,1647.0,2023-06-06
3106,1063.0,2023-10-11
3107,443.0,2020-10-24
3108,1172.0,2021-08-23
3109,1871.0,2022-09-25
3110,591.0,2023-11-16
3111,1426.0,2023-12-05
3112,1700.0,2023-07-17
3113,219.0,2022-03-12
3114,65.0,2021-05-25
3115,1318.0,2021-05-04
3116,180.0,2020-06-11
3117,417.0,2022-05-31
3118,1249.0,2021-09-30
3119,1814.0,2020-02-23
3120,1034.0,2022-05-21
3121,467.0,2020-12-15
3122,216.0,2020-12-29
3123,256.0,2020-02-04
3124,269.0,2023-07-12
3125,,2022-01-20
3126,,2021-04-11
3127,7.0,2023-05-24
3128,1552.0,2020-09-11
3129,730.0,2024-01-18
3130,331.0,2023-04-24
3131,1729.0,2021-07-26
3132,1769.0,2024-01-12
3133,731.0,2023-05-27
3134,333.0,2023-12-12
3135,729.0,2023-07-29
3136,1771.0,2021-08-30
3137,1899.0,2020-12-12
3138,1715.0,2021-07-01
3139,1275.0,2021-02-21
3140,1868.0,2022-02-02
3141,1449.0,2022-04-24
3142,1319.0,2020-08-31
3143,1319.0,2023-06-16
3144,1106.0,2021-06-26
3145,723.0,2020-07-01
3146,1856.0,2020-02-14
3147,155.0,2021-06-17
3148,1532.0,2021-04-12
3149,1334.0,2020-05-06
3150,431.0,2020-11-21
3151,1610.0,2023-04-10
3152,887.0,2020-03-16
3153,886.0,2023-02-23
3154,,2021-02-24
3155,964.0,2021-11-09
3156,743.0,2022-10-04
3157,1951.0,2021-09-12
3158,78.0,2021-03-16
3159,146.0,2023-06-19
3160,438.0,2022-07-01
3161,1090.0,2020-08-21
3162,580.0,2021-08-02
3163,676.0,2020-02-11
3164,1589.0,2023-05-26
3165,272.0,2021-06-28
3166,1287.0,2022-04-15
3167,660.0,2021-04-16
3168,581.0,2021-07-08
3169,904.0,2020-05-16
3170,1571.0,2020-12-09
3171,1673.0,2023-09-26
3172,646.0,2023-08-16
3173,402.0,2023-05-16
3174,17.0,2023-08-20
3175,769.0,2022-06-10
3176,1587.0,2020-10-21
3177,1023.0,2020-01-15
3178,771.0,2023-09-18
3179,1545.0,2020-05-21
3180,1219.0,2022-07-29
3181,1604.0,2020-10-15
3182,144.0,2023-07-17
3183,434.0,2022-07-24
3184,1965.0,2022-08-04
3185,928.0,2021-03-07
3186,1894.0,2022-09-20
3187,681.0,2023-09-13
3188,1645.0,2023-12-01
3189,,2022-12-05
3190,1424.0,2023-02-12
3191,1977.0,2021-05-06
3192,415.0,2023-03-13
3193,1080.0,2020-03-11
3194,1788.0,2020-11-08
3195,541.0,2023-09-03
3196,106.0,2021-01-02
3197,1450.0,2024-02-01
3198,968.0,2022-05-19
3199,1348.0,2020-02-05
3200,1581.0,2022-05-28
3201,1247.0,2021-09-26
3202,1725.0,2023-04-12
3203,1544.0,2020-05-20
3204,1951.0,2023-03-03
3205,792.0,2020-08-02
3206,1713.0,2023-01-21
3207,1385.0,2022-08-12
3208,116.0,2021-09-20
3209,1207.0,2021-10-14
3210,1605.0,2022-04-14
3211,1251.0,2023-11-14
3212,164.0,2023-10-02
3213,1572.0,2021-04-04
3214,914.0,2023-04-23
3215,907.0,2022-09-23
3216,1211.0,2022-05-10
3217,274.0,2022-04-16
3218,,2020-01-18
3219,947.0,2020-11-14
3220,1267.0,2020-12-10
3221,1728.0,2021-03-07
3222,1947.0,2020-12-20
3223,1666.0,2022-09-01
3224,1115.0,2023-06-22
3225,,2023-04-05
3226,521.0,2020-03-07
3227,1685.0,2020-07-05
3228,1207.0,2020-04-09
3229,1285.0,2021-08-10
3230,1950.0,2022-01-09
3231,1121.0,2020-08-10
3232,386.0,2021-03-06
3233,375.0,2020-09-13
3234,1212.0,2022-06-10
3235,,2023-09-16
3236,844.0,2021-07-05
3237,,2020-12-19
3238,876.0,2021-06-14
3239,1993.0,2020-04-12
3240,1455.0,2022-06-17
3241,1466.0,2020-08-22
3242,90.0,2023-01-08
3243,765.0,2023-02-09
3244,152.0,2022-04-20
3245,405.0,2020-01-22
3246,,2022-01-15
3247,568.0,2020-10-08
3248,104.0,2023-08-17
3249,1034.0,2020-07-16
3250,1613.0,2021-08-05
3251,299.0,2021-04-01
3252,1656.0,2023-07-27
3253,373.0,2022-07-29
3254,813.0,2022-07-16
3255,1264.0,2023-04-12
3256,939.0,2020-03-15
3257,1180.0,2022-10-08
3258,563.0,2022-11-03
3259,1231.0,2020-01-04
3260,1284.0,2020-08-13
3261,1681.0,2023-10-05
3262,686.0,2023-01-05
3263,,2024-01-21
3264,815.0,2022-01-15
3265,1501.0,2023-04-25
3266,830.0,2022-11-22
3267,294.0,2021-06-02
3268,1378.0,2021-07-25
3269,562.0,2023-02-04
3270,1861.0,2023-02-17
3271,364.0,2022-02-08
3272,768.0,2023-02-27
3273,1575.0,2021-06-25
3274,474.0,2020-06-12
3275,1239.0,2022-01-25
3276,899.0,2020-03-26
3277,204.0,2022-11-01
3278,,2023-08-15
3279,,2023-07-09
3280,992.0,2023-07-12
3281,1938.0,2023-04-16
3282,751.0,2020-07-16
3283,582.0,2020-10-10
3284,1898.0,2021-11-14
3285,1538.0,2022-08-14
3286,1003.0,2021-12-24
3287,762.0,2022-10-10
3288,1040.0,2021-12-12
3289,1464.0,2020-03-30
3290,1864.0,2021-03-16
3291,748.0,2020-09-25
3292,1634.0,2022-10-22
3293,1691.0,2022-10-09
3294,1472.0,2023-03-25
3295,,2020-09-20
3296,964.0,2022-11-14
3297,1261.0,2021-03-28
3298,1891.0,2022-11-20
3299,156.0,2022-04-13
3300,625.0,2022-11-26
3301,797.0,2021-01-11
3302,420.0,2020-10-14
3303,1455.0,2021-01-26
3304,619.0,2021-12-14
3305,79.0,2020-03-16
3306,635.0,2022-09-01
3307,1240.0,2023-01-23
3308,234.0,2020-09-07
3309,108.0,2021-03-22
3310,1721.0,2023-03-02
3311,51.0,2023-12-13
3312,1157.0,2021-02-23
3313,375.0,2022-02-18
3314,1825.0,2021-09-02
3315,1029.0,2022-08-02
3316,344.0,2020-01-05
3317,1383.0,2022-03-25
3318,1348.0,2020-06-19
3319,938.0,2022-02-13
3320,1929.0,2022-12-21
3321,1574.0,2020-12-21
3322,704.0,2023-09-23
3323,344.0,2021-09-24
3324,1449.0,2020-09-29
3325,1504.0,2023-07-23
3326,1289.0,2020-06-15
3327,1875.0,2020-07-12
3328,930.0,2022-09-07
3329,649.0,2020-06-12
3330,97.0,2023-12-14
3331,1320.0,2021-07-29
3332,1429.0,2020-11-29
3333,1858.0,2022-03-17
3334,1070.0,2023-11-20
3335,122.0,2021-02-13
3336,460.0,2021-05-26
3337,196.0,2021-02-07
3338,1472.0,2022-02-21
3339,131.0,2023-11-13
3340,897.0,2022-01-23
3341,1684.0,2020-07-13
3342,974.0,2020-12-31
3343,1675.0,2021-01-16
3344,1475.0,2020-01-18
3345,872.0,2023-11-09
3346,198.0,2023-10-25
3347,640.0,2022-04-02
3348,1404.0,2021-03-16
3349,418.0,2023-02-26
3350,562.0,2022-05-31
3351,1926.0,2024-01-18
3352,1823.0,2023-03-19
3353,1664.0,2020-01-08
3354,1943.0,2020-03-03
3355,1837.0,2021-08-15
3356,1418.0,2022-06-27
3357,1298.0,2022-12-15
3358,1415.0,2021-05-29
3359,713.0,2022-05-11
3360,1365.0,2023-05-26
3361,589.0,2020-07-05
3362,1341.0,2021-05-01
3363,352.0,2020-07-24
3364,1880.0,2022-02-11
3365,1910.0,2022-01-02
3366,1753.0,2021-09-09
3367,1425.0,2022-06-15
3368,,2021-07-31
3369,260.0,2021-12-12
3370,840.0,2021-05-07
3371,616.0,2020-11-18
3372,401.0,2020-01-18
3373,1039.0,2020-03-10
3374,585.0,2022-06-02
3375,,2023-07-03
3376,1557.0,2022-11-28
3377,196.0,2020-01-20
3378,113.0,2020-08-19
3379,1069.0,2021-01-18
3380,1352.0,2021-10-11
3381,1033.0,2022-03-27
3382,614.0,2020-04-01
3383,972.0,2022-06-16
3384,1645.0,2022-11-08
3385,985.0,2022-01-04
3386,771.0,2020-05-11
3387,299.0,2023-12-31
3388,14.0,2020-02-12
3389,166.0,2021-06-30
3390,1310.0,2022-10-28
3391,1.0,2022-07-19
3392,1111.0,2023-10-11
3393,352.0,2021-11-11
3394,1153.0,2023-06-23
3395,393.0,2020-05-13
3396,1870.0,2023-07-23
3397,608.0,2020-04-04
3398,1958.0,2020-12-15
3399,372.0,2023-07-17
3400,465.0,2022-01-12
3401,998.0,2021-11-09
3402,,2023-08-26
3403,271.0,2023-08-13
3404,963.0,2023-12-25
3405,878.0,2020-07-29
3406,1224.0,2021-12-24
3407,,2020-04-25
3408,220.0,2024-01-07
3409,,2020-12-19
3410,562.0,2022-08-25
3411,460.0,2021-09-11
3412,310.0,2020-04-17
3413,1952.0,2023-01-13
3414,711.0,2023-09-03
3415,1688.0,2020-04-24
3416,1894.0,2023-06-30
3417,1802.0,2021-06-27
3418,1130.0,2023-02-21
3419,,2021-06-05
3420,765.0,2020-05-19
3421,1943.0,2021-04-06
3422,816.0,2020-08-24
3423,59.0,2023-10-14
3424,1253.0,2021-08-20
3425,1440.0,2020-10-10
3426,454.0,2020-11-04
3427,9.0,2023-09-24
3428,419.0,2022-12-10
3429,19.0,2020-09-22
3430,281.0,2022-06-20
3431,1449.0,2020-06-29
3432,966.0,2021-02-16
3433,1110.0,2022-11-13
3434,1926.0,2023-08-21
3435,1603.0,2022-10-27
3436,955.0,2021-01-14
3437,1397.0,2022-05-03
3438,260.0,2022-02-12
3439,114.0,2022-01-27
3440,1091.0,2021-12-01
3441,1214.0,2022-12-21
3442,1662.0,2021-05-06
3443,893.0,2022-10-13
3444,1255.0,2023-07-02
3445,576.0,2021-12-10
3446,1710.0,2022-10-04
3447,353.0,2021-10-03
3448,1340.0,2021-03-08
3449,1294.0,2020-09-24
3450,474.0,2020-07-10
3451,1262.0,2023-04-30
3452,894.0,2023-01-06
3453,369.0,2023-03-16
3454,44.0,2023-06-03
3455,970.0,2022-06-17
3456,1439.0,2021-09-28
3457,1973.0,2023-04-12
3458,1346.0,2020-11-21
3459,1635.0,2022-09-06
3460,469.0,2021-08-26
3461,1823.0,2021-06-29
3462,628.0,2022-10-10
3463,159.0,2022-09-30
3464,976.0,2023-09-09
3465,1977.0,2023-08-13
3466,44.0,2024-01-05
3467,510.0,2021-01-30
3468,1313.0,2021-09-11
3469,936.0,2022-04-13
3470,470.0,2020-01-13
3471,1003.0,2020-05-26
3472,677.0,2023-12-21
3473,377.0,2023-02-07
3474,722.0,2020-09-12
3475,1107.0,2020-09-06
3476,1492.0,2020-11-06
3477,990.0,2023-10-08
3478,10.0,2023-03-30
3479,1007.0,2020-11-20
3480,191.0,2023-07-30
3481,1350.0,2022-06-02
3482,1523.0,2022-06-28
3483,653.0,2020-01-27
3484,721.0,2020-08-28
3485,670.0,2020-01-19
3486,1883.0,2022-06-18
3487,629.0,2020-02-21
3488,1199.0,2020-08-25
3489,1726.0,2021-04-13
3490,1150.0,2023-11-13
3491,249.0,2020-03-26
3492,397.0,2021-08-25
3493,1192.0,2021-06-19
3494,1663.0,2023-10-31
3495,427.0,2023-09-18
3496,1971.0,2023-07-31
3497,1104.0,2023-02-10
3498,443.0,2020-03-06
3499,296.0,2024-01-23
3500,1854.0,2021-10-22
3501,,2020-07-09
3502,1221.0,2023-07-07
3503,699.0,2020-01-20
3504,204.0,2023-08-06
3505,1112.0,2020-05-01
3506,1175.0,2023-07-07
3507,248.0,2023-08-30
3508,1867.0,2022-08-10
3509,532.0,2022-12-22
3510,1324.0,2023-03-29
3511,1652.0,2022-01-15
3512,1254.0,2021-10-30
3513,1964.0,2023-06-09
3514,1410.0,2020-04-10
3515,474.0,2023-12-07
3516,743.0,2021-10-07
3517,1992.0,2021-03-19
3518,1084.0,2023-07-09
3519,,2020-10-19
3520,166.0,2021-07-30
3521,926.0,2022-04-03
3522,259.0,2020-01-30
3523,1741.0,2021-03-27
3524,1470.0,2020-03-11
3525,519.0,2020-05-09
3526,585.0,2022-09-02
3527,1091.0,2020-03-31
3528,1563.0,2021-11-19
3529,1304.0,2023-09-18
3530,951.0,2023-09-08
3531,805.0,2021-02-13
3532,1211.0,2023-07-16
3533,1629.0,2023-05-03
3534,326.0,2024-02-04
3535,,2023-02-16
3536,1575.0,2021-05-22
3537,938.0,2020-10-13
3538,1118.0,2022-05-16
3539,1278.0,2021-08-25
3540,1994.0,2021-08-13
3541,1941.0,2022-02-27
3542,1795.0,2022-04-28
3543,4.0,2021-07-08
3544,1462.0,2021-12-04
3545,1460.0,2022-06-10
3546,713.0,2023-05-20
3547,400.0,2021-09-05
3548,1235.0,2023-07-10
3549,1553.0,2020-02-28
3550,221.0,2020-06-17
3551,1718.0,2022-04-29
3552,1086.0,2021-05-08
3553,897.0,2020-04-05
3554,1652.0,2022-09-15
3555,143.0,2021-02-02
3556,441.0,2021-08-18
3557,,2023-09-08
3558,1187.0,2021-08-07
3559,1668.0,2020-01-28
3560,1931.0,2021-07-23
3561,1903.0,2023-08-22
3562,1589.0,2020-07-09
3563,1067.0,2022-04-18
3564,1661.0,2020-05-28
3565,847.0,2023-11-04
3566,1237.0,2020-11-19
3567,1827.0,2021-02-04
3568,1002.0,2022-01-09
3569,626.0,2021-08-07
3570,1956.0,2022-03-17
3571,1427.0,2021-03-30
3572,,2021-12-21
3573,1303.0,2022-01-02
3574,601.0,2022-08-10
3575,409.0,2022-09-03
3576,1098.0,2020-02-20
3577,1380.0,2023-05-10
3578,952.0,2022-12-31
3579,900.0,2022-11-21
3580,1595.0,2020-03-18
3581,1523.0,2020-04-29
3582,6.0,2022-03-26
3583,768.0,2022-05-17
3584,263.0,2020-08-09
3585,779.0,2022-07-08
3586,1528.0,2021-08-06
3587,,2021-03-21
3588,372.0,2023-12-10
3589,984.0,2022-09-14
3590,789.0,2023-07-30
3591,782.0,2022-06-05
3592,1205.0,2020-04-01
3593,380.0,2022-09-16
3594,527.0,2023-10-19
3595,539.0,2020-08-14
3596,1415.0,2022-09-29
3597,28.0,2023-10-26
3598,322.0,2022-04-23
3599,929.0,2021-05-31
3600,,2022-09-10
3601,175.0,2023-04-04
3602,1302.0,2023-07-14
3603,635.0,2023-12-23
3604,1347.0,2021-12-25
3605,1437.0,2022-12-21
3606,1500.0,2020-06-11
3607,461.0,2023-05-10
3608,1476.0,2022-01-26
3609,680.0,2023-06-23
3610,270.0,2023-03-26
3611,1588.0,2022-01-02
3612,1833.0,2020-05-22
3613,140.0,2022-07-22
3614,1786.0,2020-12-24
3615,315.0,2020-04-17
3616,1998.0,2022-09-05
3617,438.0,2023-06-02
3618,1939.0,2020-10-26
3619,1789.0,2023-11-06
3620,1185.0,2020-08-25
3621,1752.0,2022-01-18
3622,231.0,2020-10-05
3623,1659.0,2020-10-21
3624,1168.0,2022-01-09
3625,1096.0,2020-04-18
3626,195.0,2020-10-27
3627,1447.0,2023-02-03
3628,1099.0,2023-01-20
3629,1095.0,2022-04-01
3630,1008.0,2022-01-13
3631,226.0,2021-10-16
3632,262.0,2023-04-26
3633,1989.0,2023-04-13
3634,1687.0,2020-10-21
3635,121.0,2023-02-04
3636,1499.0,2020-06-20
3637,300.0,2023-06-01
3638,1774.0,2022-05-25
3639,1492.0,2021-09-05
3640,1013.0,2022-11-12
3641,1717.0,2023-08-29
3642,275.0,2022-04-16
3643,1322.0,2023-10-25
3644,526.0,2020-05-28
3645,,2024-01-31
3646,1638.0,2023-08-19
3647,1620.0,2022-11-04
3648,265.0,2021-12-28
3649,1844.0,2020-01-31
3650,1487.0,2020-04-04
3651,492.0,2021-04-26
3652,1996.0,2021-12-20
3653,678.0,2022-07-14
3654,1266.0,2020-12-21
3655,1870.0,2022-01-05
3656,1802.0,2021-07-06
3657,547.0,2021-12-07
3658,1604.0,2020-02-16
3659,1272.0,2021-07-06
3660,23.0,2022-07-14
3661,968.0,2021-07-19
3662,363.0,2021-09-18
3663,649.0,2020-06-05
3664,361.0,2023-02-22
3665,785.0,2023-11-29
3666,80.0,2022-03-28
3667,1959.0,2020-12-08
3668,208.0,2020-10-10
3669,587.0,2020-12-25
3670,11.0,2020-11-23
3671,1212.0,2022-06-01
3672,578.0,2021-07-28
3673,124.0,2021-01-21
3674,1444.0,2023-02-12
3675,1474.0,2020-06-24
3676,572.0,2021-10-10
3677,1620.0,2020-09-01
3678,705.0,2021-05-14
3679,1340.0,2021-07-06
3680,236.0,2022-12-01
3681,484.0,2020-04-07
3682,1761.0,2023-05-03
3683,1128.0,2020-01-08
3684,1395.0,2021-01-15
3685,542.0,2022-09-18
3686,1890.0,2021-05-01
3687,1884.0,2023-01-23
3688,876.0,2022-05-30
3689,357.0,2021-11-17
3690,1792.0,2020-09-29
3691,1494.0,2021-09-18
3692,367.0,2023-03-25
3693,268.0,2021-06-09
3694,1241.0,2020-09-21
3695,907.0,2021-05-28
3696,1222.0,2020-12-11
3697,1505.0,2021-06-17
3698,755.0,2023-12-21
3699,299.0,2023-02-07
3700,647.0,2020-02-09
3701,616.0,2020-03-19
3702,781.0,2021-05-22
3703,197.0,2021-06-24
3704,895.0,2020-06-22
3705,1920.0,2021-04-18
3706,757.0,2023-02-20
3707,933.0,2023-08-20
3708,1675.0,2024-01-18
3709,1745.0,2021-08-24
3710,168.0,2024-01-21
3711,1932.0,2022-11-21
3712,683.0,2022-02-25
3713,97.0,2021-01-30
3714,412.0,2023-05-13
3715,1499.0,2023-12-03
3716,1109.0,2020-01-15
3717,,2022-08-10
3718,1827.0,2022-04-09
3719,21.0,2023-10-21
3720,1930.0,2020-05-20
3721,912.0,2023-10-31
3722,1864.0,2021-07-31
3723,1511.0,2022-03-08
3724,17.0,2022-10-04
3725,1985.0,2022-06-21
3726,1699.0,2020-05-14
3727,1234.0,2021-01-18
3728,526.0,2020-10-23
3729,1123.0,2022-02-10
3730,1762.0,2021-10-24
3731,763.0,2022-06-30
3732,241.0,2022-09-02
3733,393.0,2022-08-27
3734,468.0,2022-05-28
3735,555.0,2021-02-02
3736,,2022-02-02
3737,14.0,2020-02-22
3738,342.0,2023-09-23
3739,1421.0,2021-10-18
3740,1169.0,2023-04-03
3741,1590.0,2023-11-07
3742,492.0,2023-03-06
3743,1637.0,2021-03-20
3744,1316.0,2020-08-13
3745,1890.0,2021-06-28
3746,1876.0,2023-01-24
3747,628.0,2021-04-11
3748,235.0,2020-03-03
3749,1790.0,2023-08-17
3750,1292.0,2020-01-14
3751,1581.0,2022-12-03
3752,503.0,2022-05-06
3753,1172.0,2022-03-31
3754,32.0,2020-08-06
3755,793.0,2023-09-14
3756,,2020-05-22
3757,895.0,2022-02-05
3758,1047.0,2022-07-10
3759,512.0,2023-08-21
3760,644.0,2021-05-09
3761,882.0,2021-12-21
3762,670.0,2021-01-14
3763,509.0,2023-01-01
3764,1614.0,2021-11-08
3765,1625.0,2021-02-21
3766,1678.0,2020-06-29
3767,432.0,2021-12-12
3768,300.0,2022-07-31
3769,1943.0,2022-02-04
3770,,2021-04-06
3771,1580.0,2020-07-04
3772,927.0,2020-01-29
3773,89.0,2020-03-28
3774,73.0,2023-12-11
3775,,2022-07-24
3776,329.0,2021-12-20
3777,1121.0,2022-11-12
3778,1851.0,2020-05-25
3779,36.0,2020-11-12
3780,598.0,2020-07-29
3781,822.0,2021-09-25
3782,,2022-09-12
3783,399.0,2021-12-19
3784,1116.0,2021-07-03
3785,26.0,2020-05-10
3786,1972.0,2024-01-04
3787,491.0,2020-06-24
3788,1402.0,2021-12-28
3789,13.0,2020-12-01
3790,1379.0,2022-09-13
3791,173.0,2021-08-25
3792,631.0,2022-06-10
3793,,2021-12-13
3794,1148.0,2022-03-29
3795,82.0,2021-10-13
3796,1818.0,2021-04-04
3797,624.0,2023-06-12
3798,1378.0,2022-07-17
3799,1192.0,2020-11-09
3800,,2021-08-07
3801,1357.0,2021-08-12
3802,342.0,2020-05-14
3803,371.0,2021-07-06
3804,,2022-02-13
3805,1220.0,2021-02-26
3806,1736.0,2020-06-17
3807,766.0,2023-08-09
3808,1290.0,2021-05-29
3809,679.0,2023-02-21
3810,301.0,2022-08-20
3811,152.0,2022-03-21
3812,1607.0,2021-12-27
3813,1458.0,2021-01-07
3814,1667.0,2022-07-28
3815,1830.0,2021-09-02
3816,1875.0,2022-03-29
3817,1523.0,2024-01-01
3818,1023.0,2021-12-16
3819,1728.0,2023-05-26
3820,,2020-08-17
3821,1585.0,2020-07-20
3822,1299.0,2022-03-07
3823,501.0,2021-03-25
3824,1990.0,2020-02-14
3825,297.0,2023-04-08
3826,41.0,2021-04-11
3827,188.0,2023-08-28
3828,,2020-11-14
3829,1843.0,2022-06-24
3830,540.0,2022-10-26
3831,573.0,2023-05-02
3832,1077.0,2023-11-15
3833,,2022-12-21
3834,1891.0,2021-11-10
3835,859.0,2021-12-28
3836,1340.0,2023-08-29
3837,269.0,2023-05-26
3838,728.0,2021-10-24
3839,1218.0,2020-10-03
3840,883.0,2024-01-15
3841,959.0,2021-06-24
3842,1627.0,2024-01-14
3843,190.0,2023-07-23
3844,573.0,2023-10-18
3845,1667.0,2020-11-26
3846,,2020-11-27
3847,83.0,2023-03-29
3848,34.0,2020-11-14
3849,146.0,2022-03-30
3850,400.0,2022-05-13
3851,1236.0,2020-08-16
3852,1357.0,2022-03-11
3853,234.0,2020-06-03
3854,601.0,2023-01-18
3855,196.0,2023-11-12
3856,1797.0,2022-08-10
3857,654.0,2021-09-20
3858,1263.0,2021-05-04
3859,1656.0,2020-11-13
3860,1490.0,2020-06-30
3861,,2023-07-09
3862,1578.0,2021-04-06
3863,1093.0,2020-01-10
3864,1401.0,2020-03-31
3865,1982.0,2021-10-09
3866,1649.0,2020-11-14
3867,1363.0,2022-12-20
3868,1957.0,2020-11-19
3869,1349.0,2021-08-26
3870,1403.0,2022-02-24
3871,1085.0,2021-05-31
3872,769.0,2022-03-12
3873,409.0,2023-10-09
3874,655.0,2023-11-16
3875,1585.0,2022-11-05
3876,844.0,2022-06-20
3877,801.0,2023-10-26
3878,1982.0,2023-11-20
3879,1321.0,2022-12-18
3880,812.0,2020-09-21
3881,536.0,2022-12-08
3882,64.0,2020-07-21
3883,681.0,2022-10-04
3884,671.0,2023-08-10
3885,696.0,2020-04-16
3886,84.0,2023-06-19
3887,1280.0,2020-06-18
3888,1714.0,2020-01-28
3889,403.0,2023-06-12
3890,1612.0,2020-01-01
3891,201.0,2020-04-26
3892,1536.0,2023-12-05
3893,389.0,2022-04-10
3894,1476.0,2020-01-24
3895,480.0,2023-12-05
3896,1205.0,2020-07-17
3897,1019.0,2021-05-18
3898,1456.0,2021-10-26
3899,868.0,2021-03-22
3900,1960.0,2020-08-06
3901,1904.0,2022-04-17
3902,1386.0,2020-08-28
3903,33.0,2023-10-21
3904,1478.0,2021-12-25
3905,565.0,2021-01-23
3906,734.0,2020-07-04
3907,443.0,2021-02-07
3908,230.0,2020-04-11
3909,671.0,2023-09-16
3910,767.0,2021-04-04
3911,1216.0,2021-05-12
3912,1080.0,2021-06-10
3913,1770.0,2021-10-27
3914,213.0,2022-06-22
3915,1531.0,2021-11-27
3916,465.0,2021-08-30
3917,1957.0,2023-07-24
3918,1422.0,2020-12-22
3919,139.0,2022-11-19
3920,1371.0,2020-05-07
3921,822.0,2023-11-15
3922,24.0,2020-07-13
3923,1504.0,2022-04-14
3924,754.0,2020-11-01
3925,1003.0,2020-11-03
3926,1118.0,2020-01-25
3927,897.0,2023-11-15
3928,1537.0,2022-03-30
3929,253.0,2020-03-31
3930,539.0,2021-04-22
3931,369.0,2020-11-18
3932,,2023-10-10
3933,1799.0,2020-03-04
3934,1445.0,2023-08-02
3935,1590.0,2022-04-07
3936,1166.0,2020-02-11
3937,1707.0,2023-05-15
3938,318.0,2021-08-02
3939,1199.0,2020-09-02
3940,985.0,2021-08-24
3941,1379.0,2021-08-20
3942,1080.0,2021-05-01
3943,359.0,2023-09-14
3944,1558.0,2020-08-28
3945,1484.0,2021-10-30
3946,1470.0,2021-05-22
3947,543.0,2023-04-19
3948,62.0,2024-01-30
3949,207.0,2022-08-18
3950,1318.0,2023-04-14
3951,252.0,2021-10-03
3952,677.0,2021-08-21
3953,1299.0,2023-10-21
3954,1211.0,2023-05-31
3955,558.0,2022-03-19
3956,1417.0,2022-11-14
3957,1417.0,2023-10-30
3958,1760.0,2020-02-22
3959,1375.0,2022-12-01
3960,1764.0,2022-03-07
3961,98.0,2020-09-30
3962,1832.0,2021-03-29
3963,752.0,2021-02-23
3964,1451.0,2020-02-10
3965,216.0,2020-12-25
3966,136.0,2023-02-01
3967,,2022-06-03
3968,1067.0,2023-08-10
3969,1242.0,2022-01-26
3970,1806.0,2021-02-14
3971,518.0,2021-06-13
3972,1872.0,2023-02-27
3973,1359.0,2023-04-26
3974,157.0,2022-02-26
3975,1283.0,2022-05-13
3976,999.0,2021-10-04
3977,732.0,2021-12-25
3978,,2023-04-17
3979,1480.0,2023-09-23
3980,449.0,2022-05-07
3981,1511.0,2020-09-29
3982,570.0,2023-04-14
3983,46.0,2023-09-22
3984,1400.0,2020-03-03
3985,1566.0,2023-11-07
3986,1634.0,2022-05-09
3987,381.0,2021-08-09
3988,1637.0,2020-12-01
3989,974.0,2022-05-30
3990,1687.0,2020-02-18
3991,1865.0,2021-10-17
3992,1760.0,2023-08-20
3993,90.0,2020-02-22
3994,539.0,2020-02-06
3995,100.0,2022-12-08
3996,937.0,2022-05-02
3997,1189.0,2023-02-02
3998,1823.0,2020-03-20
3999,1655.0,2024-02-05
4000,154.0,2022-01-27
4001,245.0,2022-02-11
4002,1763.0,2023-07-15
4003,926.0,2022-10-18
4004,270.0,2021-05-12
4005,163.0,2023-09-26
4006,148.0,2021-02-09
4007,1868.0,2023-12-07
4008,290.0,2022-12-12
4009,186.0,2021-01-19
4010,157.0,2021-09-28
4011,594.0,2020-09-04
4012,1474.0,2023-11-06
4013,1173.0,2021-08-21
4014,1480.0,2021-03-12
4015,1684.0,2020-06-17
4016,345.0,2020-08-06
4017,1234.0,2021-01-10
4018,1140.0,2022-08-19
4019,1598.0,2022-08-30
4020,,2020-02-11
4021,134.0,2022-12-17
4022,1148.0,2023-02-07
4023,810.0,2020-02-08
4024,109.0,2022-05-08
4025,1101.0,2020-12-09
4026,1859.0,2023-08-06
4027,1770.0,2022-04-09
4028,559.0,2020-08-28
4029,847.0,2022-04-04
4030,286.0,2021-05-07
4031,1383.0,2020-07-24
4032,956.0,2020-01-13
4033,417.0,2023-03-15
4034,273.0,2021-03-14
4035,39.0,2021-08-04
4036,1993.0,2021-11-28
4037,1440.0,2022-08-06
4038,1386.0,2022-02-27
4039,,2022-03-24
4040,697.0,2021-08-29
4041,1650.0,2023-02-05
4042,1694.0,2020-09-25
4043,1386.0,2021-07-12
4044,838.0,2021-09-29
4045,74.0,2023-06-02
4046,1288.0,2020-08-09
4047,674.0,2023-07-09
4048,399.0,2021-09-01
4049,1128.0,2021-10-01
4050,1212.0,2023-06-02
4051,99.0,2022-11-13
4052,737.0,2021-05-09
4053,272.0,2020-08-28
4054,,2023-01-17
4055,1251.0,2022-04-04
4056,1763.0,2020-07-25
4057,,2023-06-19
4058,776.0,2023-09-04
4059,1046.0,2021-10-09
4060,37.0,2023-02-22
4061,872.0,2022-09-02
4062,1110.0,2020-04-05
4063,,2023-11-23
4064,1966.0,2020-06-14
4065,753.0,2021-06-11
4066,1631.0,2023-08-21
4067,741.0,2023-07-10
4068,641.0,2021-05-30
4069,549.0,2023-04-08
4070,7.0,2020-09-29
4071,392.0,2020-04-17
4072,1952.0,2020-10-26
4073,1227.0,2021-04-17
4074,1819.0,2020-06-20
4075,466.0,2020-08-29
4076,1792.0,2022-09-12
4077,844.0,2023-03-08
4078,1221.0,2022-10-31
4079,945.0,2021-10-02
4080,1633.0,2021-09-07
4081,123.0,2024-01-08
4082,330.0,2020-10-05
4083,,2023-06-02
4084,1383.0,2022-09-07
4085,1680.0,2020-01-27
4086,1388.0,2021-06-18
4087,13.0,2021-01-03
4088,311.0,2023-09-29
4089,1016.0,2020-07-24
4090,951.0,2021-06-15
4091,635.0,2021-08-11
4092,637.0,2021-12-11
4093,498.0,2020-08-16
4094,1757.0,2020-02-13
4095,1841.0,2020-09-26
4096,318.0,2022-01-18
4097,1727.0,2021-11-03
4098,592.0,2021-12-07
4099,485.0,2023-11-01
4100,898.0,2023-06-01
4101,321.0,2020-08-28
4102,676.0,2023-05-03
4103,845.0,2023-02-19
4104,1857.0,2021-12-30
4105,849.0,2021-08-30
4106,330.0,2020-12-17
4107,1646.0,2021-05-21
4108,1588.0,2023-11-06
4109,329.0,2022-01-02
4110,784.0,2020-03-04
4111,541.0,2020-10-19
4112,1096.0,2021-10-18
4113,1508.0,2020-10-12
4114,1598.0,2021-06-11
4115,978.0,2021-12-20
4116,1263.0,2023-12-25
4117,1688.0,2023-07-07
4118,1170.0,2020-12-17
4119,630.0,2023-05-15
4120,984.0,2020-03-10
4121,1156.0,2020-05-14
4122,1937.0,2022-07-18
4123,1443.0,2022-01-06
4124,1503.0,2020-01-30
4125,788.0,2024-01-31
4126,852.0,2021-07-27
4127,805.0,2022-03-09
4128,,2020-06-17
4129,531.0,2021-09-24
4130,1235.0,2020-03-10
4131,1347.0,2023-07-09
4132,1495.0,2022-10-02
4133,1636.0,2023-02-12
4134,518.0,2020-10-16
4135,789.0,2023-12-04
4136,487.0,2020-11-28
4137,450.0,2022-12-22
4138,440.0,2023-11-06
4139,928.0,2021-03-16
4140,1641.0,2021-11-16
4141,1313.0,2021-03-30
4142,915.0,2021-05-11
4143,1483.0,2021-02-13
4144,,2022-02-07
4145,,2023-02-01
4146,100.0,2021-03-10
4147,1996.0,2022-05-22
4148,1499.0,2024-01-14
4149,501.0,2022-11-16
4150,219.0,2023-04-19
4151,847.0,2020-11-04
4152,1536.0,2020-05-11
4153,717.0,2022-05-13
4154,1024.0,2020-08-21
4155,102.0,2023-10-06
4156,1031.0,2024-01-24
4157,1864.0,2020-04-22
4158,81.0,2023-10-12
4159,252.0,2021-03-04
4160,,2020-06-24
4161,682.0,2022-12-08
4162,554.0,2023-05-05
4163,516.0,2022-12-17
4164,1687.0,2023-06-25
4165,1205.0,2022-08-25
4166,1677.0,2022-07-07
4167,,2022-02-07
4168,1204.0,2020-09-26
4169,62.0,2022-05-09
4170,1947.0,2022-11-14
4171,185.0,2023-10-23
4172,1476.0,2023-02-01
4173,210.0,2023-02-01
4174,1584.0,2022-07-09
4175,1686.0,2022-09-26
4176,1993.0,2023-09-25
4177,29.0,2021-01-29
4178,503.0,2021-01-04
4179,,2020-04-22
4180,1247.0,2021-05-25
4181,502.0,2021-08-25
4182,1285.0,2021-04-27
4183,14.0,2023-05-24
4184,831.0,2022-10-12
4185,1900.0,2022-06-27
4186,1822.0,2023-01-26
4187,1200.0,2021-11-14
4188,1758.0,2023-10-21
4189,1113.0,2021-12-10
4190,970.0,2020-10-19
4191,1654.0,2020-12-06
4192,269.0,2020-12-24
4193,1574.0,2022-10-03
4194,710.0,2022-05-02
4195,1158.0,2023-01-08
4196,366.0,2024-01-05
4197,1635.0,2022-06-12
4198,1336.0,2022-10-07
4199,894.0,2020-08-19
4200,292.0,2023-04-26
4201,203.0,2021-12-24
4202,1577.0,2024-01-17
4203,1991.0,2023-12-24
4204,1822.0,2020-04-25
4205,1338.0,2021-02-11
4206,1349.0,2022-03-15
4207,,2022-06-11
4208,940.0,2020-12-06
4209,406.0,2021-09-30
4210,448.0,2022-07-26
4211,1749.0,2020-09-07
4212,249.0,2021-04-14
4213,1325.0,2023-04-06
4214,,2022-01-15
4215,1766.0,2022-01-16
4216,5.0,2023-04-18
4217,351.0,2020-12-24
4218,16.0,2021-05-14
4219,683.0,2021-12-22
4220,1095.0,2021-01-04
4221,1228.0,2021-06-10
4222,1961.0,2022-12-30
4223,340.0,2021-05-02
4224,375.0,2021-08-20
4225,192.0,2022-11-01
4226,1335.0,2020-03-18
4227,654.0,2022-04-28
4228,1608.0,2022-01-17
4229,1767.0,2022-11-30
4230,1897.0,2023-05-09
4231,1068.0,2022-01-08
4232,1715.0,2023-09-27
4233,1344.0,2023-11-30
4234,480.0,2021-01-10
4235,1735.0,2024-01-11
4236,1865.0,2021-12-26
4237,840.0,2021-04-07
4238,686.0,2023-02-07
4239,1694.0,2020-09-03
4240,1048.0,2022-07-30
4241,1334.0,2023-12-05
4242,1726.0,2021-09-23
4243,1434.0,2021-12-04
4244,1424.0,2022-05-07
4245,527.0,2021-02-11
4246,189.0,2022-01-07
4247,1302.0,2023-11-30
4248,336.0,2022-09-10
4249,1974.0,2020-10-05
4250,,2021-01-08
4251,1599.0,2021-12-03
4252,1213.0,2021-06-10
4253,553.0,2021-08-31
4254,1762.0,2021-02-10
4255,580.0,2020-06-22
4256,131.0,2022-11-23
4257,370.0,2021-02-18
4258,3.0,2021-12-28
4259,888.0,2023-01-07
4260,1692.0,2022-08-21
4261,1831.0,2022-08-05
4262,48.0,2023-12-17
4263,812.0,2020-01-04
4264,86.0,2020-04-16
4265,1960.0,2022-03-23
4266,,2020-05-12
4267,1935.0,2021-02-24
4268,1271.0,2020-11-07
4269,104.0,2023-12-28
4270,307.0,2021-09-05
4271,669.0,2020-01-02
4272,1411.0,2020-12-01
4273,717.0,2021-10-26
4274,1466.0,2022-02-22
4275,629.0,2023-04-27
4276,1364.0,2022-09-05
4277,1673.0,2020-09-24
4278,1223.0,2022-07-30
4279,1887.0,2020-08-09
4280,549.0,2022-03-01
4281,1459.0,2022-09-11
4282,,2023-01-26
4283,189.0,2023-02-17
4284,1191.0,2024-01-01
4285,1338.0,2023-01-14
4286,430.0,2023-12-07
4287,1785.0,2022-11-16
4288,1529.0,2023-12-04
4289,195.0,2022-10-28
4290,864.0,2023-05-26
4291,1953.0,2020-09-08
4292,309.0,2021-07-21
4293,139.0,2022-06-08
4294,231.0,2020-12-09
4295,1684.0,2020-07-05
4296,1389.0,2021-03-04
4297,1379.0,2024-01-24
4298,1142.0,2022-04-20
4299,1135.0,2021-04-13
4300,918.0,2020-11-18
4301,684.0,2021-09-21
4302,1455.0,2022-07-05
4303,204.0,2023-02-19
4304,731.0,2020-11-12
4305,440.0,2024-01-14
4306,1461.0,2021-11-12
4307,754.0,2021-10-03
4308,32.0,2022-08-09
4309,524.0,2022-06-15
4310,1263.0,2023-01-01
4311,1724.0,2020-10-09
4312,1132.0,2022-11-10
4313,1181.0,2022-03-11
4314,603.0,2020-03-17
4315,96.0,2021-08-29
4316,541.0,2023-05-20
4317,633.0,2021-09-18
4318,400.0,2021-06-19
4319,1953.0,2021-05-03
4320,1684.0,2021-01-15
4321,,2023-09-30
4322,560.0,2021-05-27
4323,749.0,2020-08-20
4324,521.0,2020-12-20
4325,950.0,2020-06-12
4326,1304.0,2020-06-01
4327,1371.0,2022-02-14
4328,1830.0,2020-12-03
4329,608.0,2020-12-25
4330,1434.0,2024-02-07
4331,937.0,2024-01-04
4332,,2022-05-14
4333,632.0,2020-08-27
4334,52.0,2020-04-03
4335,1965.0,2020-04-29
4336,1281.0,2021-05-05
4337,631.0,2023-05-10
4338,1685.0,2020-05-23
4339,,2021-02-21
4340,1606.0,2022-10-21
4341,61.0,2023-10-30
4342,1155.0,2023-11-27
4343,1753.0,2023-09-22
4344,1166.0,2021-10-11
4345,1892.0,2023-11-23
4346,227.0,2021-01-21
4347,420.0,2021-05-04
4348,550.0,2021-08-01
4349,241.0,2022-06-22
4350,894.0,2022-03-16
4351,744.0,2020-07-15
4352,184.0,2022-02-01
4353,1021.0,2022-01-28
4354,1874.0,2022-11-11
4355,1016.0,2022-11-10
4356,493.0,2022-11-05
4357,801.0,2021-05-14
4358,1754.0,2020-01-25
4359,809.0,2020-10-15
4360,155.0,2020-04-20
4361,1999.0,2020-04-05
4362,890.0,2022-10-03
4363,227.0,2021-11-10
4364,656.0,2020-03-15
4365,1614.0,2021-02-01
4366,1873.0,2021-10-02
4367,1912.0,2021-11-25
4368,359.0,2022-06-21
4369,38.0,2022-04-19
4370,805.0,2020-10-29
4371,1681.0,2020-12-26
4372,1193.0,2022-05-22
4373,430.0,2020-06-10
4374,955.0,2023-01-24
4375,1248.0,2022-05-30
4376,898.0,2021-07-08
4377,1414.0,2021-10-11
4378,1635.0,2022-12-11
4379,410.0,2020-05-30
4380,33.0,2022-04-15
4381,201.0,2022-12-12
4382,1301.0,2024-01-21
4383,873.0,2021-02-07
4384,,2021-04-17
4385,1447.0,2023-05-10
4386,609.0,2020-12-09
4387,1771.0,2023-02-06
4388,620.0,2022-03-11
4389,495.0,2020-01-26
4390,1725.0,2020-12-18
4391,1140.0,2021-04-06
4392,914.0,2020-02-16
4393,1519.0,2022-02-17
4394,1314.0,2021-07-18
4395,1442.0,2021-01-12
4396,973.0,2021-09-25
4397,1788.0,2022-04-11
4398,,2022-11-13
4399,1908.0,2022-08-29
4400,1150.0,2022-05-14
4401,210.0,2021-06-23
4402,385.0,2023-07-18
4403,29.0,2021-12-06
4404,1749.0,2021-08-11
4405,1240.0,2021-04-18
4406,1960.0,2023-06-29
4407,1510.0,2021-07-13
4408,1327.0,2022-11-18
4409,1610.0,2023-05-10
4410,834.0,2020-03-04
4411,902.0,2021-09-19
4412,460.0,2021-07-19
4413,553.0,2020-01-03
4414,1826.0,2023-01-19
4415,868.0,2022-12-05
4416,251.0,2022-03-25
4417,1971.0,2022-01-25
4418,931.0,2021-11-25
4419,1918.0,2020-01-18
4420,1622.0,2023-10-31
4421,1092.0,2024-02-05
4422,578.0,2022-05-03
4423,458.0,2022-05-18
4424,1209.0,2020-12-27
4425,49.0,2022-12-27
4426,1638.0,2020-06-29
4427,398.0,2020-06-17
4428,728.0,2022-04-07
4429,515.0,2020-07-02
4430,134.0,2022-05-06
4431,815.0,2022-05-18
4432,977.0,2022-05-16
4433,1572.0,2023-10-16
4434,989.0,2022-12-03
4435,1160.0,2024-01-07
4436,1458.0,2020-05-01
4437,1528.0,2020-01-29
4438,1159.0,2022-04-07
4439,237.0,2023-03-12
4440,401.0,2022-09-02
4441,76.0,2021-05-21
4442,1280.0,2021-09-21
4443,1047.0,2022-10-20
4444,1505.0,2022-08-25
4445,127.0,2022-05-23
4446,744.0,2020-03-07
4447,1213.0,2022-11-12
4448,1477.0,2020-08-23
4449,1706.0,2022-04-03
4450,307.0,2020-09-21
4451,1733.0,2020-06-28
4452,1578.0,2021-05-24
4453,1567.0,2020-09-27
4454,270.0,2020-10-12
4455,477.0,2021-10-14
4456,267.0,2022-11-02
4457,1109.0,2024-01-24
4458,944.0,2022-11-14
4459,625.0,2023-09-15
4460,826.0,2020-05-12
4461,797.0,2024-01-06
4462,1371.0,2021-11-30
4463,384.0,2023-02-24
4464,1223.0,2022-08-27
4465,1329.0,2022-07-01
4466,1743.0,2020-04-23
4467,1584.0,2022-08-23
4468,1277.0,2022-04-10
4469,1442.0,2023-02-16
4470,1811.0,2023-11-04
4471,1667.0,2021-07-18
4472,26.0,2020-07-10
4473,1690.0,2023-12-04
4474,772.0,2022-11-16
4475,152.0,2022-01-04
4476,509.0,2020-11-22
4477,630.0,2022-09-25
4478,209.0,2023-09-28
4479,98.0,2022-01-25
4480,1902.0,2021-06-15
4481,307.0,2022-12-12
4482,1631.0,2022-05-14
4483,1190.0,2023-10-05
4484,806.0,2023-01-04
4485,517.0,2020-02-27
4486,1536.0,2022-04-24
4487,1491.0,2022-04-02
4488,,2021-05-01
4489,1366.0,2020-02-02
4490,417.0,2022-06-27
4491,278.0,2023-10-06
4492,1188.0,2023-11-18
4493,1332.0,2020-04-29
4494,1458.0,2023-12-26
4495,119.0,2023-04-21
4496,1817.0,2023-09-17
4497,267.0,2020-02-15
4498,,2022-02-18
4499,1216.0,2023-07-01
4500,257.0,2022-09-18
4501,642.0,2021-10-30
4502,872.0,2020-04-17
4503,1726.0,2023-12-17
4504,361.0,2024-01-13
4505,212.0,2021-09-12
4506,71.0,2023-03-30
4507,41.0,2021-04-22
4508,570.0,2020-12-04
4509,1833.0,2023-06-01
4510,1961.0,2022-02-21
4511,539.0,2020-10-11
4512,1084.0,2022-11-13
4513,475.0,2020-01-15
4514,1257.0,2022-06-28
4515,400.0,2021-07-22
4516,1451.0,2021-12-16
4517,1242.0,2021-04-11
4518,726.0,2024-01-02
4519,500.0,2023-10-11
4520,1152.0,2022-04-14
4521,485.0,2024-01-12
4522,1260.0,2021-12-28
4523,1423.0,2020-03-24
4524,188.0,2022-10-06
4525,950.0,2021-02-23
4526,,2024-01-13
4527,969.0,2022-08-14
4528,1300.0,2020-11-25
4529,830.0,2023-03-01
4530,390.0,2021-03-01
4531,662.0,2021-03-25
4532,486.0,2020-01-07
4533,561.0,2022-10-10
4534,1422.0,2020-08-27
4535,860.0,2021-11-05
4536,973.0,2023-06-26
4537,1739.0,2020-07-11
4538,133.0,2020-05-27
4539,470.0,2021-08-30
4540,1612.0,2023-09-18
4541,408.0,2022-07-14
4542,1734.0,2021-12-20
4543,1806.0,2020-09-20
4544,646.0,2021-04-29
4545,959.0,2022-02-27
4546,648.0,2022-02-21
4547,779.0,2021-06-13
4548,1434.0,2023-07-07
4549,444.0,2022-01-27
4550,662.0,2023-09-10
4551,1821.0,2020-12-29
4552,993.0,2022-12-16
4553,890.0,2022-09-20
4554,1527.0,2023-12-28
4555,1571.0,2024-01-16
4556,1458.0,2021-08-16
4557,283.0,2022-11-24
4558,1016.0,2020-06-25
4559,637.0,2021-02-17
4560,1118.0,2022-03-01
4561,1721.0,2022-09-23
4562,897.0,2023-05-10
4563,518.0,2020-07-11
4564,1181.0,2020-06-30
4565,1698.0,2023-10-04
4566,988.0,2020-05-10
4567,1580.0,2021-05-24
4568,7.0,2023-09-18
4569,279.0,2021-08-25
4570,707.0,2023-09-27
4571,142.0,2021-07-22
4572,1875.0,2023-09-01
4573,352.0,2021-10-13
4574,1597.0,2020-06-06
4575,1263.0,2021-04-12
4576,519.0,2021-11-25
4577,1769.0,2023-08-16
4578,1524.0,2021-11-18
4579,1571.0,2021-09-07
4580,534.0,2020-02-11
4581,433.0,2022-10-06
4582,1271.0,2020-06-18
4583,842.0,2020-07-07
4584,121.0,2022-03-10
4585,1436.0,2021-08-02
4586,884.0,2023-02-22
4587,1872.0,2020-04-08
4588,1658.0,2023-11-01
4589,1200.0,2020-07-04
4590,488.0,2021-01-23
4591,509.0,2023-03-01
4592,278.0,2021-09-02
4593,741.0,2020-05-29
4594,,2021-10-24
4595,461.0,2021-01-28
4596,1235.0,2023-11-16
4597,1581.0,2023-04-26
4598,261.0,2023-10-24
4599,1572.0,2022-03-01
4600,231.0,2023-07-04
4601,1666.0,2023-08-20
4602,659.0,2023-01-20
4603,555.0,2023-06-09
4604,193.0,2023-03-09
4605,1726.0,2020-10-08
4606,200.0,2023-07-13
4607,1888.0,2023-09-20
4608,1955.0,2020-08-09
4609,432.0,2020-11-09
4610,1326.0,2020-09-11
4611,1021.0,2022-04-25
4612,738.0,2023-02-03
4613,389.0,2022-08-03
4614,554.0,2023-02-02
4615,639.0,2022-11-06
4616,513.0,2022-08-20
4617,1344.0,2021-09-17
4618,736.0,2020-09-23
4619,1430.0,2022-07-23
4620,524.0,2021-11-18
4621,220.0,2022-06-30
4622,583.0,2021-10-27
4623,913.0,2022-02-25
4624,989.0,2023-12-24
4625,388.0,2023-01-24
4626,,2020-07-10
4627,1173.0,2021-06-06
4628,1414.0,2023-02-15
4629,666.0,2023-12-25
4630,899.0,2023-01-20
4631,1911.0,2022-01-27
4632,680.0,2023-10-07
4633,930.0,2020-06-29
4634,1335.0,2023-12-02
4635,375.0,2023-08-03
4636,1194.0,2020-12-13
4637,1880.0,2020-10-27
4638,1496.0,2023-03-04
4639,1248.0,2021-12-22
4640,722.0,2021-04-28
4641,710.0,2020-11-11
4642,1978.0,2021-08-18
4643,225.0,2020-01-11
4644,843.0,2020-11-03
4645,36.0,2022-06-01
4646,700.0,2020-02-15
4647,1129.0,2020-06-17
4648,1275.0,2022-12-15
4649,1434.0,2023-12-26
4650,871.0,2021-01-26
4651,1665.0,2021-02-03
4652,42.0,2023-10-07
4653,500.0,2022-11-14
4654,488.0,2023-02-21
4655,1995.0,2020-07-01
4656,1243.0,2022-04-03
4657,1386.0,2022-03-09
4658,1383.0,2021-09-28
4659,1612.0,2021-05-28
4660,782.0,2021-05-23
4661,1601.0,2020-03-03
4662,1058.0,2023-05-24
4663,412.0,2023-09-06
4664,871.0,2021-09-15
4665,991.0,2020-07-09
4666,521.0,2022-04-04
4667,1921.0,2021-10-10
4668,1851.0,2022-12-05
4669,343.0,2020-04-30
4670,1379.0,2020-04-11
4671,453.0,2022-05-08
4672,791.0,2020-09-26
4673,934.0,2022-08-04
4674,516.0,2022-12-05
4675,1084.0,2022-05-13
4676,979.0,2021-01-21
4677,575.0,2020-10-12
4678,72.0,2022-06-27
4679,,2023-04-14
4680,825.0,2024-01-03
4681,,2021-05-13
4682,1305.0,2023-06-29
4683,819.0,2020-12-27
4684,1617.0,2024-01-13
4685,412.0,2022-06-06
4686,1356.0,2021-05-30
4687,933.0,2022-01-21
4688,1767.0,2022-10-15
4689,28.0,2021-07-27
4690,562.0,2023-01-29
4691,196.0,2021-12-01
4692,865.0,2021-12-20
4693,1834.0,2022-01-05
4694,,2023-06-27
4695,317.0,2020-04-07
4696,226.0,2020-10-15
4697,1465.0,2021-02-08
4698,1896.0,2022-03-09
4699,811.0,2022-03-13
4700,1893.0,2022-11-25
4701,,2020-08-27
4702,1045.0,2022-01-06
4703,801.0,2023-01-27
4704,,2022-08-03
4705,883.0,2022-09-09
4706,249.0,2020-03-09
4707,1365.0,2020-11-07
4708,1500.0,2023-10-10
4709,964.0,2020-12-06
4710,21.0,2021-06-20
4711,999.0,2022-10-12
4712,295.0,2022-04-17
4713,1794.0,2020-06-14
4714,1776.0,2022-05-28
4715,1582.0,2022-06-02
4716,97.0,2022-07-11
4717,996.0,2020-12-17
4718,202.0,2020-07-05
4719,405.0,2022-02-10
4720,1943.0,2022-07-07
4721,1262.0,2023-04-14
4722,1973.0,2020-03-30
4723,520.0,2020-07-20
4724,1402.0,2023-08-22
4725,772.0,2023-03-02
4726,1619.0,2020-10-19
4727,1920.0,2022-07-20
4728,979.0,2020-11-02
4729,1304.0,2022-03-23
4730,1912.0,2020-04-13
4731,412.0,2020-02-24
4732,936.0,2020-09-04
4733,1943.0,2023-01-18
4734,412.0,2021-03-01
4735,654.0,2022-10-04
4736,1524.0,2020-05-07
4737,1208.0,2020-06-09
4738,1445.0,2022-05-08
4739,1444.0,2023-09-23
4740,17.0,2023-07-05
4741,1860.0,2020-01-28
4742,1489.0,2021-09-26
4743,,2023-07-03
4744,1820.0,2021-10-04
4745,950.0,2021-12-04
4746,308.0,2021-12-04
4747,1991.0,2022-10-03
4748,637.0,2024-01-17
4749,341.0,2022-03-27
4750,1769.0,2021-11-07
4751,1414.0,2021-11-23
4752,932.0,2022-05-27
4753,974.0,2021-02-05
4754,1561.0,2024-01-02
4755,1893.0,2023-03-01
4756,1290.0,2020-07-25
4757,989.0,2021-01-29
4758,1959.0,2021-09-24
4759,436.0,2021-12-26
4760,11.0,2023-09-24
4761,774.0,2021-03-31
4762,690.0,2023-10-01
4763,1691.0,2022-04-25
4764,1920.0,2020-11-03
4765,94.0,2023-02-03
4766,569.0,2023-08-04
4767,799.0,2023-11-24
4768,1133.0,2022-10-30
4769,119.0,2021-11-18
4770,171.0,2023-07-02
4771,705.0,2020-07-26
4772,1569.0,2021-12-05
4773,993.0,2023-10-18
4774,1615.0,2020-02-16
4775,492.0,2024-01-16
4776,388.0,2022-02-23
4777,1627.0,2021-07-19
4778,612.0,2022-07-22
4779,1274.0,2023-07-31
4780,323.0,2020-06-09
4781,1257.0,2021-05-09
4782,1627.0,2021-06-20
4783,1999.0,2021-08-08
4784,154.0,2023-12-04
4785,241.0,2023-05-29
4786,,2023-10-06
4787,1682.0,2021-06-27
4788,928.0,2020-12-10
4789,1322.0,2021-07-17
4790,1343.0,2022-01-31
4791,861.0,2021-11-03
4792,1285.0,2023-11-17
4793,,2020-02-03
4794,1783.0,2023-11-02
4795,1342.0,2020-01-08
4796,555.0,2023-03-10
4797,45.0,2020-10-07
4798,804.0,2020-09-10
4799,1683.0,2022-04-29
4800,1832.0,2020-09-19
4801,160.0,2023-03-05
4802,530.0,2023-08-13
4803,491.0,2021-05-23
4804,126.0,2020-11-06
4805,311.0,2022-08-18
4806,527.0,2022-11-21
4807,736.0,2021-05-07
4808,,2022-06-01
4809,1058.0,2020-10-29
4810,1578.0,2023-04-22
4811,646.0,2023-04-28
4812,283.0,2023-06-06
4813,1095.0,2020-04-10
4814,1039.0,2020-05-26
4815,852.0,2023-02-21
4816,1130.0,2021-05-30
4817,1830.0,2021-12-24
4818,1126.0,2021-12-09
4819,112.0,2023-12-05
4820,732.0,2023-08-11
4821,571.0,2021-09-03
4822,31.0,2023-08-21
4823,929.0,2020-01-19
4824,,2021-01-16
4825,832.0,2020-08-20
4826,1270.0,2020-04-28
4827,1231.0,2020-04-20
4828,690.0,2021-05-25
4829,1835.0,2020-12-27
4830,9.0,2021-11-13
4831,1532.0,2022-09-15
4832,1452.0,2021-02-15
4833,110.0,2022-12-13
4834,1998.0,2022-01-24
4835,1134.0,2024-01-07
4836,1172.0,2020-12-26
4837,1594.0,2022-09-12
4838,199.0,2022-03-12
4839,75.0,2020-09-25
4840,421.0,2021-06-27
4841,112.0,2022-09-07
4842,811.0,2023-09-03
4843,818.0,2020-12-15
4844,1685.0,2023-01-13
4845,901.0,2020-12-28
4846,1274.0,2023-10-06
4847,547.0,2021-05-28
4848,,2020-08-04
4849,230.0,2020-07-12
4850,373.0,2021-11-19
4851,1968.0,2022-08-01
4852,406.0,2021-05-25
4853,335.0,2020-03-07
4854,1756.0,2022-08-07
4855,622.0,2023-10-12
4856,1180.0,2023-07-22
4857,1385.0,2021-08-18
4858,717.0,2022-05-23
4859,533.0,2020-11-11
4860,299.0,2023-10-11
4861,1498.0,2022-04-25
4862,,2023-03-17
4863,1041.0,2021-08-25
4864,1586.0,2020-05-18
4865,1131.0,2023-04-07
4866,1926.0,2020-12-18
4867,238.0,2022-03-28
4868,930.0,2021-02-14
4869,449.0,2022-12-25
4870,1546.0,2020-10-06
4871,518.0,2020-08-29
4872,156.0,2021-03-30
4873,755.0,2021-01-12
4874,47.0,2022-06-12
4875,1133.0,2020-09-24
4876,998.0,2021-10-21
4877,716.0,2023-01-15
4878,1454.0,2021-02-09
4879,429.0,2023-11-12
4880,1300.0,2020-04-17
4881,1244.0,2022-09-04
4882,1888.0,2021-11-21
4883,1735.0,2020-05-15
4884,673.0,2022-04-06
4885,677.0,2020-12-03
4886,1790.0,2020-09-14
4887,1127.0,2021-06-27
4888,581.0,2020-05-16
4889,588.0,2022-09-30
4890,666.0,2020-10-21
4891,1991.0,2021-08-23
4892,121.0,2023-02-20
4893,340.0,2022-07-23
4894,580.0,2020-08-21
4895,727.0,2021-04-09
4896,1238.0,2020-03-20
4897,,2021-01-10
4898,,2023-01-09
4899,1853.0,2021-09-01
4900,663.0,2020-06-29
4901,1864.0,2021-12-06
4902,688.0,2022-04-23
4903,1156.0,2023-01-10
4904,1899.0,2020-03-22
4905,439.0,2020-06-21
4906,484.0,2020-10-21
4907,828.0,2022-03-15
4908,45.0,2022-03-01
4909,1589.0,2022-05-09
4910,672.0,2022-01-22
4911,651.0,2021-09-21
4912,749.0,2022-06-17
4913,496.0,2023-01-15
4914,1644.0,2020-01-20
4915,1623.0,2021-03-27
4916,95.0,2023-06-12
4917,712.0,2023-06-29
4918,1550.0,2023-10-30
4919,1570.0,2022-06-02
4920,374.0,2020-02-23
4921,59.0,2021-04-25
4922,950.0,2023-05-16
4923,25.0,2021-07-07
4924,833.0,2020-05-03
4925,1022.0,2023-04-23
4926,1465.0,2021-03-12
4927,1733.0,2020-04-20
4928,1821.0,2023-12-25
4929,1900.0,2022-06-28
4930,1200.0,2021-09-12
4931,1932.0,2022-02-06
4932,1539.0,2023-08-03
4933,752.0,2020-04-02
4934,42.0,2022-02-19
4935,1138.0,2022-08-09
4936,387.0,2022-01-01
4937,1340.0,2022-11-11
4938,1279.0,2023-02-20
4939,725.0,2022-02-21
4940,1963.0,2020-11-07
4941,1888.0,2020-10-30
4942,309.0,2023-04-13
4943,1750.0,2020-11-04
4944,957.0,2021-09-29
4945,204.0,2020-01-14
4946,428.0,2021-03-15
4947,300.0,2022-02-23
4948,913.0,2021-07-18
4949,1733.0,2022-05-26
4950,1216.0,2023-08-11
4951,649.0,2020-05-29
4952,1190.0,2020-10-28
4953,143.0,2022-12-05
4954,888.0,2023-10-28
4955,443.0,2021-11-03
4956,805.0,2021-06-22
4957,830.0,2023-11-02
4958,1784.0,2020-01-24
4959,1034.0,2022-04-27
4960,838.0,2021-09-06
4961,930.0,2021-12-18
4962,246.0,2023-09-12
4963,1648.0,2020-08-03
4964,860.0,2023-10-19
4965,1640.0,2022-11-27
4966,688.0,2021-06-10
4967,1895.0,2021-05-03
4968,12.0,2022-10-27
4969,1730.0,2023-09-23
4970,1234.0,2020-03-23
4971,1413.0,2021-11-09
4972,619.0,2021-11-05
4973,1007.0,2022-03-02
4974,8.0,2022-01-22
4975,1300.0,2020-10-05
4976,260.0,2022-10-03
4977,1602.0,2021-06-12
4978,878.0,2022-04-05
4979,236.0,2021-06-20
4980,229.0,2023-02-08
4981,1745.0,2022-04-11
4982,683.0,2021-05-30
4983,1934.0,2023-04-25
4984,174.0,2023-02-07
4985,878.0,2022-06-16
4986,,2022-10-03
4987,437.0,2021-04-13
4988,1632.0,2021-08-01
4989,390.0,2021-02-27
4990,1397.0,2021-10-03
4991,1078.0,2022-09-27
4992,190.0,2021-05-01
4993,459.0,2023-09-23
4994,1748.0,2022-06-18
4995,1476.0,2020-08-15
4996,834.0,2021-02-25
4997,538.0,2022-05-27
4998,1047.0,2023-05-16
4999,1504.0,2021-02-04
5000,,2022-12-28
5001,264.0,2022-09-18
5002,1511.0,2021-07-12
5003,1136.0,2023-11-29
5004,1301.0,2023-07-26
5005,802.0,2020-11-21
5006,,2021-06-01
5007,828.0,2021-08-19
5008,642.0,2021-11-07
5009,1832.0,2020-03-09
5010,1422.0,2023-01-06
5011,1553.0,2022-04-24
5012,942.0,2020-06-12
5013,776.0,2020-07-11
5014,1854.0,2022-02-16
5015,1528.0,2021-07-25
5016,1691.0,2020-11-14
5017,1417.0,2023-10-26
5018,446.0,2021-08-10
5019,496.0,2023-09-24
5020,1882.0,2021-04-02
5021,303.0,2023-09-17
5022,,2021-03-29
5023,844.0,2022-05-17
5024,1479.0,2022-05-08
5025,656.0,2023-05-10
5026,140.0,2020-11-20
5027,1569.0,2022-04-22
5028,1745.0,2021-03-09
5029,727.0,2023-01-28
5030,1236.0,2023-07-21
5031,443.0,2020-11-10
5032,1406.0,2021-04-08
5033,805.0,2021-02-12
5034,1742.0,2021-01-12
5035,1138.0,2022-11-20
5036,235.0,2023-09-06
5037,384.0,2021-03-05
5038,360.0,2023-03-11
5039,1699.0,2022-12-20
5040,1782.0,2020-05-04
5041,1509.0,2021-04-02
5042,46.0,2020-09-14
5043,848.0,2021-09-03
5044,480.0,2022-10-12
5045,1535.0,2024-01-22
5046,874.0,2024-01-16
5047,1785.0,2021-12-26
5048,343.0,2023-04-21
5049,522.0,2021-05-11
5050,186.0,2021-02-15
5051,1853.0,2023-04-19
5052,245.0,2023-03-05
5053,1070.0,2020-11-09
5054,1964.0,2023-12-12
5055,457.0,2021-01-20
5056,1894.0,2023-12-30
5057,1939.0,2021-08-24
5058,1935.0,2022-08-04
5059,,2022-03-16
5060,1223.0,2023-05-25
5061,146.0,2021-07-12
5062,506.0,2021-04-14
5063,559.0,2023-06-19
5064,1020.0,2020-05-07
5065,295.0,2021-02-06
5066,1137.0,2020-06-09
5067,1336.0,2021-06-06
5068,766.0,2021-03-26
5069,1285.0,2022-08-01
5070,196.0,2020-01-09
5071,311.0,2022-01-12
5072,,2024-02-01
5073,179.0,2020-03-11
5074,363.0,2022-07-02
5075,115.0,2023-07-28
5076,1863.0,2021-05-01
5077,1646.0,2020-07-26
5078,1402.0,2022-03-16
5079,239.0,2020-09-30
5080,448.0,2024-01-19
5081,1857.0,2021-10-28
5082,1606.0,2020-09-25
5083,195.0,2020-08-03
5084,1126.0,2020-02-27
5085,1716.0,2022-08-17
5086,1228.0,2020-07-30
5087,454.0,2023-10-02
5088,212.0,2020-11-08
5089,,2021-04-17
5090,62.0,2020-11-05
5091,966.0,2022-06-22
5092,1825.0,2021-04-25
5093,587.0,2020-01-01
5094,213.0,2020-04-21
5095,1952.0,2020-05-16
5096,1506.0,2021-04-28
5097,257.0,2022-03-22
5098,753.0,2021-09-18
5099,353.0,2021-10-09
5100,456.0,2022-11-29
5101,468.0,2023-11-04
5102,,2022-05-30
5103,,2023-12-04
5104,1524.0,2021-04-15
5105,679.0,2022-11-23
5106,322.0,2023-09-10
5107,796.0,2021-12-19
5108,1254.0,2022-04-24
5109,48.0,2022-01-04
5110,1589.0,2023-10-01
5111,201.0,2022-06-03
5112,545.0,2023-12-07
5113,310.0,2020-06-21
5114,1419.0,2023-09-12
5115,1930.0,2022-09-16
5116,1698.0,2023-10-29
5117,1035.0,2021-05-17
5118,1365.0,2023-02-20
5119,376.0,2020-02-18
5120,376.0,2022-02-05
5121,723.0,2022-08-12
5122,1386.0,2020-06-28
5123,1890.0,2021-08-24
5124,,2023-07-25
5125,359.0,2023-10-21
5126,1789.0,2022-04-30
5127,1764.0,2022-09-20
5128,69.0,2022-05-02
5129,,2021-02-21
5130,1668.0,2022-02-18
5131,744.0,2023-12-14
5132,1188.0,2020-12-23
5133,296.0,2021-08-22
5134,646.0,2022-03-16
5135,,2022-05-27
5136,1891.0,2020-07-31
5137,419.0,2020-02-19
5138,1944.0,2022-05-23
5139,728.0,2023-08-29
5140,1858.0,2021-10-09
5141,909.0,2023-12-27
5142,1704.0,2023-11-18
5143,1370.0,2021-02-20
5144,1743.0,2021-09-13
5145,1251.0,2020-09-08
5146,1414.0,2023-05-21
5147,1247.0,2020-02-14
5148,1661.0,2021-07-16
5149,1084.0,2023-04-17
5150,1868.0,2022-12-31
5151,675.0,2020-04-26
5152,871.0,2021-02-04
5153,771.0,2020-08-25
5154,120.0,2020-05-20
5155,1387.0,2022-01-31
5156,1335.0,2020-07-05
5157,1793.0,2022-05-11
5158,1750.0,2021-12-01
5159,789.0,2023-10-21
5160,1151.0,2021-10-19
5161,502.0,2023-02-07
5162,1911.0,2022-05-09
5163,1962.0,2022-11-25
5164,1365.0,2020-09-27
5165,1550.0,2020-09-16
5166,1082.0,2020-02-07
5167,1943.0,2020-10-21
5168,1249.0,2022-12-20
5169,1002.0,2021-11-27
5170,730.0,2022-06-28
5171,1884.0,2023-08-13
5172,200.0,2020-05-21
5173,1086.0,2021-08-16
5174,1359.0,2021-04-11
5175,133.0,2023-08-09
5176,,2020-07-30
5177,421.0,2023-10-23
5178,571.0,2020-09-30
5179,1909.0,2022-12-19
5180,426.0,2020-11-09
5181,130.0,2020-03-29
5182,1748.0,2020-07-17
5183,801.0,2023-08-15
5184,886.0,2021-01-08
5185,1004.0,2022-05-10
5186,1964.0,2020-09-04
5187,169.0,2022-01-30
5188,43.0,2022-04-24
5189,,2023-08-07
5190,481.0,2020-05-21
5191,1316.0,2022-06-15
5192,1387.0,2021-08-14
5193,1971.0,2020-05-22
5194,1956.0,2020-03-27
5195,984.0,2023-01-20
5196,1873.0,2022-08-30
5197,722.0,2021-07-15
5198,147.0,2023-12-11
5199,,2022-07-15
5200,1255.0,2020-12-05
5201,352.0,2023-12-30
5202,1328.0,2020-01-31
5203,,2022-08-31
5204,881.0,2021-04-20
5205,1216.0,2021-06-12
5206,1391.0,2022-03-11
5207,681.0,2023-02-21
5208,1804.0,2024-01-07
5209,1311.0,2021-04-13
5210,252.0,2022-04-07
5211,882.0,2021-03-29
5212,543.0,2021-05-14
5213,64.0,2023-12-08
5214,1857.0,2020-04-26
5215,105.0,2021-08-03
5216,205.0,2020-10-22
5217,1875.0,2021-12-07
5218,179.0,2020-07-28
5219,,2022-07-08
5220,564.0,2023-05-05
5221,,2021-02-28
5222,1138.0,2021-10-13
5223,1946.0,2022-09-05
5224,361.0,2022-01-27
5225,1740.0,2021-11-14
5226,1424.0,2023-07-07
5227,1678.0,2023-11-13
5228,130.0,2021-12-14
5229,1888.0,2021-05-29
5230,778.0,2021-09-11
5231,1512.0,2021-06-22
5232,754.0,2020-10-10
5233,1337.0,2023-05-29
5234,1229.0,2023-04-22
5235,1456.0,2023-08-23
5236,1890.0,2023-12-11
5237,1841.0,2024-01-25
5238,6.0,2022-05-23
5239,6.0,2021-09-26
5240,609.0,2022-04-11
5241,369.0,2023-05-19
5242,717.0,2021-08-03
5243,1807.0,2021-12-16
5244,1564.0,2022-02-21
5245,1876.0,2023-12-16
5246,1391.0,2022-05-08
5247,720.0,2022-06-02
5248,689.0,2020-06-23
5249,1769.0,2023-05-15
5250,1401.0,2023-11-08
5251,1242.0,2021-08-30
5252,1802.0,2021-10-22
5253,1479.0,2023-12-20
5254,900.0,2020-08-19
5255,1295.0,2021-02-11
5256,1020.0,2021-11-27
5257,1630.0,2021-11-24
5258,276.0,2023-05-31
5259,713.0,2024-01-12
5260,1344.0,2020-09-02
5261,251.0,2023-03-05
5262,1898.0,2020-08-28
5263,783.0,2022-04-24
5264,1429.0,2021-07-06
5265,1917.0,2023-03-04
5266,1977.0,2022-07-25
5267,1597.0,2021-03-29
5268,1727.0,2020-01-23
5269,752.0,2022-06-19
5270,1518.0,2023-04-08
5271,272.0,2022-05-31
5272,1096.0,2022-03-08
5273,298.0,2022-01-25
5274,925.0,2021-11-15
5275,1926.0,2022-01-31
5276,299.0,2021-07-11
5277,772.0,2023-01-05
5278,685.0,2020-06-29
5279,1659.0,2021-08-04
5280,522.0,2022-01-05
5281,1574.0,2022-12-28
5282,816.0,2021-07-03
5283,824.0,2023-12-15
5284,454.0,2023-11-14
5285,587.0,2020-02-10
5286,1194.0,2023-05-18
5287,461.0,2020-06-01
5288,1073.0,2023-01-26
5289,1847.0,2021-11-23
5290,1071.0,2021-07-19
5291,576.0,2020-06-15
5292,81.0,2023-12-26
5293,1584.0,2021-07-19
5294,585.0,2020-04-15
5295,116.0,2020-09-17
5296,1579.0,2023-04-29
5297,987.0,2022-10-18
5298,,2021-08-07
5299,1179.0,2024-01-16
5300,1012.0,2023-06-14
5301,1004.0,2021-08-05
5302,238.0,2023-01-13
5303,1586.0,2022-05-06
5304,1546.0,2020-11-01
5305,1171.0,2022-01-13
5306,1714.0,2021-09-18
5307,1485.0,2021-07-30
5308,1643.0,2023-03-28
5309,1076.0,2021-12-07
5310,1386.0,2022-10-07
5311,1739.0,2020-06-15
5312,1675.0,2020-05-30
5313,1990.0,2021-08-07
5314,1413.0,2023-03-01
5315,,2021-11-20
5316,1145.0,2022-06-21
5317,739.0,2021-10-25
5318,1507.0,2022-06-18
5319,1308.0,2020-09-15
5320,682.0,2023-12-04
5321,1723.0,2020-10-19
5322,1570.0,2020-07-24
5323,188.0,2021-02-22
5324,341.0,2020-01-22
5325,219.0,2022-07-11
5326,1557.0,2020-04-01
5327,,2023-12-10
5328,439.0,2020-03-04
5329,1177.0,2023-10-25
5330,816.0,2021-10-30
5331,1207.0,2020-12-22
5332,1204.0,2023-11-26
5333,1892.0,2021-02-01
5334,1449.0,2021-02-08
5335,178.0,2022-07-03
5336,628.0,2022-07-03
5337,1786.0,2023-07-28
5338,1346.0,2022-12-17
5339,1525.0,2021-07-09
5340,536.0,2021-01-23
5341,30.0,2021-09-06
5342,1281.0,2020-12-31
5343,1412.0,2022-02-05
5344,1951.0,2021-12-09
5345,561.0,2021-03-13
5346,1360.0,2021-03-28
5347,716.0,2020-11-12
5348,266.0,2021-11-15
5349,375.0,2022-03-20
5350,1400.0,2021-03-22
5351,1366.0,2022-08-23
5352,1253.0,2023-04-24
5353,1317.0,2021-03-21
5354,1820.0,2023-03-04
5355,1191.0,2022-05-24
5356,,2022-09-14
5357,,2023-11-16
5358,448.0,2022-06-01
5359,259.0,2021-04-29
5360,702.0,2020-04-26
5361,1604.0,2024-01-14
5362,174.0,2022-06-03
5363,980.0,2023-09-02
5364,1424.0,2020-09-19
5365,1200.0,2020-09-07
5366,256.0,2023-12-08
5367,378.0,2021-10-27
5368,189.0,2023-10-19
5369,880.0,2022-11-20
5370,1871.0,2023-10-22
5371,1255.0,2023-08-01
5372,790.0,2021-02-09
5373,,2023-07-24
5374,902.0,2020-04-11
5375,916.0,2022-10-15
5376,1560.0,2022-04-21
5377,870.0,2023-06-21
5378,1032.0,2020-09-15
5379,,2021-10-04
5380,481.0,2022-09-29
5381,1301.0,2023-10-29
5382,19.0,2021-05-23
5383,1194.0,2022-10-10
5384,515.0,2022-08-15
5385,1835.0,2022-07-05
5386,1512.0,2022-09-07
5387,1982.0,2023-03-04
5388,1213.0,2022-04-30
5389,1645.0,2021-01-01
5390,1875.0,2020-08-18
5391,509.0,2023-11-02
5392,1153.0,2023-02-04
5393,1522.0,2023-06-07
5394,1103.0,2022-05-19
5395,1130.0,2020-01-21
5396,1242.0,2022-12-15
5397,1091.0,2021-08-05
5398,359.0,2021-10-31
5399,688.0,2023-07-26
5400,499.0,2022-07-24
5401,1104.0,2023-12-18
5402,753.0,2022-05-06
5403,206.0,2020-03-26
5404,1881.0,2021-10-21
5405,179.0,2022-06-29
5406,2.0,2022-11-29
5407,69.0,2022-06-07
5408,1451.0,2022-12-24
5409,1665.0,2020-10-06
5410,1684.0,2023-01-06
5411,1505.0,2022-10-31
5412,699.0,2021-10-31
5413,86.0,2021-03-31
5414,809.0,2021-07-24
5415,,2020-08-31
5416,1353.0,2023-04-24
5417,515.0,2024-01-25
5418,1492.0,2021-12-26
5419,,2020-04-28
5420,806.0,2023-04-25
5421,881.0,2021-06-08
5422,1504.0,2023-11-24
5423,1897.0,2022-12-19
5424,569.0,2020-04-17
5425,999.0,2021-07-11
5426,1437.0,2023-08-09
5427,1287.0,2023-05-13
5428,1913.0,2022-06-12
5429,391.0,2020-10-30
5430,957.0,2021-06-13
5431,1456.0,2021-05-06
5432,467.0,2021-10-06
5433,707.0,2020-06-08
5434,689.0,2020-11-25
5435,1252.0,2020-12-15
5436,871.0,2020-01-25
5437,1950.0,2022-07-18
5438,243.0,2022-07-31
5439,1950.0,2022-07-20
5440,622.0,2021-05-10
5441,486.0,2020-08-27
5442,345.0,2020-02-12
5443,1920.0,2022-04-21
5444,1938.0,2021-06-19
5445,377.0,2022-03-07
5446,1233.0,2021-02-10
5447,1723.0,2022-06-20
5448,387.0,2021-12-11
5449,,2020-01-19
5450,1002.0,2021-03-30
5451,468.0,2020-05-27
5452,1803.0,2020-11-14
5453,301.0,2020-10-12
5454,802.0,2021-03-01
5455,557.0,2023-05-09
5456,580.0,2021-03-13
5457,753.0,2020-10-13
5458,74.0,2023-03-11
5459,198.0,2020-05-29
5460,564.0,2021-08-21
5461,,2022-01-05
5462,1364.0,2021-09-13
5463,1268.0,2023-01-28
5464,1955.0,2020-05-29
5465,1643.0,2021-06-17
5466,558.0,2023-04-07
5467,1852.0,2022-09-10
5468,916.0,2023-02-28
5469,1299.0,2021-08-21
5470,1578.0,2023-07-29
5471,730.0,2020-08-28
5472,791.0,2022-08-22
5473,,2021-04-08
5474,1814.0,2022-09-16
5475,287.0,2022-09-27
5476,321.0,2020-03-14
5477,1915.0,2023-05-26
5478,276.0,2020-08-22
5479,,2021-03-15
5480,445.0,2023-02-21
5481,168.0,2021-03-10
5482,453.0,2022-02-28
5483,18.0,2023-05-25
5484,,2023-08-15
5485,1107.0,2022-04-08
5486,1008.0,2023-06-01
5487,1226.0,2021-01-05
5488,203.0,2022-10-26
5489,1977.0,2022-04-09
5490,561.0,2023-01-19
5491,955.0,2020-11-03
5492,824.0,2020-06-19
5493,1522.0,2021-01-05
5494,169.0,2022-07-19
5495,638.0,2021-06-17
5496,1122.0,2023-10-08
5497,867.0,2022-04-10
5498,130.0,2022-03-11
5499,1256.0,2022-03-24
5500,1617.0,2021-03-13
5501,287.0,2022-03-03
5502,658.0,2021-11-15
5503,263.0,2020-05-09
5504,906.0,2022-10-13
5505,250.0,2020-09-05
5506,824.0,2020-10-13
5507,1978.0,2023-04-02
5508,1756.0,2021-11-11
5509,1439.0,2022-03-27
5510,1432.0,2021-01-29
5511,406.0,2021-03-15
5512,320.0,2022-06-09
5513,164.0,2022-06-02
5514,549.0,2021-11-18
5515,,2021-10-03
5516,633.0,2022-07-05
5517,282.0,2022-05-16
5518,511.0,2020-12-15
5519,1877.0,2020-11-22
5520,667.0,2020-12-02
5521,316.0,2021-12-05
5522,,2023-12-03
5523,1609.0,2023-06-11
5524,1748.0,2020-11-10
5525,1176.0,2023-06-23
5526,1922.0,2022-06-06
5527,726.0,2021-08-31
5528,363.0,2021-06-06
5529,1434.0,2021-02-17
5530,1793.0,2022-07-09
5531,354.0,2021-11-26
5532,592.0,2020-07-08
5533,675.0,2020-05-30
5534,874.0,2023-02-09
5535,1806.0,2020-11-18
5536,1666.0,2023-06-27
5537,1319.0,2021-11-10
5538,114.0,2022-07-28
5539,724.0,2020-09-03
5540,605.0,2020-11-24
5541,70.0,2021-06-05
5542,1632.0,2023-08-27
5543,485.0,2022-04-26
5544,1044.0,2023-10-08
5545,1219.0,2022-11-05
5546,309.0,2021-11-20
5547,954.0,2021-12-24
5548,763.0,2022-06-17
5549,110.0,2021-08-16
5550,567.0,2021-03-18
5551,924.0,2023-12-16
5552,1330.0,2021-09-01
5553,624.0,2022-01-17
5554,1908.0,2021-11-24
5555,703.0,2021-03-27
5556,1578.0,2023-07-24
5557,1106.0,2022-10-09
5558,781.0,2021-06-30
5559,1043.0,2023-11-26
5560,389.0,2022-03-02
5561,151.0,2023-08-19
5562,3.0,2022-08-06
5563,1385.0,2020-03-14
5564,1252.0,2020-05-17
5565,1397.0,2023-07-05
5566,1765.0,2020-05-27
5567,984.0,2022-12-15
5568,1308.0,2020-03-07
5569,362.0,2021-01-31
5570,1849.0,2021-04-12
5571,1700.0,2021-05-24
5572,842.0,2023-09-12
5573,1766.0,2020-06-26
5574,982.0,2023-04-20
5575,1177.0,2022-02-12
5576,220.0,2020-09-05
5577,222.0,2020-08-23
5578,401.0,2022-02-17
5579,597.0,2022-06-04
5580,285.0,2023-10-26
5581,126.0,2021-02-14
5582,1445.0,2022-02-10
5583,258.0,2022-02-16
5584,1124.0,2023-07-31
5585,1893.0,2022-08-10
5586,732.0,2020-07-05
5587,1426.0,2023-03-16
5588,1517.0,2020-01-12
5589,478.0,2023-06-12
5590,1163.0,2023-10-16
5591,1824.0,2020-01-06
5592,733.0,2023-01-09
5593,1564.0,2022-06-01
5594,1762.0,2021-07-24
5595,816.0,2023-07-24
5596,1057.0,2022-10-28
5597,1585.0,2022-11-18
5598,1685.0,2022-07-05
5599,220.0,2022-06-11
5600,1342.0,2020-12-31
5601,1672.0,2022-02-01
5602,292.0,2023-08-17
5603,995.0,2022-11-14
5604,1596.0,2020-10-16
5605,1005.0,2023-01-13
5606,1425.0,2022-07-10
5607,921.0,2021-03-05
5608,1584.0,2020-03-09
5609,1312.0,2023-10-23
5610,1297.0,2020-11-25
5611,694.0,2022-04-05
5612,1445.0,2020-11-08
5613,980.0,2022-03-04
5614,1066.0,2021-11-28
5615,1729.0,2022-06-27
5616,797.0,2020-12-16
5617,1609.0,2020-12-22
5618,454.0,2022-04-06
5619,1828.0,2023-01-26
5620,1767.0,2024-02-02
5621,1379.0,2022-05-18
5622,1226.0,2022-12-29
5623,677.0,2022-03-22
5624,1519.0,2022-02-25
5625,,2023-07-07
5626,1496.0,2023-06-19
5627,,2021-11-10
5628,12.0,2022-10-03
5629,1909.0,2021-04-18
5630,177.0,2024-01-17
5631,749.0,2020-06-11
5632,966.0,2023-09-23
5633,876.0,2021-06-28
5634,151.0,2021-02-05
5635,1414.0,2020-09-27
5636,1268.0,2023-08-27
5637,1954.0,2021-01-06
5638,1709.0,2023-08-22
5639,1887.0,2023-11-27
5640,275.0,2022-07-26
5641,846.0,2020-05-28
5642,673.0,2021-07-30
5643,1878.0,2022-05-27
5644,1705.0,2021-06-09
5645,304.0,2021-12-04
5646,62.0,2022-01-05
5647,238.0,2022-03-03
5648,96.0,2022-01-10
5649,1636.0,2021-02-14
5650,,2023-09-25
5651,75.0,2021-01-27
5652,10.0,2023-02-19
5653,968.0,2021-10-26
5654,1076.0,2022-09-08
5655,688.0,2020-01-02
5656,1769.0,2020-07-17
5657,734.0,2023-12-11
5658,659.0,2021-07-09
5659,1762.0,2022-09-28
5660,1406.0,2023-07-25
5661,,2021-09-28
5662,1973.0,2022-05-15
5663,343.0,2022-03-15
5664,1458.0,2020-06-19
5665,1656.0,2023-11-08
5666,382.0,2021-11-02
5667,1533.0,2021-09-20
5668,249.0,2021-04-01
5669,957.0,2022-11-23
5670,931.0,2021-11-25
5671,1456.0,2021-10-19
5672,1010.0,2022-09-19
5673,231.0,2021-12-28
5674,78.0,2021-11-13
5675,912.0,2023-04-22
5676,1815.0,2021-06-25
5677,960.0,2022-04-30
5678,,2021-01-25
5679,1894.0,2022-03-03
5680,1932.0,2023-11-08
5681,886.0,2020-11-11
5682,1581.0,2020-11-29
5683,71.0,2023-05-10
5684,1184.0,2022-03-21
5685,394.0,2022-01-09
5686,985.0,2023-08-12
5687,1664.0,2020-03-11
5688,1384.0,2020-06-07
5689,244.0,2020-10-21
5690,230.0,2022-06-19
5691,1328.0,2022-03-19
5692,584.0,2021-07-10
5693,897.0,2022-06-22
5694,100.0,2023-09-12
5695,1117.0,2022-09-24
5696,1664.0,2022-09-24
5697,1113.0,2021-04-06
5698,1312.0,2020-03-19
5699,1837.0,2024-02-07
5700,1549.0,2020-07-05
5701,568.0,2021-02-05
5702,1486.0,2023-12-04
5703,686.0,2023-07-15
5704,69.0,2020-04-27
5705,983.0,2023-10-06
5706,1800.0,2020-02-29
5707,1409.0,2021-08-10
5708,620.0,2020-09-29
5709,921.0,2023-01-25
5710,1955.0,2023-12-07
5711,1711.0,2020-06-17
5712,,2020-11-20
5713,457.0,2021-01-21
5714,1344.0,2023-09-15
5715,1555.0,2020-06-12
5716,,2023-05-06
5717,282.0,2023-12-16
5718,342.0,2022-11-22
5719,1603.0,2021-11-26
5720,489.0,2020-04-08
5721,404.0,2022-04-30
5722,841.0,2020-06-30
5723,903.0,2020-05-25
5724,240.0,2020-01-14
5725,1469.0,2021-08-01
5726,56.0,2021-04-24
5727,1367.0,2023-02-13
5728,,2021-09-10
5729,361.0,2021-03-09
5730,226.0,2021-10-04
5731,464.0,2020-09-15
5732,836.0,2023-09-16
5733,28.0,2023-06-08
5734,919.0,2021-08-04
5735,1089.0,2021-09-08
5736,1808.0,2021-11-03
5737,412.0,2022-10-14
5738,878.0,2023-08-20
5739,1627.0,2021-05-06
5740,1052.0,2022-02-26
5741,15.0,2023-01-24
5742,1165.0,2021-05-12
5743,1669.0,2020-11-02
5744,629.0,2020-08-29
5745,54.0,2022-05-14
5746,958.0,2021-04-17
5747,968.0,2022-06-19
5748,1639.0,2023-01-01
5749,495.0,2020-01-18
5750,1599.0,2021-05-04
5751,53.0,2023-10-08
5752,135.0,2021-11-11
5753,205.0,2020-11-21
5754,376.0,2022-11-07
5755,1616.0,2020-05-31
5756,336.0,2022-04-14
5757,1147.0,2020-07-21
5758,1356.0,2021-06-17
5759,1556.0,2021-05-24
5760,772.0,2020-06-20
5761,1758.0,2022-10-09
5762,1813.0,2023-09-15
5763,1655.0,2022-08-22
5764,1885.0,2023-11-01
5765,690.0,2022-11-16
5766,1651.0,2022-04-28
5767,1625.0,2023-05-28
5768,1432.0,2020-05-16
5769,1004.0,2021-03-25
5770,710.0,2023-03-07
5771,809.0,2022-10-11
5772,916.0,2022-09-20
5773,90.0,2023-05-05
5774,1942.0,2023-03-28
5775,1881.0,2020-01-10
5776,276.0,2022-01-16
5777,288.0,2021-11-29
5778,883.0,2021-03-25
5779,116.0,2022-11-25
5780,276.0,2020-06-26
5781,938.0,2023-08-06
5782,1280.0,2020-01-30
5783,1004.0,2023-07-12
5784,,2020-07-10
5785,373.0,2021-05-28
5786,1612.0,2024-01-20
5787,6.0,2020-11-26
5788,443.0,2021-07-18
5789,,2020-03-06
5790,564.0,2020-11-06
5791,1345.0,2023-02-21
5792,1384.0,2022-03-08
5793,1678.0,2022-03-08
5794,1459.0,2021-04-02
5795,1046.0,2022-03-20
5796,143.0,2023-05-18
5797,468.0,2020-01-29
5798,174.0,2022-05-22
5799,1328.0,2020-03-12
5800,964.0,2020-03-19
5801,1657.0,2022-11-07
5802,1927.0,2023-01-21
5803,485.0,2021-05-30
5804,1363.0,2020-09-10
5805,491.0,2021-08-20
5806,,2021-10-13
5807,1939.0,2023-07-04
5808,1908.0,2022-05-31
5809,894.0,2021-09-13
5810,1590.0,2023-09-29
5811,1227.0,2021-11-07
5812,1364.0,2022-06-08
5813,1852.0,2020-01-16
5814,1369.0,2021-01-25
5815,184.0,2022-01-23
5816,1553.0,2021-10-13
5817,1996.0,2020-03-25
5818,757.0,2021-07-02
5819,768.0,2020-05-24
5820,1879.0,2022-08-17
5821,1262.0,2020-04-30
5822,1191.0,2022-03-06
5823,743.0,2023-08-03
5824,591.0,2020-03-25
5825,936.0,2021-07-15
5826,1252.0,2020-07-21
5827,688.0,2020-08-23
5828,1479.0,2021-03-26
5829,1381.0,2023-07-30
5830,1893.0,2022-04-13
5831,1609.0,2022-10-23
5832,1807.0,2020-12-21
5833,264.0,2023-07-25
5834,1701.0,2023-04-09
5835,1152.0,2023-05-10
5836,1038.0,2023-08-09
5837,443.0,2021-02-13
5838,546.0,2022-04-17
5839,1951.0,2022-07-24
5840,1220.0,2020-09-24
5841,1422.0,2020-12-08
5842,1484.0,2021-01-17
5843,780.0,2023-06-25
5844,1323.0,2023-02-11
5845,631.0,2021-12-19
5846,1653.0,2023-09-01
5847,624.0,2022-05-24
5848,589.0,2023-04-10
5849,742.0,2021-03-15
5850,92.0,2020-07-01
5851,1685.0,2021-08-28
5852,901.0,2021-10-07
5853,883.0,2023-06-24
5854,770.0,2023-02-26
5855,1720.0,2022-12-14
5856,736.0,2021-05-05
5857,1057.0,2021-09-16
5858,,2021-04-27
5859,740.0,2023-12-31
5860,680.0,2020-07-01
5861,966.0,2020-05-14
5862,1129.0,2021-09-22
5863,1782.0,2021-12-06
5864,1111.0,2021-10-30
5865,295.0,2023-10-13
5866,1757.0,2023-06-30
5867,669.0,2020-10-09
5868,1723.0,2022-08-27
5869,1282.0,2022-12-14
5870,96.0,2021-12-10
5871,929.0,2022-01-11
5872,674.0,2022-03-19
5873,1308.0,2020-08-16
5874,1137.0,2022-06-01
5875,1940.0,2020-11-25
5876,645.0,2021-06-05
5877,924.0,2020-08-13
5878,668.0,2022-07-25
5879,1862.0,2022-11-23
5880,756.0,2022-04-18
5881,286.0,2022-03-16
5882,,2022-04-13
5883,292.0,2021-03-14
5884,912.0,2023-01-30
5885,201.0,2022-11-28
5886,1771.0,2021-11-28
5887,937.0,2023-08-20
5888,1282.0,2021-05-29
5889,1946.0,2021-02-27
5890,105.0,2021-01-22
5891,74.0,2023-05-04
5892,1140.0,2021-10-23
5893,656.0,2023-06-19
5894,44.0,2022-07-01
5895,1324.0,2024-01-11
5896,723.0,2020-11-22
5897,135.0,2021-07-21
5898,1125.0,2021-11-24
5899,870.0,2020-09-01
5900,133.0,2020-09-12
5901,1424.0,2023-10-27
5902,1139.0,2021-09-09
5903,1462.0,2022-03-21
5904,767.0,2024-01-14
5905,719.0,2021-01-29
5906,,2023-08-18
5907,1712.0,2022-01-03
5908,1907.0,2022-12-07
5909,1541.0,2021-01-20
5910,,2023-08-18
5911,532.0,2021-08-18
5912,744.0,2020-11-27
5913,438.0,2023-08-05
5914,327.0,2021-04-12
5915,1081.0,2020-08-24
5916,1454.0,2021-08-10
5917,1150.0,2020-04-08
5918,585.0,2022-11-04
5919,476.0,2020-06-06
5920,1039.0,2021-12-11
5921,1598.0,2023-02-24
5922,63.0,2021-04-27
5923,1714.0,2021-09-25
5924,1028.0,2022-05-08
5925,1421.0,2023-11-08
5926,974.0,2022-07-27
5927,1763.0,2023-06-05
5928,241.0,2022-07-18
5929,119.0,2022-05-30
5930,1083.0,2020-01-07
5931,1750.0,2023-08-16
5932,822.0,2022-07-10
5933,1509.0,2021-10-20
5934,467.0,2022-10-10
5935,462.0,2022-08-17
5936,471.0,2024-02-02
5937,336.0,2024-01-26
5938,690.0,2020-04-05
5939,938.0,2022-09-09
5940,1195.0,2020-04-21
5941,1251.0,2023-03-23
5942,1328.0,2020-03-09
5943,1916.0,2023-04-06
5944,330.0,2021-05-08
5945,320.0,2020-11-14
5946,1612.0,2022-03-13
5947,838.0,2023-02-17
5948,1925.0,2021-05-13
5949,1244.0,2022-02-04
5950,137.0,2022-12-05
5951,1296.0,2023-07-10
5952,1453.0,2024-02-07
5953,904.0,2023-10-29
5954,201.0,2022-02-19
5955,1525.0,2021-12-18
5956,1555.0,2020-10-08
5957,1612.0,2023-09-09
5958,530.0,2023-10-11
5959,1639.0,2021-01-03
5960,822.0,2023-04-01
5961,525.0,2023-11-26
5962,1778.0,2020-05-22
5963,23.0,2022-02-19
5964,292.0,2020-08-30
5965,856.0,2023-08-28
5966,1940.0,2022-10-23
5967,1489.0,2023-10-08
5968,454.0,2023-01-28
5969,974.0,2023-05-26
5970,,2020-04-23
5971,1342.0,2021-08-24
5972,1058.0,2021-10-11
5973,1843.0,2023-05-18
5974,1377.0,2024-01-30
5975,1186.0,2020-08-30
5976,697.0,2021-12-24
5977,1080.0,2024-01-14
5978,20.0,2021-09-30
5979,106.0,2022-10-29
5980,1730.0,2023-07-06
5981,1722.0,2023-11-28
5982,742.0,2022-05-08
5983,238.0,2021-07-29
5984,497.0,2023-10-01
5985,1046.0,2023-08-11
5986,26.0,2023-07-10
5987,1564.0,2022-06-18
5988,1708.0,2021-10-20
5989,129.0,2020-07-20
5990,587.0,2021-11-23
5991,924.0,2023-08-31
5992,1792.0,2023-10-19
5993,510.0,2021-03-21
5994,1326.0,2022-02-16
5995,258.0,2021-05-15
5996,,2022-03-25
5997,1544.0,2020-06-16
5998,148.0,2020-10-04
5999,1547.0,2022-04-27
6000,847.0,2023-07-03
6001,699.0,2022-07-16
6002,1280.0,2021-12-02
6003,1135.0,2020-05-13
6004,518.0,2020-09-13
6005,753.0,2023-12-22
6006,1615.0,2022-08-29
6007,1066.0,2023-12-11
6008,,2023-08-11
6009,582.0,2021-11-15
6010,1905.0,2020-12-10
6011,1325.0,2020-11-07
6012,1569.0,2023-12-30
6013,612.0,2020-07-03
6014,649.0,2021-04-12
6015,320.0,2020-01-21
6016,1618.0,2023-01-11
6017,1462.0,2021-01-21
6018,1867.0,2022-01-03
6019,1958.0,2020-03-27
6020,1650.0,2022-02-22
6021,1365.0,2020-04-27
6022,1215.0,2023-04-04
6023,356.0,2023-06-03
6024,1509.0,2023-07-15
6025,217.0,2022-01-14
6026,579.0,2022-06-29
6027,1664.0,2021-08-02
6028,1154.0,2020-02-07
6029,1959.0,2023-08-29
6030,1299.0,2022-05-20
6031,1551.0,2023-12-18
6032,943.0,2024-01-13
6033,476.0,2020-06-12
6034,657.0,2023-10-22
6035,1489.0,2020-11-05
6036,254.0,2022-04-03
6037,632.0,2021-01-11
6038,1908.0,2020-01-03
6039,1858.0,2020-11-05
6040,762.0,2022-06-25
6041,555.0,2020-07-14
6042,1219.0,2021-07-17
6043,1954.0,2021-11-12
6044,1279.0,2020-08-21
6045,1723.0,2022-01-06
6046,475.0,2023-05-20
6047,429.0,2022-06-27
6048,689.0,2023-07-12
6049,,2022-08-20
6050,1703.0,2023-01-16
6051,173.0,2021-11-24
6052,1548.0,2024-02-08
6053,1894.0,2023-07-06
6054,913.0,2022-12-31
6055,1400.0,2023-02-14
6056,1105.0,2023-12-26
6057,1766.0,2023-08-23
6058,1419.0,2023-12-19
6059,852.0,2022-10-20
6060,1249.0,2020-07-29
6061,720.0,2020-02-01
6062,1024.0,2023-08-03
6063,494.0,2024-02-01
6064,1758.0,2022-08-08
6065,977.0,2021-09-06
6066,1260.0,2023-11-07
6067,1846.0,2021-02-19
6068,447.0,2021-09-11
6069,559.0,2022-06-24
6070,1418.0,2023-08-11
6071,1894.0,2020-11-11
6072,1462.0,2023-07-04
6073,1778.0,2022-12-07
6074,1080.0,2020-12-01
6075,1802.0,2022-11-26
6076,108.0,2021-01-11
6077,1125.0,2021-01-09
6078,1039.0,2022-08-13
6079,1433.0,2020-08-28
6080,289.0,2023-09-27
6081,1717.0,2021-05-09
6082,206.0,2021-05-02
6083,386.0,2020-07-29
6084,1720.0,2020-08-22
6085,39.0,2021-01-06
6086,1793.0,2020-01-24
6087,1847.0,2022-04-05
6088,1656.0,2022-03-20
6089,1985.0,2021-01-06
6090,1551.0,2022-12-23
6091,1977.0,2022-02-01
6092,1407.0,2023-05-08
6093,1145.0,2022-08-25
6094,140.0,2020-10-11
6095,1973.0,2023-04-09
6096,941.0,2022-02-07
6097,1665.0,2022-01-20
6098,270.0,2021-03-18
6099,1406.0,2023-09-03
6100,189.0,2023-07-15
6101,854.0,2023-09-23
6102,517.0,2021-05-23
6103,,2020-10-08
6104,374.0,2021-02-11
6105,919.0,2021-04-11
6106,1386.0,2021-12-03
6107,1152.0,2021-08-16
6108,1018.0,2022-10-09
6109,1760.0,2020-08-27
6110,1240.0,2020-04-22
6111,1403.0,2023-02-02
6112,299.0,2020-01-03
6113,394.0,2020-03-25
6114,1098.0,2020-11-02
6115,1690.0,2021-10-16
6116,252.0,2022-02-23
6117,662.0,2022-10-11
6118,100.0,2023-06-04
6119,1132.0,2022-04-15
6120,1399.0,2023-03-08
6121,1002.0,2020-10-16
6122,1592.0,2023-07-04
6123,47.0,2020-03-16
6124,1500.0,2020-11-29
6125,486.0,2023-03-09
6126,526.0,2020-08-07
6127,1943.0,2023-08-23
6128,1291.0,2020-10-22
6129,,2021-05-24
6130,1075.0,2020-02-14
6131,1405.0,2021-11-24
6132,304.0,2023-06-04
6133,676.0,2022-12-24
6134,807.0,2023-07-24
6135,,2023-02-19
6136,1976.0,2022-11-11
6137,1429.0,2021-06-01
6138,41.0,2023-03-24
6139,1501.0,2022-11-03
6140,483.0,2022-04-24
6141,1791.0,2022-08-07
6142,1891.0,2022-05-20
6143,313.0,2021-08-29
6144,361.0,2022-05-29
6145,,2022-08-29
6146,1372.0,2020-05-21
6147,681.0,2021-06-16
6148,199.0,2022-06-24
6149,1794.0,2022-10-09
6150,1479.0,2021-01-02
6151,7.0,2020-04-10
6152,1168.0,2020-09-24
6153,1415.0,2022-04-11
6154,1099.0,2020-02-01
6155,1260.0,2022-07-12
6156,241.0,2020-12-01
6157,61.0,2023-08-17
6158,404.0,2022-02-10
6159,1475.0,2022-01-25
6160,900.0,2022-11-19
6161,923.0,2020-02-22
6162,1525.0,2021-08-28
6163,74.0,2020-08-10
6164,989.0,2022-09-11
6165,97.0,2022-01-29
6166,1001.0,2023-06-16
6167,172.0,2022-10-02
6168,,2023-09-15
6169,1759.0,2024-01-18
6170,97.0,2021-07-31
6171,712.0,2023-07-01
6172,218.0,2020-08-12
6173,240.0,2020-07-14
6174,1868.0,2022-01-19
6175,1023.0,2021-11-25
6176,,2020-06-14
6177,1109.0,2022-03-26
6178,1597.0,2021-08-04
6179,505.0,2021-12-09
6180,369.0,2021-04-20
6181,1182.0,2020-06-27
6182,733.0,2023-12-21
6183,253.0,2021-08-06
6184,149.0,2022-12-27
6185,1266.0,2021-04-20
6186,150.0,2023-08-04
6187,1998.0,2023-03-07
6188,968.0,2020-01-29
6189,1035.0,2022-02-18
6190,884.0,2021-04-17
6191,921.0,2021-09-09
6192,1818.0,2023-05-15
6193,1407.0,2020-05-23
6194,867.0,2023-01-29
6195,712.0,2022-02-14
6196,1820.0,2023-12-03
6197,1048.0,2022-07-20
6198,989.0,2023-09-06
6199,147.0,2023-08-22
6200,962.0,2021-11-11
6201,1433.0,2022-12-17
6202,1477.0,2022-06-27
6203,386.0,2021-11-04
6204,741.0,2022-11-16
6205,,2020-08-02
6206,1261.0,2020-02-15
6207,1901.0,2020-07-25
6208,637.0,2023-05-24
6209,464.0,2020-04-03
6210,1624.0,2021-08-26
6211,909.0,2020-09-08
6212,446.0,2022-09-22
6213,1810.0,2020-05-31
6214,157.0,2021-05-04
6215,1772.0,2020-07-28
6216,1775.0,2022-12-27
6217,1225.0,2020-08-01
6218,1768.0,2022-11-21
6219,1143.0,2023-03-23
6220,1878.0,2020-06-22
6221,1308.0,2022-02-11
6222,954.0,2021-05-09
6223,444.0,2024-01-11
6224,1410.0,2021-12-01
6225,838.0,2020-04-14
6226,160.0,2021-07-12
6227,1388.0,2023-03-27
6228,1732.0,2022-04-29
6229,1080.0,2024-01-29
6230,411.0,2023-03-08
6231,891.0,2020-09-04
6232,1344.0,2021-10-31
6233,1966.0,2020-08-25
6234,1742.0,2021-09-05
6235,209.0,2023-09-02
6236,1443.0,2020-10-23
6237,1722.0,2020-02-13
6238,851.0,2023-07-01
6239,1427.0,2021-09-14
6240,883.0,2022-02-12
6241,,2021-11-20
6242,1216.0,2020-12-13
6243,1862.0,2021-08-30
6244,988.0,2022-12-09
6245,901.0,2021-08-17
6246,1362.0,2021-04-01
6247,254.0,2023-04-17
6248,538.0,2020-07-08
6249,1101.0,2020-01-21
6250,1274.0,2023-12-09
6251,966.0,2020-06-26
6252,683.0,2022-06-04
6253,1085.0,2023-12-12
6254,1826.0,2022-02-17
6255,1392.0,2023-06-01
6256,1881.0,2021-06-26
6257,1554.0,2022-08-31
6258,1262.0,2020-05-09
6259,872.0,2020-11-03
6260,149.0,2022-05-10
6261,688.0,2023-03-05
6262,1396.0,2021-01-05
6263,1801.0,2023-03-25
6264,1622.0,2022-07-23
6265,1024.0,2022-06-23
6266,957.0,2022-10-24
6267,1104.0,2020-06-12
6268,1008.0,2023-02-18
6269,41.0,2021-10-16
6270,1286.0,2022-07-25
6271,332.0,2022-04-03
6272,785.0,2022-01-22
6273,1276.0,2020-03-09
6274,1627.0,2023-06-20
6275,83.0,2023-06-12
6276,920.0,2021-02-21
6277,362.0,2023-11-02
6278,1297.0,2020-07-20
6279,151.0,2022-07-26
6280,487.0,2023-03-18
6281,1236.0,2022-06-30
6282,29.0,2020-09-09
6283,284.0,2023-07-08
6284,689.0,2021-08-07
6285,822.0,2022-12-09
6286,1663.0,2023-10-13
6287,1446.0,2020-01-20
6288,154.0,2021-05-28
6289,85.0,2023-06-15
6290,1.0,2020-05-21
6291,384.0,2021-02-02
6292,1986.0,2023-05-10
6293,1751.0,2020-09-06
6294,219.0,2020-10-15
6295,678.0,2021-06-18
6296,1705.0,2022-05-23
6297,517.0,2023-11-09
6298,1806.0,2022-11-15
6299,614.0,2022-07-27
6300,180.0,2020-05-11
6301,1409.0,2020-07-05
6302,1466.0,2021-05-17
6303,882.0,2023-01-03
6304,1667.0,2021-03-24
6305,1229.0,2023-09-22
6306,1604.0,2022-01-17
6307,1609.0,2020-05-29
6308,337.0,2024-01-23
6309,251.0,2020-02-05
6310,150.0,2023-01-14
6311,393.0,2022-10-15
6312,236.0,2023-01-03
6313,758.0,2023-08-11
6314,1544.0,2020-04-15
6315,175.0,2022-09-17
6316,175.0,2020-08-21
6317,1057.0,2020-06-03
6318,1221.0,2020-01-29
6319,1471.0,2023-05-17
6320,797.0,2021-10-28
6321,1567.0,2021-05-23
6322,1006.0,2022-01-20
6323,1886.0,2020-12-01
6324,977.0,2023-01-26
6325,835.0,2020-08-17
6326,1381.0,2021-05-25
6327,1799.0,2023-07-09
6328,539.0,2020-02-07
6329,320.0,2022-12-12
6330,633.0,2021-05-21
6331,1535.0,2020-06-14
6332,973.0,2022-09-05
6333,1536.0,2020-09-11
6334,778.0,2022-06-28
6335,275.0,2024-01-19
6336,815.0,2021-12-21
6337,1947.0,2022-07-23
6338,1492.0,2021-10-15
6339,1018.0,2024-01-15
6340,1187.0,2023-11-10
6341,760.0,2023-11-14
6342,1993.0,2023-11-26
6343,1404.0,2024-01-25
6344,1010.0,2022-10-27
6345,650.0,2021-05-07
6346,1173.0,2024-01-21
6347,766.0,2021-06-20
6348,1286.0,2023-08-01
6349,1022.0,2021-11-15
6350,1567.0,2022-10-06
6351,733.0,2022-12-16
6352,1665.0,2022-01-15
6353,1162.0,2020-11-04
6354,689.0,2022-05-16
6355,687.0,2022-06-27
6356,1271.0,2020-01-05
6357,1541.0,2020-09-29
6358,,2020-02-14
6359,1632.0,2021-09-24
6360,1550.0,2020-12-19
6361,1455.0,2021-01-31
6362,1171.0,2021-01-23
6363,1333.0,2023-02-21
6364,340.0,2021-06-01
6365,856.0,2021-07-16
6366,157.0,2023-06-24
6367,1895.0,2023-02-27
6368,1138.0,2023-11-24
6369,,2022-12-22
6370,459.0,2024-01-21
6371,704.0,2021-11-19
6372,537.0,2023-07-24
6373,607.0,2023-12-06
6374,323.0,2021-12-28
6375,1260.0,2023-10-16
6376,124.0,2022-07-14
6377,385.0,2021-05-20
6378,421.0,2020-12-28
6379,1393.0,2021-02-12
6380,376.0,2020-02-23
6381,379.0,2022-07-07
6382,848.0,2022-01-13
6383,1340.0,2020-08-07
6384,1484.0,2021-05-30
6385,190.0,2023-11-27
6386,1719.0,2022-03-04
6387,760.0,2020-10-02
6388,1227.0,2023-08-09
6389,580.0,2020-02-01
6390,830.0,2022-04-20
6391,35.0,2023-05-27
6392,705.0,2022-01-31
6393,978.0,2022-01-08
6394,552.0,2022-09-29
6395,1569.0,2022-12-26
6396,1583.0,2022-01-27
6397,1664.0,2021-11-30
6398,,2023-04-03
6399,51.0,2021-12-13
6400,1708.0,2020-04-26
6401,1958.0,2022-06-01
6402,868.0,2020-06-11
6403,94.0,2021-12-28
6404,82.0,2021-09-05
6405,1547.0,2021-06-19
6406,476.0,2020-05-17
6407,482.0,2023-01-29
6408,10.0,2022-03-04
6409,303.0,2023-11-09
6410,1873.0,2021-10-19
6411,1700.0,2020-03-06
6412,1725.0,2020-12-09
6413,1481.0,2022-05-05
6414,34.0,2020-06-12
6415,1406.0,2022-03-18
6416,1889.0,2020-12-26
6417,490.0,2020-04-21
6418,19.0,2023-04-14
6419,1571.0,2021-01-07
6420,1180.0,2022-05-24
6421,339.0,2020-10-23
6422,123.0,2021-03-24
6423,1520.0,2022-10-13
6424,355.0,2022-09-10
6425,,2023-03-30
6426,1892.0,2020-06-27
6427,1143.0,2022-08-25
6428,,2023-03-28
6429,223.0,2022-01-07
6430,1353.0,2022-03-03
6431,207.0,2024-02-08
6432,1849.0,2022-07-29
6433,369.0,2020-11-16
6434,966.0,2022-11-01
6435,,2021-01-02
6436,1842.0,2023-04-16
6437,684.0,2023-04-06
6438,34.0,2023-05-01
6439,1636.0,2020-01-17
6440,775.0,2023-07-25
6441,679.0,2022-01-30
6442,150.0,2021-09-15
6443,1255.0,2021-10-18
6444,1530.0,2021-02-26
6445,1433.0,2022-11-04
6446,1664.0,2021-02-20
6447,517.0,2021-06-02
6448,1135.0,2021-11-13
6449,1141.0,2020-10-16
6450,1637.0,2020-02-16
6451,484.0,2022-07-18
6452,306.0,2020-07-30
6453,208.0,2024-01-10
6454,1724.0,2023-05-28
6455,151.0,2022-10-12
6456,705.0,2021-08-05
6457,582.0,2021-01-24
6458,1229.0,2021-05-16
6459,,2022-11-27
6460,1847.0,2020-09-17
6461,455.0,2023-10-22
6462,725.0,2020-12-20
6463,1772.0,2022-02-05
6464,456.0,2021-09-07
6465,1640.0,2020-09-13
6466,871.0,2023-01-10
6467,1449.0,2020-02-21
6468,1891.0,2020-11-06
6469,409.0,2021-09-09
6470,1723.0,2020-07-14
6471,758.0,2020-06-21
6472,1089.0,2021-07-18
6473,1437.0,2021-08-03
6474,1213.0,2021-01-16
6475,973.0,2020-03-23
6476,1833.0,2022-03-13
6477,1051.0,2021-10-21
6478,1834.0,2022-08-28
6479,,2022-02-28
6480,1724.0,2022-11-30
6481,1871.0,2023-02-19
6482,55.0,2020-05-25
6483,76.0,2022-02-22
6484,991.0,2023-09-25
6485,52.0,2020-07-15
6486,1610.0,2021-10-10
6487,1249.0,2024-02-03
6488,996.0,2021-02-15
6489,1223.0,2023-08-09
6490,178.0,2020-12-25
6491,,2021-09-18
6492,1622.0,2022-12-27
6493,1097.0,2022-11-04
6494,1672.0,2023-11-09
6495,1666.0,2021-01-09
6496,1377.0,2022-06-24
6497,280.0,2021-10-09
6498,1092.0,2022-02-08
6499,1396.0,2021-09-09
6500,282.0,2022-04-11
6501,1710.0,2022-01-02
6502,648.0,2020-03-18
6503,625.0,2023-09-26
6504,1589.0,2022-02-01
6505,1028.0,2021-04-11
6506,1467.0,2022-08-28
6507,194.0,2021-01-02
6508,952.0,2020-10-20
6509,1286.0,2022-09-11
6510,420.0,2021-01-05
6511,1472.0,2021-05-04
6512,120.0,2023-11-22
6513,1514.0,2021-07-01
6514,1869.0,2021-05-04
6515,569.0,2022-07-16
6516,671.0,2022-05-26
6517,453.0,2021-06-01
6518,782.0,2023-05-08
6519,315.0,2021-12-07
6520,,2023-05-04
6521,1669.0,2020-10-01
6522,192.0,2022-11-25
6523,1187.0,2021-05-05
6524,1217.0,2021-11-13
6525,623.0,2020-03-16
6526,18.0,2021-10-09
6527,1873.0,2020-09-03
6528,1569.0,2022-09-25
6529,1083.0,2023-05-08
6530,1654.0,2022-03-02
6531,215.0,2021-12-25
6532,1801.0,2021-04-17
6533,1535.0,2023-12-20
6534,677.0,2023-10-29
6535,1160.0,2021-04-04
6536,640.0,2023-11-13
6537,1024.0,2022-10-13
6538,1606.0,2022-10-13
6539,,2022-10-26
6540,1667.0,2022-12-17
6541,1827.0,2022-07-28
6542,465.0,2020-04-25
6543,803.0,2021-01-30
6544,874.0,2020-11-23
6545,,2020-02-11
6546,1138.0,2023-01-09
6547,674.0,2020-04-27
6548,386.0,2023-06-25
6549,1984.0,2023-03-08
6550,1413.0,2020-02-04
6551,1923.0,2022-12-30
6552,854.0,2023-11-07
6553,1878.0,2020-09-06
6554,479.0,2023-09-15
6555,127.0,2021-08-07
6556,1115.0,2021-01-17
6557,1213.0,2023-09-28
6558,921.0,2023-01-06
6559,116.0,2023-03-13
6560,1450.0,2020-10-23
6561,250.0,2020-06-09
6562,1705.0,2021-09-10
6563,1049.0,2021-01-24
6564,740.0,2024-01-21
6565,1100.0,2020-09-21
6566,1604.0,2021-12-30
6567,1170.0,2020-09-17
6568,555.0,2023-02-26
6569,1830.0,2022-01-02
6570,756.0,2020-11-20
6571,1361.0,2021-12-29
6572,1745.0,2023-05-03
6573,,2024-02-06
6574,293.0,2022-09-27
6575,1300.0,2022-08-20
6576,1449.0,2022-08-28
6577,1013.0,2022-06-07
6578,1308.0,2021-12-18
6579,282.0,2022-03-28
6580,876.0,2020-12-17
6581,128.0,2021-01-24
6582,1608.0,2022-11-11
6583,493.0,2022-05-28
6584,1263.0,2021-09-11
6585,842.0,2020-02-10
6586,829.0,2023-06-29
6587,1088.0,2020-09-01
6588,820.0,2020-04-01
6589,94.0,2020-08-10
6590,29.0,2021-04-03
6591,480.0,2021-05-08
6592,462.0,2021-11-29
6593,1446.0,2021-05-19
6594,,2020-07-31
6595,1974.0,2021-04-14
6596,1382.0,2023-12-05
6597,1814.0,2021-05-12
6598,861.0,2022-06-03
6599,1326.0,2020-05-12
6600,1662.0,2022-06-01
6601,1129.0,2023-02-24
6602,1078.0,2021-07-19
6603,1062.0,2021-09-16
6604,,2022-01-01
6605,427.0,2022-08-01
6606,686.0,2020-01-10
6607,386.0,2020-07-11
6608,1589.0,2021-03-25
6609,1832.0,2022-12-25
6610,1292.0,2020-07-26
6611,585.0,2023-09-15
6612,751.0,2022-02-18
6613,1521.0,2023-07-14
6614,295.0,2024-01-02
6615,1978.0,2023-03-30
6616,377.0,2020-11-16
6617,1897.0,2020-06-07
6618,1279.0,2023-03-20
6619,1502.0,2021-11-11
6620,432.0,2023-07-05
6621,839.0,2020-12-26
6622,40.0,2021-02-19
6623,155.0,2022-10-10
6624,307.0,2022-11-21
6625,796.0,2022-04-28
6626,320.0,2022-08-26
6627,804.0,2021-09-26
6628,,2020-12-30
6629,539.0,2021-03-15
6630,1451.0,2020-03-02
6631,,2024-01-13
6632,980.0,2022-03-13
6633,133.0,2023-08-13
6634,1344.0,2022-05-16
6635,1933.0,2022-06-23
6636,1916.0,2020-07-02
6637,821.0,2023-02-05
6638,1395.0,2020-05-29
6639,1169.0,2021-07-05
6640,1189.0,2020-02-17
6641,474.0,2022-03-30
6642,1047.0,2021-08-25
6643,1569.0,2020-12-26
6644,917.0,2021-11-01
6645,838.0,2020-12-29
6646,1907.0,2021-04-15
6647,1724.0,2020-09-17
6648,421.0,2021-01-11
6649,479.0,2022-09-02
6650,,2020-03-12
6651,383.0,2021-05-20
6652,1959.0,2024-01-06
6653,1798.0,2023-10-31
6654,994.0,2023-07-07
6655,1084.0,2022-06-28
6656,1896.0,2020-03-13
6657,211.0,2020-11-03
6658,1139.0,2020-10-12
6659,57.0,2022-07-20
6660,1557.0,2021-08-06
6661,100.0,2020-01-17
6662,1075.0,2021-12-29
6663,1053.0,2023-07-23
6664,545.0,2020-03-04
6665,528.0,2022-01-27
6666,1717.0,2023-02-25
6667,570.0,2020-01-14
6668,1627.0,2020-06-07
6669,1717.0,2020-09-29
6670,296.0,2021-01-24
6671,1617.0,2020-11-14
6672,1365.0,2020-04-23
6673,1120.0,2020-04-18
6674,1687.0,2023-06-27
6675,1890.0,2020-05-12
6676,221.0,2021-10-27
6677,1744.0,2023-01-19
6678,1925.0,2022-04-14
6679,1311.0,2020-11-10
6680,1178.0,2022-09-01
6681,1069.0,2022-06-29
6682,1914.0,2022-09-04
6683,174.0,2020-12-06
6684,784.0,2021-03-17
6685,528.0,2023-05-19
6686,1324.0,2021-12-12
6687,1648.0,2020-12-05
6688,677.0,2022-02-11
6689,899.0,2021-01-13
6690,1837.0,2020-11-14
6691,1338.0,2023-09-24
6692,1674.0,2022-12-20
6693,514.0,2023-11-28
6694,1009.0,2021-07-03
6695,607.0,2022-08-22
6696,1947.0,2022-10-06
6697,553.0,2020-08-19
6698,,2023-09-29
6699,1523.0,2023-09-06
6700,1470.0,2020-05-21
6701,175.0,2020-01-29
6702,706.0,2022-03-15
6703,937.0,2021-11-21
6704,531.0,2021-10-19
6705,883.0,2021-08-24
6706,394.0,2021-08-30
6707,1519.0,2022-07-31
6708,1305.0,2023-09-07
6709,503.0,2023-01-30
6710,598.0,2020-02-01
6711,1526.0,2023-11-28
6712,1928.0,2023-05-17
6713,122.0,2022-08-04
6714,1797.0,2020-01-28
6715,1583.0,2020-05-23
6716,601.0,2021-07-01
6717,551.0,2020-03-20
6718,1010.0,2020-02-24
6719,313.0,2021-10-27
6720,1732.0,2023-10-20
6721,1013.0,2023-05-31
6722,708.0,2023-12-10
6723,289.0,2023-01-13
6724,1414.0,2024-01-09
6725,1433.0,2023-11-06
6726,1346.0,2023-05-23
6727,651.0,2023-06-24
6728,216.0,2023-04-09
6729,398.0,2023-08-29
6730,1847.0,2022-04-15
6731,1976.0,2020-11-16
6732,182.0,2023-12-19
6733,1032.0,2021-12-29
6734,387.0,2021-03-13
6735,544.0,2021-12-06
6736,1523.0,2020-12-08
6737,1791.0,2021-07-16
6738,134.0,2022-10-28
6739,1160.0,2024-01-03
6740,1426.0,2020-05-22
6741,1758.0,2022-03-02
6742,275.0,2020-01-01
6743,620.0,2022-10-23
6744,1567.0,2020-05-11
6745,1565.0,2021-08-04
6746,493.0,2023-03-12
6747,680.0,2022-08-03
6748,926.0,2022-06-24
6749,286.0,2021-08-04
6750,411.0,2021-09-08
6751,,2023-06-23
6752,,2020-01-09
6753,1314.0,2022-03-14
6754,40.0,2020-04-24
6755,422.0,2022-09-17
6756,,2023-01-19
6757,1108.0,2020-09-24
6758,1827.0,2020-10-31
6759,1726.0,2020-01-09
6760,348.0,2023-02-09
6761,1743.0,2020-10-11
6762,1649.0,2022-08-12
6763,1650.0,2022-04-22
6764,1157.0,2022-06-23
6765,1119.0,2020-01-29
6766,1134.0,2023-02-24
6767,701.0,2022-07-06
6768,139.0,2023-12-13
6769,277.0,2021-10-29
6770,1758.0,2021-07-14
6771,1930.0,2022-12-15
6772,1392.0,2023-05-23
6773,1328.0,2023-04-08
6774,,2022-10-08
6775,374.0,2022-10-02
6776,921.0,2020-02-14
6777,1482.0,2020-06-06
6778,82.0,2022-07-18
6779,188.0,2022-07-20
6780,1511.0,2021-10-16
6781,1289.0,2020-08-27
6782,1280.0,2020-03-04
6783,1229.0,2020-11-24
6784,1417.0,2021-08-03
6785,1071.0,2020-10-29
6786,970.0,2020-06-13
6787,173.0,2021-05-18
6788,709.0,2021-12-22
6789,671.0,2022-08-02
6790,,2020-05-09
6791,1565.0,2021-04-17
6792,1560.0,2020-03-24
6793,547.0,2020-12-19
6794,574.0,2023-06-02
6795,1692.0,2020-07-29
6796,1781.0,2022-04-14
6797,200.0,2021-06-05
6798,108.0,2021-11-02
6799,800.0,2021-12-27
6800,975.0,2023-10-14
6801,,2021-09-14
6802,1632.0,2021-09-12
6803,,2023-03-04
6804,1118.0,2020-07-15
6805,1515.0,2020-03-17
6806,1462.0,2020-08-15
6807,259.0,2023-11-04
6808,1238.0,2023-10-28
6809,476.0,2021-03-01
6810,795.0,2023-11-25
6811,1915.0,2021-05-05
6812,1733.0,2023-07-15
6813,1213.0,2021-08-03
6814,1789.0,2022-04-23
6815,637.0,2022-02-15
6816,1175.0,2023-04-12
6817,720.0,2021-04-29
6818,1697.0,2021-04-06
6819,154.0,2023-03-23
6820,723.0,2023-07-07
6821,1222.0,2023-06-25
6822,,2020-02-27
6823,908.0,2022-04-02
6824,945.0,2021-12-19
6825,102.0,2020-10-03
6826,1783.0,2020-08-27
6827,970.0,2023-06-16
6828,1326.0,2022-03-08
6829,848.0,2020-07-12
6830,244.0,2023-09-15
6831,213.0,2024-01-08
6832,1945.0,2022-10-16
6833,954.0,2023-11-19
6834,141.0,2020-08-22
6835,1188.0,2021-12-29
6836,1690.0,2020-03-22
6837,407.0,2021-08-09
6838,572.0,2020-06-08
6839,1494.0,2020-01-19
6840,1298.0,2023-02-17
6841,890.0,2021-09-04
6842,765.0,2021-01-15
6843,685.0,2023-10-25
6844,804.0,2022-01-15
6845,7.0,2022-03-13
6846,744.0,2023-09-05
6847,721.0,2022-01-08
6848,849.0,2023-01-24
6849,125.0,2020-09-15
6850,733.0,2021-03-03
6851,1486.0,2022-12-06
6852,689.0,2023-01-26
6853,1058.0,2021-08-13
6854,1850.0,2022-09-13
6855,1181.0,2022-10-27
6856,1267.0,2022-08-07
6857,881.0,2021-01-13
6858,1946.0,2023-02-24
6859,1028.0,2023-08-21
6860,,2024-01-31
6861,,2020-10-24
6862,480.0,2020-08-26
6863,453.0,2021-08-21
6864,1460.0,2023-08-02
6865,192.0,2022-04-21
6866,243.0,2020-08-17
6867,627.0,2021-07-28
6868,1881.0,2024-01-16
6869,1020.0,2020-05-22
6870,676.0,2023-03-23
6871,1645.0,2024-01-11
6872,,2023-06-11
6873,,2022-12-11
6874,91.0,2023-05-25
6875,232.0,2020-09-03
6876,1453.0,2021-09-10
6877,1022.0,2022-01-13
6878,1781.0,2023-11-14
6879,466.0,2020-04-06
6880,1970.0,2022-07-26
6881,893.0,2020-08-03
6882,154.0,2021-04-07
6883,143.0,2021-02-16
6884,266.0,2023-12-03
6885,332.0,2021-04-13
6886,1323.0,2022-05-18
6887,1095.0,2022-03-31
6888,1114.0,2020-10-13
6889,1199.0,2023-07-30
6890,802.0,2021-06-29
6891,1168.0,2021-06-14
6892,332.0,2021-08-06
6893,1622.0,2021-01-24
6894,861.0,2022-08-22
6895,169.0,2020-12-14
6896,169.0,2020-12-23
6897,1837.0,2020-12-16
6898,693.0,2022-03-01
6899,724.0,2023-05-10
6900,1178.0,2021-08-10
6901,186.0,2023-09-01
6902,290.0,2020-03-18
6903,986.0,2024-01-24
6904,502.0,2022-02-09
6905,89.0,2022-02-24
6906,709.0,2021-06-27
6907,1225.0,2021-08-14
6908,,2021-09-01
6909,292.0,2023-12-03
6910,791.0,2022-03-13
6911,12.0,2023-07-07
6912,425.0,2020-10-22
6913,568.0,2020-02-01
6914,1773.0,2020-07-24
6915,607.0,2024-01-24
6916,1940.0,2020-06-29
6917,1879.0,2021-06-21
6918,1104.0,2022-12-30
6919,1602.0,2022-04-12
6920,406.0,2023-11-11
6921,1947.0,2020-09-11
6922,853.0,2022-01-26
6923,1393.0,2023-05-27
6924,151.0,2020-07-10
6925,894.0,2022-09-01
6926,1981.0,2022-03-03
6927,398.0,2021-06-25
6928,613.0,2022-01-14
6929,286.0,2021-05-02
6930,1534.0,2022-10-19
6931,465.0,2021-06-10
6932,1603.0,2020-12-24
6933,695.0,2023-12-20
6934,1748.0,2021-07-01
6935,1989.0,2022-04-01
6936,1180.0,2020-11-15
6937,1618.0,2021-10-21
6938,1824.0,2020-07-02
6939,1206.0,2023-04-04
6940,1733.0,2022-11-18
6941,1774.0,2024-01-16
6942,1753.0,2023-03-20
6943,599.0,2021-07-21
6944,412.0,2023-12-26
6945,205.0,2023-09-25
6946,1674.0,2021-06-14
6947,1338.0,2023-12-10
6948,428.0,2020-12-30
6949,566.0,2021-11-18
6950,168.0,2020-07-23
6951,1477.0,2023-09-28
6952,746.0,2022-03-21
6953,170.0,2020-05-09
6954,1689.0,2023-08-09
6955,476.0,2020-10-15
6956,1004.0,2020-09-15
6957,1392.0,2020-08-13
6958,90.0,2021-09-15
6959,1568.0,2020-03-21
6960,1890.0,2021-03-04
6961,1215.0,2020-09-24
6962,224.0,2022-01-01
6963,135.0,2021-05-05
6964,1761.0,2021-02-15
6965,824.0,2021-11-24
6966,43.0,2020-06-12
6967,368.0,2023-11-02
6968,1534.0,2021-09-09
6969,,2022-05-27
6970,1729.0,2020-05-17
6971,285.0,2021-08-31
6972,123.0,2021-08-12
6973,227.0,2021-09-01
6974,1251.0,2020-07-24
6975,1613.0,2020-01-25
6976,1395.0,2023-02-16
6977,899.0,2021-12-11
6978,802.0,2020-03-14
6979,1649.0,2020-06-29
6980,305.0,2023-10-24
6981,,2020-11-01
6982,519.0,2022-09-08
6983,1.0,2023-03-29
6984,1198.0,2020-02-23
6985,,2021-12-31
6986,937.0,2022-09-23
6987,265.0,2023-08-14
6988,1301.0,2023-03-21
6989,431.0,2022-04-28
6990,508.0,2021-04-12
6991,1748.0,2021-10-31
6992,755.0,2022-09-12
6993,1982.0,2021-12-21
6994,,2020-10-14
6995,1464.0,2020-12-23
6996,1053.0,2023-06-06
6997,684.0,2024-02-03
6998,993.0,2020-05-27
6999,8.0,2021-10-31
7000,1211.0,2024-01-31
7001,1304.0,2020-06-27
7002,,2020-10-09
7003,1528.0,2021-09-13
7004,1703.0,2020-10-25
7005,202.0,2020-03-21
7006,192.0,2020-06-01
7007,1221.0,2023-04-26
7008,662.0,2023-08-28
7009,255.0,2020-12-10
7010,322.0,2020-03-31
7011,1258.0,2022-12-29
7012,1174.0,2022-05-17
7013,1948.0,2022-10-06
7014,1857.0,2023-03-17
7015,1380.0,2023-10-28
7016,1220.0,2024-01-08
7017,127.0,2021-07-14
7018,1102.0,2022-09-05
7019,1417.0,2020-02-25
7020,698.0,2020-06-07
7021,1381.0,2023-12-16
7022,1060.0,2021-03-13
7023,1670.0,2023-05-04
7024,1272.0,2020-01-25
7025,611.0,2021-03-04
7026,267.0,2021-04-13
7027,615.0,2021-09-10
7028,1373.0,2022-07-30
7029,1219.0,2023-09-26
7030,941.0,2023-11-06
7031,1266.0,2022-02-17
7032,1575.0,2020-12-01
7033,1867.0,2023-02-06
7034,708.0,2023-04-08
7035,344.0,2023-10-16
7036,799.0,2023-11-12
7037,769.0,2022-06-17
7038,861.0,2020-11-30
7039,1416.0,2023-08-09
7040,1847.0,2021-05-13
7041,244.0,2020-05-08
7042,1263.0,2020-10-06
7043,139.0,2023-04-01
7044,,2023-09-08
7045,637.0,2022-01-04
7046,1298.0,2020-09-22
7047,1591.0,2020-07-06
7048,767.0,2020-10-27
7049,1594.0,2021-02-01
7050,693.0,2022-08-01
7051,952.0,2024-01-19
7052,1395.0,2020-07-10
7053,39.0,2020-09-25
7054,1024.0,2023-02-05
7055,366.0,2021-10-13
7056,1200.0,2022-07-16
7057,1508.0,2020-10-24
7058,1458.0,2020-03-07
7059,660.0,2022-08-24
7060,1958.0,2020-04-05
7061,936.0,2020-04-04
7062,124.0,2023-10-13
7063,106.0,2022-08-20
7064,,2023-05-14
7065,1806.0,2023-02-01
7066,1376.0,2020-05-11
7067,1007.0,2022-09-15
7068,453.0,2022-02-09
7069,1220.0,2021-08-22
7070,1802.0,2022-07-18
7071,204.0,2020-07-04
7072,1265.0,2021-04-17
7073,846.0,2021-03-03
7074,983.0,2020-02-19
7075,132.0,2022-12-22
7076,1808.0,2022-09-13
7077,1422.0,2023-05-23
7078,1531.0,2022-06-15
7079,1865.0,2020-10-14
7080,1938.0,2023-10-01
7081,685.0,2023-05-18
7082,673.0,2020-03-15
7083,1620.0,2023-02-09
7084,1741.0,2022-08-14
7085,1237.0,2023-03-04
7086,935.0,2023-10-24
7087,1116.0,2023-02-08
7088,101.0,2021-05-04
7089,712.0,2023-06-29
7090,,2021-01-27
7091,527.0,2021-11-03
7092,975.0,2020-01-28
7093,912.0,2022-03-06
7094,1540.0,2022-12-22
7095,1391.0,2023-02-11
7096,437.0,2021-04-10
7097,1960.0,2023-02-05
7098,168.0,2021-09-14
7099,1907.0,2022-08-28
7100,1328.0,2023-12-18
7101,1750.0,2023-12-12
7102,1558.0,2023-11-30
7103,984.0,2021-08-30
7104,104.0,2022-07-08
7105,90.0,2020-10-22
7106,1955.0,2021-04-01
7107,1341.0,2023-11-18
7108,,2023-04-05
7109,1306.0,2021-09-24
7110,1448.0,2020-02-27
7111,1283.0,2022-10-20
7112,870.0,2023-10-03
7113,1980.0,2020-12-11
7114,1117.0,2023-04-29
7115,1968.0,2022-12-06
7116,1701.0,2022-03-18
7117,468.0,2020-02-23
7118,740.0,2020-11-01
7119,,2021-04-12
7120,1812.0,2023-10-21
7121,1440.0,2021-11-21
7122,375.0,2022-06-02
7123,1338.0,2022-01-15
7124,1879.0,2022-08-08
7125,1667.0,2022-12-15
7126,916.0,2023-05-27
7127,1131.0,2023-08-11
7128,964.0,2020-09-16
7129,782.0,2020-04-14
7130,589.0,2023-12-19
7131,512.0,2021-03-25
7132,1246.0,2022-01-10
7133,793.0,2021-06-17
7134,103.0,2023-02-19
7135,1569.0,2022-04-01
7136,666.0,2021-07-22
7137,66.0,2022-07-18
7138,1141.0,2020-08-19
7139,260.0,2021-03-04
7140,645.0,2020-07-16
7141,1717.0,2023-01-14
7142,436.0,2024-01-07
7143,305.0,2022-02-18
7144,280.0,2021-06-01
7145,1409.0,2022-06-21
7146,1596.0,2020-12-27
7147,210.0,2020-07-27
7148,1582.0,2020-05-21
7149,1276.0,2020-09-22
7150,1731.0,2022-08-26
7151,1597.0,2020-03-02
7152,670.0,2021-05-06
7153,194.0,2023-02-14
7154,1852.0,2023-10-01
7155,1798.0,2020-02-03
7156,1537.0,2020-03-13
7157,1963.0,2022-09-03
7158,209.0,2023-09-06
7159,1908.0,2020-11-19
7160,460.0,2021-04-09
7161,1442.0,2020-01-06
7162,1840.0,2023-03-07
7163,281.0,2021-03-10
7164,1084.0,2020-04-23
7165,1135.0,2021-05-09
7166,1614.0,2020-08-01
7167,732.0,2021-07-02
7168,555.0,2022-01-30
7169,1630.0,2020-06-27
7170,1290.0,2021-07-15
7171,1627.0,2023-11-13
7172,906.0,2023-08-12
7173,1758.0,2020-08-16
7174,1033.0,2020-07-18
7175,1539.0,2023-11-29
7176,176.0,2021-04-20
7177,1448.0,2022-12-04
7178,1318.0,2022-05-29
7179,971.0,2024-02-04
7180,859.0,2023-02-20
7181,1453.0,2021-11-14
7182,1554.0,2020-01-18
7183,1755.0,2023-04-07
7184,222.0,2021-06-14
7185,1391.0,2021-12-30
7186,1266.0,2020-05-19
7187,430.0,2020-05-05
7188,1019.0,2024-01-01
7189,822.0,2021-01-12
7190,142.0,2020-04-16
7191,1938.0,2022-09-25
7192,491.0,2021-03-26
7193,813.0,2022-11-01
7194,1794.0,2020-07-14
7195,1130.0,2023-05-11
7196,298.0,2022-10-04
7197,392.0,2020-08-04
7198,552.0,2022-07-02
7199,858.0,2021-03-14
7200,1437.0,2022-07-11
7201,163.0,2021-09-10
7202,1342.0,2023-06-21
7203,137.0,2022-03-10
7204,482.0,2022-07-06
7205,1731.0,2020-08-18
7206,731.0,2021-01-18
7207,1651.0,2022-02-19
7208,857.0,2021-03-03
7209,911.0,2021-06-01
7210,118.0,2020-01-20
7211,944.0,2021-09-08
7212,1454.0,2021-03-06
7213,663.0,2020-06-20
7214,412.0,2020-05-22
7215,1694.0,2020-05-17
7216,1841.0,2022-08-28
7217,699.0,2020-03-20
7218,831.0,2020-03-16
7219,1027.0,2022-12-09
7220,1060.0,2021-07-01
7221,200.0,2021-11-22
7222,1086.0,2021-07-21
7223,1893.0,2021-08-10
7224,1115.0,2021-01-13
7225,1863.0,2022-08-04
7226,287.0,2022-11-10
7227,182.0,2023-04-26
7228,1219.0,2021-10-13
7229,1223.0,2020-06-06
7230,278.0,2023-11-09
7231,627.0,2021-01-22
7232,1917.0,2023-12-31
7233,1559.0,2024-01-11
7234,1331.0,2022-08-16
7235,1328.0,2021-11-15
7236,1314.0,2023-06-15
7237,1011.0,2022-05-13
7238,789.0,2022-08-13
7239,,2024-02-08
7240,1816.0,2020-12-05
7241,45.0,2021-03-26
7242,668.0,2023-11-20
7243,,2023-01-05
7244,711.0,2021-10-28
7245,55.0,2021-03-07
7246,1339.0,2020-09-16
7247,1327.0,2020-01-10
7248,622.0,2023-12-13
7249,878.0,2022-12-19
7250,881.0,2020-01-12
7251,257.0,2021-07-23
7252,666.0,2023-08-28
7253,1997.0,2020-02-01
7254,249.0,2022-04-23
7255,1277.0,2020-10-21
7256,227.0,2020-09-15
7257,1395.0,2022-02-20
7258,1296.0,2020-08-19
7259,83.0,2022-01-01
7260,91.0,2022-12-30
7261,1669.0,2020-12-09
7262,1704.0,2022-07-20
7263,1496.0,2020-05-08
7264,441.0,2021-12-08
7265,1484.0,2020-04-15
7266,1628.0,2020-10-01
7267,156.0,2020-04-01
7268,1883.0,2023-04-17
7269,1055.0,2020-04-19
7270,780.0,2022-06-10
7271,212.0,2020-09-16
7272,245.0,2020-03-18
7273,,2020-10-21
7274,1727.0,2022-02-13
7275,1737.0,2022-05-02
7276,429.0,2021-03-15
7277,790.0,2022-06-27
7278,358.0,2023-01-18
7279,1162.0,2023-09-22
7280,1526.0,2022-11-23
7281,172.0,2020-05-14
7282,1373.0,2021-02-25
7283,,2021-10-23
7284,40.0,2020-01-06
7285,687.0,2022-08-30
7286,606.0,2022-07-12
7287,699.0,2023-09-04
7288,1342.0,2023-07-02
7289,1385.0,2021-05-30
7290,1867.0,2023-12-22
7291,,2023-07-08
7292,873.0,2020-03-12
7293,,2021-07-03
7294,142.0,2020-04-02
7295,1168.0,2023-11-03
7296,282.0,2021-11-13
7297,854.0,2021-01-04
7298,1777.0,2023-04-15
7299,53.0,2024-01-20
7300,,2023-12-15
7301,1289.0,2021-01-14
7302,,2020-01-10
7303,1501.0,2022-12-29
7304,1964.0,2023-01-22
7305,597.0,2023-08-14
7306,1699.0,2020-11-30
7307,578.0,2021-10-17
7308,611.0,2021-12-02
7309,523.0,2023-09-15
7310,1492.0,2023-07-20
7311,259.0,2021-01-11
7312,1716.0,2020-07-26
7313,1725.0,2020-01-31
7314,403.0,2023-05-01
7315,558.0,2021-09-22
7316,1449.0,2020-01-14
7317,978.0,2022-02-21
7318,405.0,2020-02-07
7319,1082.0,2020-03-12
7320,1721.0,2021-01-31
7321,513.0,2021-05-14
7322,480.0,2022-03-25
7323,,2023-07-26
7324,1695.0,2020-01-01
7325,1489.0,2021-04-17
7326,57.0,2023-08-03
7327,197.0,2020-05-09
7328,1547.0,2023-06-08
7329,852.0,2021-03-16
7330,688.0,2022-07-13
7331,1392.0,2023-06-14
7332,1539.0,2020-01-09
7333,1044.0,2021-01-18
7334,1831.0,2020-09-15
7335,475.0,2023-02-20
7336,1964.0,2022-03-29
7337,1024.0,2023-09-19
7338,,2022-04-30
7339,1263.0,2020-07-02
7340,799.0,2024-01-03
7341,1918.0,2021-10-15
7342,973.0,2022-10-12
7343,34.0,2021-04-18
7344,680.0,2021-07-24
7345,302.0,2023-10-24
7346,967.0,2022-06-26
7347,467.0,2023-10-08
7348,337.0,2023-02-08
7349,955.0,2020-07-27
7350,117.0,2021-03-22
7351,1062.0,2023-05-30
7352,1111.0,2023-01-20
7353,228.0,2021-01-17
7354,1695.0,2020-07-11
7355,1482.0,2022-02-20
7356,1651.0,2022-09-18
7357,1048.0,2024-01-19
7358,218.0,2020-01-01
7359,883.0,2021-10-31
7360,1991.0,2022-08-17
7361,990.0,2021-03-24
7362,913.0,2022-11-05
7363,1471.0,2023-10-23
7364,1489.0,2020-09-19
7365,1928.0,2023-08-10
7366,757.0,2022-09-24
7367,1605.0,2021-01-02
7368,1018.0,2023-07-23
7369,1608.0,2021-09-23
7370,1735.0,2021-09-07
7371,1834.0,2020-06-19
7372,1971.0,2022-07-04
7373,,2022-04-08
7374,1672.0,2020-05-27
7375,329.0,2021-09-29
7376,485.0,2021-03-16
7377,1567.0,2021-12-04
7378,318.0,2022-01-06
7379,719.0,2023-01-18
7380,1912.0,2021-04-29
7381,1129.0,2023-10-23
7382,,2021-09-08
7383,1069.0,2022-10-14
7384,621.0,2022-11-05
7385,355.0,2022-10-08
7386,1752.0,2022-07-31
7387,1490.0,2023-04-06
7388,1536.0,2023-12-22
7389,1427.0,2020-02-07
7390,1926.0,2022-02-23
7391,731.0,2021-02-09
7392,1381.0,2021-12-28
7393,1894.0,2022-08-07
7394,708.0,2022-04-08
7395,1995.0,2021-01-08
7396,657.0,2023-06-14
7397,1123.0,2020-10-22
7398,477.0,2023-04-02
7399,362.0,2023-02-11
7400,1736.0,2020-06-30
7401,874.0,2020-05-11
7402,1420.0,2021-01-29
7403,514.0,2023-02-15
7404,437.0,2022-07-14
7405,1017.0,2023-11-13
7406,86.0,2020-07-20
7407,400.0,2023-03-26
7408,1283.0,2021-03-18
7409,802.0,2020-05-01
7410,263.0,2021-11-10
7411,1106.0,2023-11-13
7412,531.0,2022-05-02
7413,1940.0,2023-06-11
7414,330.0,2023-06-30
7415,1084.0,2023-02-03
7416,1864.0,2023-07-06
7417,1393.0,2021-07-20
7418,1832.0,2023-09-09
7419,1212.0,2020-06-30
7420,1958.0,2023-12-25
7421,436.0,2021-08-24
7422,972.0,2021-12-06
7423,770.0,2022-03-22
7424,1282.0,2023-02-12
7425,1013.0,2020-01-24
7426,1369.0,2023-07-21
7427,242.0,2021-03-06
7428,1935.0,2021-10-04
7429,956.0,2022-07-04
7430,1776.0,2022-11-20
7431,1787.0,2021-03-26
7432,150.0,2022-11-02
7433,1853.0,2021-02-02
7434,1073.0,2022-05-02
7435,1767.0,2020-07-20
7436,1214.0,2023-02-21
7437,189.0,2020-06-13
7438,1889.0,2020-05-17
7439,1901.0,2022-04-26
7440,1545.0,2022-07-01
7441,213.0,2021-12-14
7442,975.0,2020-09-17
7443,459.0,2021-02-02
7444,1919.0,2023-04-25
7445,520.0,2022-09-18
7446,1367.0,2020-02-05
7447,381.0,2022-03-21
7448,631.0,2022-11-20
7449,988.0,2021-06-06
7450,1833.0,2023-01-20
7451,483.0,2023-05-23
7452,357.0,2023-03-15
7453,50.0,2021-10-25
7454,1070.0,2020-06-18
7455,229.0,2020-04-24
7456,792.0,2020-12-06
7457,1996.0,2020-01-22
7458,1689.0,2022-09-15
7459,15.0,2023-07-15
7460,1448.0,2021-03-23
7461,51.0,2021-06-25
7462,794.0,2023-10-15
7463,855.0,2023-08-21
7464,928.0,2024-01-09
7465,1005.0,2022-05-02
7466,1644.0,2020-07-27
7467,394.0,2021-10-16
7468,1118.0,2020-09-09
7469,1478.0,2021-12-02
7470,,2021-12-22
7471,180.0,2020-07-20
7472,1135.0,2023-10-12
7473,1046.0,2023-03-21
7474,770.0,2021-10-07
7475,1873.0,2021-04-11
7476,1258.0,2022-08-22
7477,1474.0,2023-12-16
7478,844.0,2023-01-31
7479,1866.0,2020-04-06
7480,1614.0,2021-03-18
7481,1267.0,2023-07-20
7482,420.0,2020-04-27
7483,,2021-05-10
7484,1434.0,2022-01-17
7485,875.0,2021-10-17
7486,1102.0,2021-02-22
7487,1962.0,2022-03-20
7488,1430.0,2022-05-23
7489,1413.0,2020-03-31
7490,873.0,2020-05-18
7491,131.0,2023-05-18
7492,1141.0,2022-02-15
7493,987.0,2022-09-01
7494,,2020-02-06
7495,1447.0,2023-08-07
7496,1220.0,2020-03-09
7497,393.0,2022-03-11
7498,1148.0,2022-08-18
7499,1481.0,2021-01-21
7500,784.0,2021-10-29
7501,1679.0,2021-03-31
7502,824.0,2021-08-10
7503,920.0,2021-01-17
7504,1826.0,2022-04-06
7505,,2020-02-19
7506,1092.0,2023-06-15
7507,801.0,2021-09-22
7508,1476.0,2020-10-14
7509,1686.0,2020-02-02
7510,67.0,2020-08-04
7511,277.0,2022-06-19
7512,774.0,2021-09-30
7513,1865.0,2020-09-27
7514,1502.0,2021-11-10
7515,1736.0,2023-09-03
7516,906.0,2022-06-17
7517,1949.0,2022-03-26
7518,1348.0,2020-09-04
7519,1026.0,2022-11-29
7520,1531.0,2022-06-23
7521,1089.0,2023-04-16
7522,698.0,2020-03-12
7523,1863.0,2021-11-13
7524,1470.0,2023-05-17
7525,651.0,2020-03-06
7526,599.0,2022-03-08
7527,1549.0,2023-12-16
7528,1495.0,2023-11-15
7529,711.0,2020-11-18
7530,1753.0,2021-03-29
7531,1907.0,2023-04-04
7532,224.0,2021-07-13
7533,521.0,2022-03-10
7534,1164.0,2022-11-24
7535,29.0,2020-04-16
7536,482.0,2022-12-03
7537,868.0,2020-05-04
7538,,2020-08-28
7539,1717.0,2022-08-18
7540,1152.0,2023-08-05
7541,1128.0,2022-10-25
7542,1014.0,2023-10-20
7543,1988.0,2020-11-01
7544,,2020-07-03
7545,1645.0,2020-02-29
7546,730.0,2020-07-21
7547,1174.0,2023-12-11
7548,1819.0,2020-01-17
7549,204.0,2020-05-09
7550,157.0,2021-02-21
7551,1395.0,2022-05-07
7552,356.0,2021-12-01
7553,343.0,2023-12-03
7554,1898.0,2020-01-01
7555,495.0,2021-05-18
7556,1460.0,2022-02-27
7557,1147.0,2020-09-05
7558,1133.0,2021-07-06
7559,1535.0,2021-01-26
7560,995.0,2020-01-13
7561,1871.0,2022-12-19
7562,1152.0,2021-12-05
7563,1182.0,2023-11-27
7564,141.0,2022-02-20
7565,995.0,2020-12-19
7566,413.0,2023-04-21
7567,415.0,2020-07-16
7568,1639.0,2022-08-18
7569,1282.0,2020-09-12
7570,60.0,2023-08-27
7571,820.0,2023-06-26
7572,271.0,2022-02-22
7573,527.0,2023-12-09
7574,703.0,2021-03-01
7575,,2023-06-22
7576,1831.0,2022-04-04
7577,1666.0,2023-04-02
7578,1569.0,2021-05-05
7579,1494.0,2020-07-06
7580,414.0,2022-12-20
7581,609.0,2023-10-09
7582,750.0,2021-09-05
7583,604.0,2021-12-05
7584,321.0,2024-02-04
7585,1707.0,2020-10-21
7586,1703.0,2022-09-21
7587,1136.0,2021-02-02
7588,1411.0,2021-09-16
7589,1619.0,2022-09-04
7590,1561.0,2022-08-27
7591,1920.0,2020-09-05
7592,1077.0,2022-03-16
7593,1229.0,2022-11-20
7594,,2022-02-21
7595,658.0,2023-05-11
7596,1515.0,2023-07-27
7597,1310.0,2021-05-20
7598,1689.0,2022-04-24
7599,1713.0,2020-10-25
7600,167.0,2020-03-15
7601,1710.0,2023-03-30
7602,1591.0,2020-03-15
7603,791.0,2020-08-23
7604,1591.0,2022-07-01
7605,1442.0,2021-06-19
7606,234.0,2020-06-30
7607,1082.0,2021-10-22
7608,1196.0,2023-11-21
7609,86.0,2023-10-01
7610,1998.0,2020-03-11
7611,711.0,2021-02-21
7612,169.0,2022-10-14
7613,417.0,2023-08-18
7614,1890.0,2021-09-28
7615,889.0,2022-03-16
7616,412.0,2021-04-06
7617,1502.0,2022-01-23
7618,,2020-11-18
7619,467.0,2022-02-16
7620,1637.0,2020-07-21
7621,420.0,2024-01-01
7622,1579.0,2024-01-18
7623,88.0,2021-05-09
7624,1089.0,2023-05-18
7625,1542.0,2020-12-17
7626,1712.0,2022-05-01
7627,1586.0,2020-01-04
7628,1725.0,2023-10-29
7629,1978.0,2022-02-04
7630,467.0,2020-11-30
7631,946.0,2020-08-17
7632,1125.0,2020-07-08
7633,1282.0,2022-12-19
7634,305.0,2020-03-04
7635,1868.0,2020-08-01
7636,1338.0,2022-01-09
7637,925.0,2020-10-20
7638,1785.0,2021-03-06
7639,1118.0,2020-07-13
7640,1338.0,2020-12-30
7641,740.0,2023-09-05
7642,1509.0,2020-01-20
7643,785.0,2021-07-01
7644,623.0,2023-01-28
7645,624.0,2021-08-05
7646,11.0,2020-12-29
7647,1084.0,2021-02-02
7648,96.0,2022-07-24
7649,857.0,2022-07-13
7650,916.0,2020-05-06
7651,1881.0,2022-09-24
7652,1967.0,2023-12-10
7653,1468.0,2021-04-02
7654,782.0,2023-08-16
7655,47.0,2021-02-08
7656,1580.0,2020-10-02
7657,1576.0,2021-09-07
7658,196.0,2021-04-16
7659,1152.0,2023-06-30
7660,1446.0,2021-02-27
7661,922.0,2024-01-09
7662,1987.0,2023-12-04
7663,1193.0,2023-12-31
7664,1743.0,2024-01-20
7665,1294.0,2023-04-15
7666,1280.0,2023-12-10
7667,500.0,2023-07-04
7668,471.0,2022-12-10
7669,498.0,2020-08-16
7670,1238.0,2022-11-12
7671,305.0,2023-06-17
7672,655.0,2023-12-17
7673,165.0,2021-09-09
7674,1628.0,2024-02-07
7675,51.0,2022-02-08
7676,1218.0,2020-07-11
7677,1174.0,2020-11-12
7678,1467.0,2020-03-09
7679,281.0,2023-02-06
7680,1578.0,2022-02-05
7681,841.0,2022-04-25
7682,1329.0,2021-06-05
7683,1258.0,2022-01-27
7684,1553.0,2023-02-28
7685,579.0,2021-07-22
7686,650.0,2020-06-26
7687,1867.0,2021-05-12
7688,1055.0,2023-03-27
7689,842.0,2022-01-02
7690,298.0,2022-10-31
7691,,2023-03-29
7692,660.0,2021-12-06
7693,57.0,2020-04-27
7694,1831.0,2021-05-11
7695,1588.0,2023-06-25
7696,572.0,2021-11-17
7697,1883.0,2023-06-13
7698,,2022-08-28
7699,317.0,2021-03-21
7700,1544.0,2023-03-05
7701,972.0,2020-06-20
7702,,2020-06-07
7703,590.0,2021-01-01
7704,1320.0,2022-08-15
7705,1712.0,2023-12-13
7706,10.0,2020-09-15
7707,,2021-11-18
7708,1122.0,2023-01-21
7709,90.0,2021-09-08
7710,1946.0,2021-06-16
7711,1365.0,2023-11-02
7712,1628.0,2020-06-02
7713,282.0,2023-06-10
7714,1460.0,2020-08-03
7715,267.0,2023-02-12
7716,1560.0,2022-01-10
7717,1722.0,2020-02-04
7718,1526.0,2023-10-02
7719,453.0,2023-03-17
7720,1235.0,2021-02-14
7721,1884.0,2020-01-17
7722,595.0,2024-01-08
7723,1205.0,2023-09-03
7724,224.0,2022-02-13
7725,65.0,2023-04-24
7726,966.0,2023-03-12
7727,496.0,2022-02-16
7728,1862.0,2023-12-15
7729,249.0,2021-12-03
7730,106.0,2023-03-10
7731,1449.0,2022-11-09
7732,895.0,2022-01-01
7733,34.0,2023-09-06
7734,1123.0,2022-01-17
7735,1612.0,2020-11-19
7736,1616.0,2022-05-29
7737,312.0,2021-09-29
7738,330.0,2021-10-10
7739,1735.0,2021-05-18
7740,1314.0,2021-08-10
7741,516.0,2022-09-04
7742,,2020-05-08
7743,375.0,2023-12-18
7744,1656.0,2021-07-11
7745,1264.0,2023-06-23
7746,901.0,2021-08-17
7747,1853.0,2022-04-26
7748,1264.0,2021-11-20
7749,454.0,2023-07-10
7750,,2022-04-02
7751,1452.0,2021-12-16
7752,92.0,2021-03-28
7753,235.0,2023-07-17
7754,1116.0,2020-11-11
7755,1003.0,2022-10-09
7756,1278.0,2023-11-29
7757,1790.0,2022-04-07
7758,1252.0,2022-03-30
7759,1162.0,2022-04-30
7760,1563.0,2023-04-27
7761,8.0,2023-04-23
7762,1490.0,2023-08-18
7763,1787.0,2023-02-27
7764,999.0,2020-09-06
7765,1447.0,2022-05-13
7766,1177.0,2020-11-04
7767,213.0,2022-07-06
7768,440.0,2020-09-09
7769,585.0,2022-04-12
7770,15.0,2022-11-21
7771,952.0,2023-08-06
7772,717.0,2021-11-18
7773,1252.0,2024-01-05
7774,811.0,2023-01-27
7775,1124.0,2023-06-05
7776,1094.0,2024-01-30
7777,870.0,2020-02-29
7778,548.0,2022-10-10
7779,1873.0,2020-09-23
7780,1072.0,2021-10-02
7781,1126.0,2022-06-15
7782,697.0,2023-12-16
7783,459.0,2022-03-11
7784,606.0,2020-02-22
7785,1368.0,2021-10-30
7786,965.0,2021-01-21
7787,1360.0,2020-06-27
7788,658.0,2022-01-07
7789,215.0,2020-04-21
7790,57.0,2021-08-28
7791,1789.0,2022-10-11
7792,1165.0,2023-04-16
7793,1380.0,2023-09-12
7794,956.0,2022-11-11
7795,1149.0,2023-10-27
7796,,2023-05-17
7797,1980.0,2023-06-01
7798,769.0,2020-06-13
7799,851.0,2021-12-13
7800,,2022-07-01
7801,1625.0,2023-04-12
7802,1617.0,2021-09-28
7803,418.0,2021-02-14
7804,1231.0,2021-05-28
7805,1854.0,2022-02-13
7806,266.0,2022-08-26
7807,1643.0,2021-09-07
7808,1886.0,2021-09-07
7809,1758.0,2022-04-24
7810,889.0,2020-08-01
7811,1447.0,2023-06-06
7812,1518.0,2020-07-12
7813,226.0,2022-07-02
7814,796.0,2021-01-21
7815,1703.0,2023-08-01
7816,720.0,2020-04-14
7817,235.0,2021-01-31
7818,,2023-06-08
7819,499.0,2022-08-10
7820,1784.0,2022-08-12
7821,1234.0,2021-10-08
7822,1307.0,2022-06-24
7823,1290.0,2022-04-04
7824,524.0,2020-08-29
7825,41.0,2023-05-05
7826,1574.0,2023-12-07
7827,1766.0,2020-06-12
7828,995.0,2021-08-06
7829,1384.0,2023-10-29
7830,760.0,2021-08-25
7831,628.0,2023-12-04
7832,,2023-11-03
7833,733.0,2020-09-02
7834,1427.0,2021-02-21
7835,1459.0,2024-02-02
7836,1920.0,2022-11-02
7837,1445.0,2021-06-07
7838,1272.0,2023-12-28
7839,694.0,2020-03-14
7840,813.0,2023-04-01
7841,1810.0,2023-07-24
7842,683.0,2023-06-07
7843,647.0,2022-09-15
7844,932.0,2020-07-28
7845,1718.0,2021-09-06
7846,485.0,2020-06-28
7847,1501.0,2020-04-12
7848,903.0,2023-09-28
7849,1792.0,2022-06-28
7850,907.0,2023-02-10
7851,382.0,2023-10-05
7852,1948.0,2020-10-27
7853,488.0,2020-04-26
7854,559.0,2020-07-29
7855,1937.0,2021-07-12
7856,110.0,2022-02-10
7857,1710.0,2023-05-27
7858,139.0,2021-10-31
7859,92.0,2020-08-14
7860,436.0,2021-05-23
7861,1457.0,2023-09-26
7862,1330.0,2024-02-06
7863,1850.0,2023-01-31
7864,1018.0,2020-12-31
7865,454.0,2021-04-14
7866,275.0,2020-05-08
7867,718.0,2021-08-23
7868,139.0,2021-11-22
7869,1001.0,2023-03-16
7870,1288.0,2020-06-01
7871,1807.0,2021-01-02
7872,1898.0,2023-04-16
7873,939.0,2024-02-05
7874,1592.0,2020-01-21
7875,1625.0,2022-09-27
7876,502.0,2020-06-08
7877,883.0,2023-05-06
7878,485.0,2022-01-02
7879,1358.0,2023-07-24
7880,1342.0,2022-03-31
7881,1599.0,2020-02-13
7882,1755.0,2021-10-15
7883,104.0,2022-03-08
7884,1506.0,2023-03-30
7885,647.0,2021-05-23
7886,241.0,2023-12-21
7887,149.0,2022-02-28
7888,72.0,2021-07-14
7889,444.0,2021-05-23
7890,1179.0,2020-04-01
7891,725.0,2023-11-06
7892,998.0,2021-02-02
7893,758.0,2020-04-29
7894,241.0,2023-01-31
7895,652.0,2021-10-26
7896,467.0,2022-10-11
7897,89.0,2021-09-16
7898,1872.0,2020-01-26
7899,728.0,2021-09-01
7900,1114.0,2021-05-06
7901,166.0,2020-12-16
7902,599.0,2022-10-25
7903,1578.0,2022-10-03
7904,157.0,2020-10-11
7905,749.0,2023-03-17
7906,486.0,2020-08-22
7907,1216.0,2021-08-09
7908,1538.0,2022-05-10
7909,97.0,2020-09-24
7910,1935.0,2023-03-09
7911,,2021-03-15
7912,1756.0,2021-09-17
7913,16.0,2022-07-28
7914,946.0,2020-06-13
7915,545.0,2023-09-22
7916,1677.0,2022-08-31
7917,969.0,2020-02-19
7918,1948.0,2022-05-13
7919,1555.0,2024-01-31
7920,1456.0,2022-04-12
7921,1182.0,2021-11-14
7922,1941.0,2020-12-08
7923,846.0,2021-05-20
7924,1893.0,2022-02-06
7925,1204.0,2023-11-17
7926,1586.0,2021-04-23
7927,80.0,2022-02-27
7928,1024.0,2021-01-27
7929,729.0,2021-07-30
7930,540.0,2021-01-19
7931,1515.0,2022-01-26
7932,1.0,2021-07-24
7933,428.0,2020-07-08
7934,121.0,2020-04-26
7935,226.0,2020-11-09
7936,615.0,2020-06-07
7937,1213.0,2023-03-13
7938,1679.0,2021-07-20
7939,,2021-02-08
7940,1960.0,2021-03-16
7941,1501.0,2023-05-27
7942,1902.0,2023-02-09
7943,1334.0,2022-11-21
7944,661.0,2023-08-17
7945,667.0,2021-12-26
7946,1037.0,2023-02-11
7947,1620.0,2020-06-19
7948,844.0,2022-02-16
7949,327.0,2021-07-10
7950,,2022-02-16
7951,1346.0,2020-10-01
7952,1891.0,2022-06-16
7953,,2020-01-12
7954,1902.0,2023-12-11
7955,468.0,2021-10-06
7956,1914.0,2021-05-15
7957,1673.0,2021-08-03
7958,631.0,2022-02-21
7959,1908.0,2023-06-28
7960,1192.0,2022-03-04
7961,567.0,2020-01-09
7962,688.0,2021-06-27
7963,1557.0,2020-01-03
7964,453.0,2023-10-16
7965,584.0,2022-09-25
7966,533.0,2023-01-22
7967,,2023-10-30
7968,1559.0,2022-09-20
7969,427.0,2023-06-24
7970,1579.0,2022-10-16
7971,1469.0,2023-11-07
7972,1394.0,2021-10-16
7973,634.0,2023-12-14
7974,822.0,2020-09-06
7975,,2023-03-25
7976,242.0,2021-08-18
7977,618.0,2023-03-29
7978,1434.0,2021-09-09
7979,1198.0,2022-07-27
7980,839.0,2023-12-18
7981,785.0,2021-08-21
7982,962.0,2023-03-08
7983,,2023-08-05
7984,775.0,2021-05-17
7985,1646.0,2021-04-22
7986,645.0,2022-03-02
7987,373.0,2021-09-12
7988,1461.0,2022-06-30
7989,,2021-01-15
7990,877.0,2020-04-16
7991,1622.0,2021-11-08
7992,745.0,2022-01-28
7993,1329.0,2020-12-03
7994,135.0,2021-11-08
7995,1650.0,2021-08-28
7996,,2020-07-29
7997,53.0,2023-01-28
7998,1693.0,2020-11-14
7999,790.0,2021-05-11
8000,713.0,2022-03-15
