OrderID,BookID,Price,Quantity
1,198,180.7,1.0
1,256,114.14,2.0
1,393,188.3,1.0
1,492,218.49,1.0
1,996,,1.0
2,87,150.25,1.0
2,538,,2.0
2,575,,3.0
3,94,85.78,2.0
3,270,,2.0
3,522,210.27,
3,980,211.03,2.0
4,44,93.13,1.0
4,505,120.77,1.0
4,646,191.41,2.0
5,664,199.35,1.0
5,755,198.93,3.0
5,767,106.78,1.0
6,75,154.27,1.0
6,124,139.26,1.0
6,211,92.17,
6,300,173.53,3.0
7,224,226.21,1.0
7,268,80.87,1.0
7,590,153.28,2.0
8,97,83.87,2.0
8,208,57.13,2.0
8,383,203.93,1.0
8,608,220.66,2.0
9,441,208.41,3.0
9,485,52.72,2.0
9,819,57.53,1.0
10,605,138.19,1.0
10,704,50.64,1.0
10,810,160.28,1.0
11,248,124.74,2.0
11,531,,1.0
11,544,244.85,3.0
11,906,93.79,1.0
11,926,64.91,3.0
12,169,116.7,1.0
12,453,152.15,3.0
12,454,155.48,2.0
12,797,220.47,2.0
12,964,106.28,1.0
13,136,,1.0
13,181,120.56,1.0
13,721,107.84,3.0
14,365,153.13,1.0
14,374,,3.0
14,873,,1.0
15,53,60.45,3.0
15,144,111.9,1.0
15,407,174.05,3.0
15,837,,3.0
15,899,199.38,1.0
16,151,226.05,3.0
16,249,224.27,1.0
16,301,,3.0
16,466,,1.0
16,580,210.06,1.0
17,130,121.41,3.0
17,141,140.89,3.0
17,351,155.07,2.0
17,476,164.01,3.0
17,573,61.97,1.0
18,531,51.53,3.0
18,564,228.93,2.0
18,932,,1.0
19,61,112.13,1.0
19,423,221.14,3.0
19,555,187.68,1.0
19,640,97.33,
19,769,198.25,2.0
20,66,167.64,3.0
20,347,136.1,2.0
20,960,244.86,2.0
21,85,169.02,2.0
21,166,192.62,1.0
21,913,156.18,1.0
21,937,164.51,1.0
21,985,154.3,1.0
22,18,66.18,3.0
22,62,84.49,1.0
22,204,124.94,2.0
22,517,106.05,3.0
22,675,64.53,2.0
23,183,126.36,2.0
23,409,121.46,2.0
23,816,171.99,3.0
24,130,121.41,2.0
24,328,,1.0
24,384,137.63,3.0
24,917,87.21,3.0
25,394,191.95,2.0
25,576,227.01,2.0
25,935,98.57,2.0
26,152,63.89,2.0
26,245,136.11,2.0
26,723,176.43,3.0
26,764,184.08,2.0
27,215,,2.0
27,652,150.27,3.0
27,840,135.48,3.0
27,888,80.36,2.0
28,107,123.53,3.0
28,230,142.07,2.0
28,887,217.22,2.0
29,170,105.05,1.0
29,348,203.33,3.0
29,639,110.99,2.0
29,771,76.39,3.0
30,56,162.42,1.0
30,803,182.99,3.0
30,862,160.96,2.0
31,319,57.58,3.0
31,719,53.18,1.0
31,860,91.93,2.0
32,29,62.51,2.0
32,840,135.48,3.0
32,979,205.27,2.0
33,249,224.27,2.0
33,343,70.29,2.0
33,522,210.27,1.0
33,585,178.27,1.0
33,920,147.21,2.0
34,53,60.45,3.0
34,161,109.19,1.0
34,902,,2.0
35,360,125.34,1.0
35,543,103.79,1.0
35,668,88.59,1.0
35,961,79.78,3.0
36,390,82.52,3.0
36,453,152.15,1.0
36,665,86.52,
37,49,237.53,3.0
37,507,226.65,2.0
37,990,76.1,2.0
38,55,238.3,3.0
38,305,147.13,2.0
38,349,138.39,1.0
38,444,62.33,1.0
38,942,167.61,2.0
39,128,,3.0
39,158,118.43,1.0
39,716,63.71,2.0
39,857,60.36,2.0
39,981,60.43,1.0
40,215,152.98,2.0
40,445,232.1,1.0
40,459,94.26,2.0
40,682,103.7,3.0
40,686,138.01,2.0
41,291,181.87,2.0
41,412,242.29,2.0
41,504,208.11,1.0
41,724,53.44,2.0
42,400,186.19,1.0
42,487,141.3,1.0
42,772,103.65,3.0
42,792,237.91,3.0
43,138,221.92,1.0
43,273,216.8,1.0
43,392,113.94,2.0
43,629,195.26,1.0
43,678,201.53,1.0
44,225,58.78,3.0
44,308,117.08,3.0
44,437,224.5,1.0
44,992,88.48,2.0
45,92,168.26,3.0
45,269,81.71,2.0
45,613,163.05,1.0
45,667,124.68,1.0
45,676,141.76,2.0
46,58,231.34,
46,89,81.47,3.0
46,133,240.19,1.0
46,411,152.22,1.0
46,841,196.07,3.0
47,120,183.66,1.0
47,325,149.23,3.0
47,703,171.58,3.0
47,968,166.73,1.0
48,601,189.18,2.0
48,679,90.4,3.0
48,687,176.38,3.0
48,957,117.34,2.0
48,958,198.75,1.0
49,185,134.78,2.0
49,467,176.42,1.0
49,579,202.8,3.0
49,968,166.73,2.0
50,337,160.66,3.0
50,616,178.66,2.0
50,811,223.59,1.0
50,873,148.67,3.0
51,135,81.29,
51,190,99.3,2.0
51,335,146.92,3.0
51,919,169.1,1.0
52,71,86.5,3.0
52,110,87.63,1.0
52,173,65.65,3.0
52,394,191.95,2.0
52,839,124.12,2.0
53,82,95.97,2.0
53,166,192.62,2.0
53,267,119.48,2.0
53,740,111.83,3.0
54,171,201.72,3.0
54,392,113.94,3.0
54,614,174.25,1.0
54,941,60.5,2.0
55,180,136.21,1.0
55,401,227.82,1.0
55,424,246.7,3.0
55,670,60.76,3.0
56,124,139.26,3.0
56,376,152.57,2.0
56,696,231.65,2.0
57,315,125.67,1.0
57,358,134.49,1.0
57,363,87.53,3.0
57,501,125.53,3.0
58,34,62.0,2.0
58,571,179.32,1.0
58,647,99.37,1.0
59,13,236.18,3.0
59,15,62.94,3.0
59,210,208.67,3.0
59,261,71.6,2.0
59,966,206.2,2.0
60,376,152.57,1.0
60,462,77.21,2.0
60,639,110.99,1.0
60,968,166.73,1.0
61,364,217.62,1.0
61,467,176.42,2.0
61,841,196.07,2.0
62,24,247.44,1.0
62,190,,1.0
62,392,113.94,2.0
62,612,152.96,2.0
62,882,191.38,3.0
63,131,157.55,1.0
63,260,87.94,1.0
63,741,90.08,1.0
63,791,169.28,1.0
64,298,69.9,1.0
64,387,200.4,3.0
64,580,210.06,1.0
64,682,103.7,1.0
65,74,172.32,2.0
65,118,62.77,2.0
65,619,,1.0
65,720,225.01,2.0
66,86,192.31,3.0
66,129,200.64,3.0
66,607,222.02,1.0
66,869,,1.0
66,926,64.91,2.0
67,215,152.98,1.0
67,347,136.1,2.0
67,363,87.53,1.0
67,415,92.65,1.0
68,154,146.97,1.0
68,313,223.73,1.0
68,757,228.29,2.0
69,129,200.64,2.0
69,273,216.8,2.0
69,382,138.74,1.0
69,675,64.53,3.0
70,531,51.53,2.0
70,804,232.19,1.0
70,864,104.77,3.0
71,54,84.5,1.0
71,81,223.52,1.0
71,136,64.57,2.0
71,518,232.96,2.0
71,912,101.23,1.0
72,249,224.27,3.0
72,425,235.7,1.0
72,819,57.53,3.0
73,166,,3.0
73,268,80.87,1.0
73,377,52.08,2.0
73,923,149.87,2.0
74,13,236.18,1.0
74,220,168.73,3.0
74,595,56.33,3.0
74,615,85.81,1.0
75,77,61.77,2.0
75,296,217.57,2.0
75,423,221.14,2.0
75,457,111.71,3.0
75,559,164.08,1.0
76,86,192.31,3.0
76,93,202.8,2.0
76,213,206.95,1.0
76,860,91.93,3.0
77,80,117.92,3.0
77,113,,2.0
77,745,180.42,3.0
78,399,166.38,1.0
78,667,124.68,1.0
78,997,75.45,3.0
79,189,187.35,1.0
79,198,180.7,2.0
79,634,112.99,3.0
79,878,50.82,3.0
80,209,151.17,
80,248,124.74,1.0
80,565,148.85,2.0
80,886,76.08,
81,55,238.3,3.0
81,144,111.9,3.0
81,605,138.19,
81,792,237.91,
81,800,76.15,2.0
82,666,109.41,2.0
82,740,111.83,1.0
82,887,217.22,3.0
82,927,195.53,3.0
83,2,80.34,3.0
83,179,174.38,2.0
83,825,100.58,2.0
84,114,164.82,
84,381,56.19,2.0
84,818,78.09,1.0
84,849,54.69,1.0
85,105,232.06,1.0
85,334,175.68,3.0
85,396,195.67,2.0
85,573,61.97,3.0
86,176,75.79,3.0
86,215,152.98,3.0
86,217,78.51,1.0
86,334,175.68,1.0
86,436,170.1,1.0
87,64,183.33,
87,236,185.64,2.0
87,445,232.1,2.0
87,833,189.81,1.0
88,234,194.51,2.0
88,327,149.0,2.0
88,947,201.85,2.0
89,347,136.1,2.0
89,660,185.42,2.0
89,913,156.18,2.0
90,258,67.56,1.0
90,314,186.8,2.0
90,413,207.64,1.0
90,649,160.83,1.0
90,807,198.27,1.0
91,485,52.72,1.0
91,714,,3.0
91,792,237.91,3.0
92,67,55.29,2.0
92,308,117.08,2.0
92,677,239.14,1.0
92,969,231.07,1.0
93,50,121.44,2.0
93,783,125.75,1.0
93,805,,3.0
93,903,64.48,3.0
93,975,187.08,1.0
94,100,126.84,3.0
94,236,185.64,1.0
94,394,191.95,2.0
94,459,94.26,2.0
94,681,235.72,2.0
95,130,121.41,1.0
95,136,64.57,1.0
95,153,92.66,2.0
95,693,117.46,1.0
95,742,153.3,1.0
96,109,120.8,3.0
96,421,66.61,2.0
96,715,180.14,1.0
96,957,117.34,1.0
97,138,221.92,1.0
97,186,233.84,1.0
97,865,150.88,3.0
98,16,196.57,3.0
98,200,230.67,1.0
98,371,51.0,2.0
99,110,87.63,2.0
99,380,210.24,1.0
99,456,199.14,3.0
99,718,153.46,1.0
99,873,148.67,3.0
100,37,65.77,3.0
100,461,171.34,1.0
100,628,237.6,2.0
100,666,,3.0
100,754,,1.0
101,378,148.58,1.0
101,657,55.71,2.0
101,839,124.12,2.0
101,863,183.04,3.0
102,172,103.8,1.0
102,456,199.14,1.0
102,568,217.68,3.0
102,733,188.04,1.0
103,147,177.18,2.0
103,554,228.02,1.0
103,797,220.47,3.0
104,108,66.24,2.0
104,200,230.67,1.0
104,666,109.41,2.0
104,860,91.93,1.0
104,883,133.41,3.0
105,32,161.45,
105,224,,2.0
105,473,196.68,1.0
106,404,95.37,1.0
106,745,180.42,1.0
106,829,95.21,3.0
106,874,173.76,3.0
107,95,222.28,1.0
107,423,221.14,3.0
107,456,199.14,2.0
107,742,153.3,3.0
108,268,80.87,1.0
108,680,149.96,1.0
108,744,231.74,3.0
108,759,239.0,2.0
108,818,78.09,3.0
109,179,174.38,1.0
109,771,76.39,2.0
109,908,146.12,3.0
110,317,132.96,3.0
110,486,172.25,1.0
110,640,97.33,1.0
110,930,232.52,3.0
111,445,232.1,2.0
111,493,173.08,3.0
111,953,61.07,3.0
112,63,141.12,3.0
112,460,89.74,3.0
112,665,86.52,1.0
112,934,,3.0
113,59,80.92,2.0
113,433,242.72,1.0
113,992,88.48,1.0
114,141,140.89,
114,462,77.21,3.0
114,806,146.82,1.0
114,826,241.6,2.0
115,1,72.66,1.0
115,569,160.56,3.0
115,642,157.65,2.0
115,847,163.66,2.0
115,913,156.18,1.0
116,141,140.89,2.0
116,282,216.11,3.0
116,541,184.84,3.0
116,741,90.08,1.0
116,826,241.6,3.0
117,75,154.27,3.0
117,152,63.89,1.0
117,585,178.27,2.0
118,8,63.45,2.0
118,321,129.7,2.0
118,621,189.73,
118,803,,1.0
118,970,54.56,3.0
119,223,83.22,2.0
119,624,67.8,2.0
119,715,180.14,3.0
119,776,225.87,3.0
120,142,56.89,
120,577,61.76,2.0
120,799,138.29,3.0
121,379,148.21,1.0
121,455,235.33,2.0
121,627,160.87,2.0
121,730,167.65,1.0
121,954,104.74,2.0
122,640,97.33,2.0
122,852,239.79,1.0
122,888,80.36,2.0
123,295,225.4,2.0
123,307,197.91,1.0
123,508,201.16,3.0
123,906,93.79,1.0
123,986,94.04,2.0
124,113,102.99,1.0
124,202,214.72,3.0
124,294,,2.0
124,394,191.95,1.0
124,770,215.18,2.0
125,80,117.92,1.0
125,301,236.73,1.0
125,368,209.82,
125,931,122.11,1.0
126,104,173.39,3.0
126,511,219.43,2.0
126,745,180.42,2.0
126,912,101.23,3.0
127,97,,3.0
127,617,70.77,2.0
127,621,189.73,1.0
128,87,150.25,2.0
128,339,52.62,2.0
128,938,92.58,2.0
128,992,88.48,3.0
128,994,59.99,3.0
129,547,186.62,2.0
129,679,90.4,2.0
129,754,219.81,1.0
130,94,85.78,1.0
130,153,92.66,2.0
130,229,89.49,3.0
130,326,173.51,2.0
130,985,154.3,3.0
131,28,96.21,2.0
131,32,161.45,
131,351,155.07,2.0
132,356,144.51,3.0
132,458,243.84,3.0
132,545,128.32,3.0
132,830,56.52,
133,127,108.62,1.0
133,859,67.61,2.0
133,948,,3.0
134,158,118.43,2.0
134,205,,2.0
134,939,113.97,2.0
135,394,191.95,1.0
135,416,,1.0
135,821,119.15,1.0
136,91,176.48,1.0
136,377,52.08,1.0
136,767,106.78,1.0
137,108,66.24,1.0
137,267,,3.0
137,613,163.05,
137,886,76.08,1.0
138,283,124.19,3.0
138,288,101.72,2.0
138,328,93.55,2.0
138,586,241.2,1.0
138,914,108.92,3.0
139,622,124.39,1.0
139,826,241.6,3.0
139,841,196.07,
140,27,76.78,1.0
140,81,223.52,2.0
140,306,196.65,2.0
140,734,201.32,
140,743,180.58,1.0
141,598,119.08,2.0
141,627,160.87,1.0
141,758,83.48,1.0
141,790,125.07,2.0
141,944,77.61,3.0
142,292,214.47,2.0
142,383,203.93,3.0
142,504,208.11,3.0
142,903,64.48,1.0
143,354,85.44,3.0
143,405,70.71,2.0
143,650,65.51,2.0
143,703,171.58,3.0
144,355,140.68,2.0
144,390,82.52,2.0
144,839,124.12,3.0
144,877,202.64,3.0
144,945,,3.0
145,124,139.26,1.0
145,163,193.4,3.0
145,676,141.76,2.0
146,134,114.43,3.0
146,148,241.66,1.0
146,903,64.48,2.0
147,266,200.67,2.0
147,290,168.98,3.0
147,452,125.45,3.0
147,587,62.1,1.0
147,721,107.84,1.0
148,617,70.77,3.0
148,737,127.14,2.0
148,796,213.28,3.0
149,100,126.84,2.0
149,229,89.49,1.0
149,282,216.11,1.0
149,544,244.85,1.0
149,953,61.07,1.0
150,52,147.19,1.0
150,156,204.33,2.0
150,454,155.48,3.0
151,106,140.96,1.0
151,230,142.07,3.0
151,656,168.41,1.0
151,694,51.93,3.0
152,65,160.5,3.0
152,117,85.95,1.0
152,674,155.82,3.0
152,838,124.38,1.0
153,379,148.21,1.0
153,526,217.47,1.0
153,652,150.27,3.0
153,661,,1.0
153,992,,3.0
154,644,102.24,3.0
154,666,109.41,2.0
154,674,155.82,3.0
155,250,184.37,3.0
155,254,129.75,3.0
155,775,131.39,2.0
155,860,91.93,2.0
155,933,140.94,2.0
156,212,219.1,1.0
156,278,100.46,3.0
156,346,96.77,3.0
156,575,,1.0
156,652,150.27,1.0
157,107,123.53,2.0
157,417,224.94,2.0
157,446,203.34,1.0
157,462,77.21,1.0
157,480,185.48,3.0
158,354,85.44,3.0
158,793,202.22,
158,883,133.41,3.0
158,916,233.11,2.0
158,990,76.1,1.0
159,365,153.13,2.0
159,874,173.76,1.0
159,946,226.43,1.0
159,990,76.1,2.0
160,628,237.6,1.0
160,681,,2.0
160,770,215.18,2.0
160,978,218.51,3.0
161,124,139.26,1.0
161,386,208.73,2.0
161,489,65.95,2.0
161,759,239.0,3.0
162,61,112.13,2.0
162,137,110.1,3.0
162,341,125.25,1.0
162,516,113.3,2.0
163,119,151.13,1.0
163,339,52.62,1.0
163,754,219.81,1.0
163,926,64.91,2.0
163,979,205.27,3.0
164,76,90.52,3.0
164,307,197.91,2.0
164,315,125.67,3.0
164,978,218.51,3.0
165,522,210.27,2.0
165,641,59.05,1.0
165,646,,3.0
165,751,121.44,2.0
166,118,62.77,1.0
166,647,99.37,1.0
166,655,106.97,1.0
166,877,202.64,3.0
167,76,90.52,3.0
167,513,234.35,2.0
167,578,67.16,1.0
168,1,72.66,2.0
168,111,209.87,3.0
168,329,137.31,3.0
168,558,235.51,3.0
168,674,155.82,3.0
169,114,164.82,1.0
169,195,153.66,1.0
169,771,76.39,3.0
169,790,125.07,
169,802,158.8,2.0
170,63,141.12,2.0
170,303,134.23,2.0
170,558,235.51,1.0
171,73,204.1,1.0
171,79,182.33,3.0
171,129,200.64,2.0
171,547,186.62,3.0
172,197,220.79,1.0
172,386,208.73,1.0
172,899,199.38,1.0
173,328,93.55,1.0
173,464,191.8,3.0
173,785,249.16,2.0
174,174,141.85,3.0
174,289,,1.0
174,440,200.17,1.0
174,623,118.18,1.0
174,766,249.63,2.0
175,8,63.45,3.0
175,448,91.2,2.0
175,743,180.58,1.0
175,762,,3.0
176,622,124.39,3.0
176,677,239.14,3.0
176,681,235.72,3.0
176,739,196.68,
177,347,136.1,3.0
177,706,124.5,2.0
177,886,76.08,2.0
177,920,147.21,3.0
178,453,152.15,1.0
178,533,91.11,2.0
178,589,62.33,2.0
178,870,77.14,3.0
178,921,156.4,3.0
179,333,184.45,3.0
179,482,129.89,1.0
179,494,64.74,2.0
179,817,216.7,3.0
179,950,,2.0
180,55,238.3,
180,122,69.72,3.0
180,698,86.52,2.0
180,760,226.3,1.0
181,126,139.84,3.0
181,308,117.08,1.0
181,587,62.1,3.0
181,812,119.48,3.0
182,197,220.79,3.0
182,800,76.15,1.0
182,829,95.21,2.0
183,46,83.22,1.0
183,306,196.65,2.0
183,833,189.81,2.0
184,70,135.13,1.0
184,178,186.24,2.0
184,207,88.92,3.0
184,779,92.97,3.0
185,113,102.99,1.0
185,146,215.92,1.0
185,743,180.58,1.0
185,786,110.34,2.0
186,2,80.34,1.0
186,103,67.22,2.0
186,376,152.57,3.0
186,560,124.85,3.0
186,893,195.69,1.0
187,228,110.69,
187,481,115.71,1.0
187,894,88.22,3.0
188,8,63.45,3.0
188,689,132.29,3.0
188,906,93.79,3.0
189,16,196.57,1.0
189,304,208.6,1.0
189,723,176.43,1.0
189,820,51.21,1.0
189,961,79.78,2.0
190,44,93.13,3.0
190,374,86.56,1.0
190,466,220.25,2.0
190,795,127.79,2.0
191,21,184.17,1.0
191,221,142.79,3.0
191,277,156.48,1.0
191,880,227.92,3.0
192,69,153.27,3.0
192,378,148.58,2.0
192,658,165.29,3.0
192,674,155.82,3.0
192,695,77.45,2.0
193,161,109.19,2.0
193,496,,3.0
193,526,217.47,3.0
193,627,160.87,3.0
193,727,148.9,3.0
194,368,209.82,2.0
194,517,106.05,1.0
194,727,148.9,2.0
194,741,90.08,1.0
194,760,226.3,3.0
195,103,67.22,2.0
195,618,208.82,3.0
195,672,79.28,3.0
195,990,76.1,2.0
196,333,184.45,2.0
196,427,113.76,1.0
196,679,90.4,3.0
197,189,187.35,3.0
197,616,178.66,1.0
197,624,67.8,1.0
197,673,71.97,2.0
198,316,159.68,2.0
198,468,72.43,3.0
198,503,51.95,3.0
198,797,220.47,3.0
199,71,86.5,2.0
199,378,148.58,
199,627,160.87,3.0
199,894,88.22,2.0
200,382,138.74,3.0
200,446,203.34,3.0
200,630,160.61,1.0
200,992,88.48,2.0
201,438,131.49,2.0
201,489,65.95,3.0
201,636,198.75,3.0
202,238,203.38,3.0
202,406,192.02,3.0
202,479,160.63,3.0
202,738,185.7,2.0
203,133,240.19,3.0
203,182,204.96,3.0
203,408,100.88,2.0
203,533,91.11,1.0
203,740,111.83,1.0
204,147,177.18,
204,340,67.14,3.0
204,592,195.71,3.0
204,725,226.28,1.0
204,786,110.34,2.0
205,171,,3.0
205,467,176.42,3.0
205,536,162.12,3.0
205,663,130.57,2.0
205,817,216.7,1.0
206,165,69.55,3.0
206,406,192.02,2.0
206,916,233.11,3.0
207,210,208.67,1.0
207,711,187.54,2.0
207,743,180.58,3.0
208,110,,3.0
208,323,170.98,
208,412,242.29,3.0
208,560,124.85,1.0
209,51,,3.0
209,508,201.16,3.0
209,522,210.27,3.0
209,625,71.81,2.0
209,663,130.57,1.0
210,159,170.35,3.0
210,325,149.23,3.0
210,596,195.79,1.0
210,883,133.41,3.0
211,247,207.42,2.0
211,375,216.37,1.0
211,844,133.38,1.0
211,855,146.69,1.0
211,914,108.92,1.0
212,74,172.32,2.0
212,79,182.33,1.0
212,469,115.23,2.0
212,518,232.96,3.0
212,645,151.87,2.0
213,19,146.71,1.0
213,92,168.26,1.0
213,260,87.94,3.0
213,908,146.12,1.0
214,90,180.87,2.0
214,182,204.96,1.0
214,487,141.3,1.0
214,494,64.74,3.0
214,935,98.57,2.0
215,43,116.23,2.0
215,83,125.49,1.0
215,92,168.26,2.0
215,128,94.73,3.0
215,738,185.7,1.0
216,35,146.61,2.0
216,202,214.72,2.0
216,757,228.29,2.0
216,810,160.28,2.0
217,178,186.24,1.0
217,338,118.52,1.0
217,458,243.84,1.0
217,479,160.63,2.0
217,932,189.85,3.0
218,90,180.87,2.0
218,517,106.05,1.0
218,672,79.28,
218,953,61.07,3.0
219,63,141.12,3.0
219,94,85.78,3.0
219,95,222.28,2.0
219,340,67.14,3.0
219,974,55.39,3.0
220,324,231.64,1.0
220,536,162.12,2.0
220,539,93.75,3.0
220,796,213.28,1.0
220,912,101.23,1.0
221,11,114.72,2.0
221,486,172.25,2.0
221,714,113.33,
221,729,233.18,1.0
221,940,87.48,2.0
222,96,171.87,1.0
222,427,113.76,2.0
222,997,75.45,3.0
223,351,155.07,2.0
223,429,99.3,3.0
223,464,191.8,2.0
223,647,99.37,1.0
223,950,209.25,3.0
224,78,166.26,3.0
224,322,245.9,1.0
224,500,136.7,3.0
224,530,215.96,1.0
224,756,133.58,1.0
225,351,,1.0
225,593,97.97,1.0
225,728,246.11,2.0
225,755,198.93,3.0
226,38,104.28,3.0
226,94,,3.0
226,673,71.97,3.0
226,812,119.48,3.0
227,36,197.14,3.0
227,431,208.24,1.0
227,503,51.95,1.0
227,730,167.65,3.0
227,732,247.41,3.0
228,510,133.23,2.0
228,532,70.73,1.0
228,562,205.86,3.0
228,885,65.26,2.0
229,434,199.38,2.0
229,652,150.27,3.0
229,764,184.08,2.0
229,932,189.85,3.0
230,214,67.39,1.0
230,299,70.27,1.0
230,303,134.23,2.0
230,442,105.37,2.0
230,449,80.11,2.0
231,50,121.44,3.0
231,311,160.61,1.0
231,313,223.73,2.0
231,358,134.49,3.0
231,885,65.26,2.0
232,324,231.64,1.0
232,482,129.89,1.0
232,617,70.77,2.0
232,803,182.99,1.0
233,21,184.17,2.0
233,78,166.26,1.0
233,690,239.97,
234,75,154.27,1.0
234,541,184.84,1.0
234,864,104.77,3.0
234,950,209.25,2.0
235,244,204.28,
235,511,219.43,1.0
235,808,233.39,2.0
236,386,208.73,2.0
236,407,174.05,3.0
236,505,120.77,2.0
236,780,73.93,3.0
236,788,213.43,1.0
237,63,141.12,3.0
237,516,113.3,1.0
237,620,137.63,1.0
238,294,237.5,1.0
238,357,77.1,1.0
238,452,125.45,1.0
238,560,124.85,3.0
238,979,205.27,1.0
239,126,139.84,1.0
239,402,101.5,3.0
239,959,,2.0
240,161,109.19,1.0
240,269,81.71,1.0
240,663,130.57,3.0
240,897,153.0,1.0
240,973,79.62,1.0
241,206,148.94,2.0
241,448,91.2,1.0
241,966,206.2,3.0
242,48,90.11,2.0
242,608,220.66,3.0
242,663,130.57,3.0
242,986,94.04,3.0
243,200,230.67,1.0
243,518,232.96,3.0
243,548,216.83,3.0
243,648,230.35,1.0
243,802,158.8,1.0
244,114,164.82,1.0
244,393,,3.0
244,840,,3.0
245,204,124.94,1.0
245,514,,1.0
245,549,87.59,2.0
245,895,187.0,2.0
246,374,86.56,3.0
246,489,65.95,1.0
246,636,,1.0
246,708,191.55,1.0
246,832,119.16,2.0
247,55,238.3,2.0
247,311,160.61,2.0
247,513,234.35,
247,803,182.99,3.0
247,902,98.7,
248,133,240.19,
248,473,196.68,2.0
248,843,218.71,
249,84,225.47,3.0
249,309,124.79,1.0
249,822,132.13,1.0
250,122,69.72,2.0
250,199,121.89,3.0
250,545,128.32,2.0
250,929,197.89,3.0
251,46,83.22,2.0
251,66,,1.0
251,131,157.55,1.0
251,578,67.16,2.0
251,913,,2.0
252,190,99.3,1.0
252,194,185.69,2.0
252,374,86.56,2.0
252,677,239.14,2.0
253,218,,3.0
253,310,157.3,2.0
253,315,125.67,
253,513,234.35,3.0
254,283,124.19,1.0
254,355,140.68,2.0
254,635,132.03,2.0
255,614,174.25,1.0
255,712,151.86,2.0
255,738,185.7,1.0
255,806,146.82,2.0
256,459,94.26,1.0
256,636,198.75,3.0
256,689,132.29,1.0
256,831,208.58,2.0
256,856,233.37,3.0
257,31,240.33,3.0
257,105,232.06,1.0
257,470,244.46,2.0
257,560,124.85,1.0
257,792,237.91,1.0
258,152,63.89,2.0
258,315,125.67,3.0
258,858,219.38,1.0
259,90,180.87,2.0
259,98,246.81,1.0
259,468,72.43,2.0
259,902,98.7,3.0
259,908,146.12,3.0
260,73,204.1,1.0
260,606,79.36,1.0
260,650,65.51,2.0
261,11,114.72,2.0
261,460,89.74,2.0
261,848,58.97,1.0
262,205,56.5,2.0
262,754,219.81,1.0
262,996,196.78,2.0
263,406,192.02,3.0
263,581,165.07,1.0
263,662,175.98,1.0
263,752,208.54,2.0
263,904,163.76,3.0
264,563,105.31,2.0
264,616,,3.0
264,681,235.72,1.0
264,690,239.97,3.0
264,967,110.73,2.0
265,199,121.89,2.0
265,556,246.31,1.0
265,802,158.8,2.0
266,157,246.43,1.0
266,388,231.18,1.0
266,920,147.21,2.0
267,100,126.84,1.0
267,779,92.97,3.0
267,873,148.67,2.0
267,993,,3.0
268,277,156.48,3.0
268,468,72.43,2.0
268,528,198.95,1.0
268,554,228.02,2.0
268,996,196.78,1.0
269,107,123.53,2.0
269,404,95.37,1.0
269,491,214.4,3.0
269,740,111.83,1.0
269,834,127.56,3.0
270,84,225.47,1.0
270,348,203.33,3.0
270,442,105.37,3.0
270,792,237.91,2.0
271,560,124.85,1.0
271,564,228.93,2.0
271,680,149.96,
271,696,231.65,1.0
271,804,,2.0
272,288,101.72,2.0
272,633,116.68,2.0
272,711,187.54,2.0
273,98,246.81,3.0
273,167,56.81,3.0
273,282,216.11,2.0
274,37,65.77,2.0
274,268,80.87,2.0
274,419,183.25,1.0
274,456,199.14,1.0
274,703,171.58,2.0
275,2,80.34,1.0
275,341,125.25,2.0
275,354,85.44,1.0
275,619,134.73,3.0
276,12,114.63,1.0
276,260,87.94,3.0
276,707,212.57,1.0
276,763,68.54,3.0
277,63,141.12,3.0
277,145,69.03,2.0
277,610,118.1,3.0
277,720,225.01,2.0
278,9,214.61,1.0
278,178,186.24,2.0
278,414,184.12,2.0
278,424,246.7,3.0
278,672,79.28,2.0
279,382,138.74,
279,486,172.25,2.0
279,822,132.13,1.0
280,51,106.86,1.0
280,401,227.82,2.0
280,497,175.73,3.0
280,714,113.33,3.0
280,945,115.38,3.0
281,114,164.82,3.0
281,205,56.5,3.0
281,646,191.41,1.0
281,703,171.58,3.0
282,334,175.68,2.0
282,487,141.3,2.0
282,787,164.1,3.0
282,821,119.15,
283,150,213.11,2.0
283,305,147.13,1.0
283,358,134.49,3.0
283,813,246.86,3.0
283,883,133.41,1.0
284,39,200.01,
284,108,66.24,2.0
284,280,190.85,2.0
284,333,184.45,2.0
284,445,232.1,1.0
285,234,194.51,3.0
285,295,225.4,3.0
285,653,82.55,1.0
286,127,108.62,3.0
286,136,64.57,2.0
286,372,145.25,3.0
286,442,,2.0
286,919,169.1,2.0
287,58,231.34,1.0
287,117,85.95,2.0
287,304,208.6,1.0
287,810,160.28,3.0
287,997,75.45,
288,262,114.64,3.0
288,498,174.24,3.0
288,900,247.74,2.0
289,181,120.56,2.0
289,644,102.24,1.0
289,661,83.39,
289,825,100.58,2.0
290,56,162.42,2.0
290,610,118.1,2.0
290,879,107.5,1.0
290,881,150.03,
291,38,104.28,2.0
291,44,93.13,1.0
291,610,118.1,2.0
291,755,198.93,
291,777,176.22,1.0
292,17,128.61,2.0
292,80,,2.0
292,875,127.14,1.0
293,52,147.19,3.0
293,96,171.87,3.0
293,362,177.66,3.0
293,616,178.66,2.0
293,875,127.14,2.0
294,316,159.68,3.0
294,366,106.38,2.0
294,550,83.71,1.0
294,620,137.63,
295,203,202.04,1.0
295,524,67.52,1.0
295,881,150.03,1.0
296,289,128.11,2.0
296,334,175.68,1.0
296,544,244.85,1.0
296,732,247.41,2.0
297,107,123.53,3.0
297,247,207.42,2.0
297,440,200.17,1.0
297,633,116.68,1.0
297,835,163.93,3.0
298,30,207.25,1.0
298,49,237.53,3.0
298,405,70.71,3.0
298,696,231.65,1.0
298,948,145.76,1.0
299,432,56.08,2.0
299,540,162.04,1.0
299,719,53.18,2.0
299,771,76.39,3.0
300,99,224.99,
300,246,64.86,3.0
300,477,245.15,1.0
300,810,160.28,2.0
301,87,150.25,1.0
301,209,151.17,2.0
301,503,51.95,1.0
302,413,207.64,2.0
302,428,,2.0
302,596,195.79,2.0
302,620,,3.0
302,957,117.34,1.0
303,577,61.76,2.0
303,858,219.38,1.0
303,991,204.99,2.0
304,349,138.39,3.0
304,376,152.57,3.0
304,817,216.7,3.0
304,974,55.39,1.0
304,1000,133.67,3.0
305,12,114.63,1.0
305,109,120.8,3.0
305,410,70.81,
305,975,187.08,1.0
306,79,182.33,2.0
306,495,127.08,2.0
306,600,169.99,1.0
306,803,182.99,1.0
306,879,107.5,1.0
307,390,82.52,
307,741,90.08,1.0
307,804,232.19,3.0
307,816,171.99,3.0
307,880,227.92,3.0
308,58,231.34,3.0
308,288,101.72,3.0
308,322,245.9,3.0
308,410,70.81,1.0
309,4,102.01,3.0
309,278,100.46,3.0
309,452,125.45,1.0
309,595,56.33,1.0
309,723,176.43,3.0
310,63,141.12,3.0
310,97,83.87,2.0
310,413,207.64,
310,919,169.1,2.0
311,165,69.55,1.0
311,544,244.85,1.0
311,639,110.99,2.0
311,832,119.16,2.0
312,463,198.51,2.0
312,504,208.11,3.0
312,881,150.03,3.0
313,638,68.44,3.0
313,718,153.46,3.0
313,806,146.82,2.0
314,233,243.92,3.0
314,244,204.28,1.0
314,931,122.11,2.0
314,984,246.44,1.0
315,249,224.27,2.0
315,267,119.48,2.0
315,393,188.3,2.0
315,586,241.2,3.0
315,851,221.01,2.0
316,187,125.22,1.0
316,345,168.81,2.0
316,599,227.54,3.0
317,222,92.66,3.0
317,342,91.83,1.0
317,896,238.61,3.0
317,953,61.07,1.0
318,76,90.52,3.0
318,484,199.61,2.0
318,517,106.05,2.0
319,527,,1.0
319,808,233.39,
319,859,67.61,
320,270,,3.0
320,818,78.09,3.0
320,868,,3.0
321,32,161.45,1.0
321,420,55.79,3.0
321,971,103.93,2.0
322,532,70.73,1.0
322,861,188.97,
322,924,196.23,1.0
323,415,92.65,3.0
323,525,,1.0
323,627,160.87,1.0
323,640,97.33,
323,764,184.08,1.0
324,121,152.74,2.0
324,252,195.57,3.0
324,260,87.94,1.0
324,719,53.18,1.0
324,883,133.41,1.0
325,160,97.07,1.0
325,342,91.83,3.0
325,541,,3.0
325,752,208.54,3.0
325,787,164.1,2.0
326,158,118.43,1.0
326,319,57.58,1.0
326,515,200.99,3.0
326,539,,1.0
326,754,219.81,2.0
327,274,189.78,
327,532,70.73,3.0
327,789,138.29,3.0
327,957,117.34,3.0
327,997,75.45,1.0
328,636,198.75,2.0
328,854,155.1,1.0
328,993,83.38,3.0
329,474,224.08,3.0
329,555,187.68,2.0
329,718,153.46,2.0
329,875,127.14,3.0
329,945,115.38,2.0
330,28,96.21,3.0
330,103,67.22,2.0
330,165,69.55,1.0
331,271,80.13,3.0
331,557,102.94,1.0
331,701,209.76,3.0
331,908,146.12,
332,126,139.84,3.0
332,260,87.94,3.0
332,449,80.11,
332,569,160.56,1.0
332,760,226.3,1.0
333,23,203.41,3.0
333,347,136.1,1.0
333,474,224.08,3.0
333,652,150.27,2.0
334,267,119.48,2.0
334,409,121.46,
334,662,175.98,2.0
334,838,124.38,3.0
335,575,124.4,3.0
335,821,119.15,1.0
335,937,164.51,3.0
336,12,114.63,3.0
336,481,115.71,1.0
336,812,119.48,3.0
336,916,233.11,2.0
337,494,64.74,2.0
337,891,,2.0
337,935,98.57,2.0
338,321,129.7,3.0
338,646,191.41,1.0
338,650,65.51,2.0
338,651,126.72,2.0
338,754,219.81,3.0
339,193,142.88,2.0
339,337,,3.0
339,855,146.69,3.0
339,885,,1.0
340,343,70.29,2.0
340,457,111.71,2.0
340,522,210.27,3.0
340,635,132.03,1.0
341,3,132.41,3.0
341,366,106.38,2.0
341,370,176.52,1.0
341,688,62.79,3.0
341,883,,3.0
342,45,170.78,2.0
342,132,221.69,2.0
342,254,129.75,1.0
342,766,249.63,3.0
342,964,106.28,2.0
343,258,67.56,2.0
343,365,153.13,2.0
343,483,109.71,2.0
344,67,,3.0
344,196,82.73,2.0
344,557,102.94,1.0
344,574,118.2,2.0
344,659,163.96,
345,15,62.94,1.0
345,45,170.78,3.0
345,594,196.51,3.0
346,145,,1.0
346,600,169.99,3.0
346,987,182.97,1.0
347,243,188.05,3.0
347,296,217.57,3.0
347,373,160.95,3.0
347,448,91.2,2.0
348,73,204.1,
348,105,232.06,1.0
348,586,241.2,
348,937,164.51,1.0
349,242,142.14,2.0
349,261,71.6,2.0
349,531,51.53,3.0
349,918,216.21,1.0
350,90,180.87,3.0
350,231,229.82,1.0
350,266,200.67,1.0
350,303,134.23,3.0
350,479,160.63,1.0
351,815,75.93,2.0
351,876,,2.0
351,981,60.43,2.0
352,400,186.19,1.0
352,463,198.51,1.0
352,520,171.69,3.0
352,579,202.8,2.0
352,978,218.51,3.0
353,54,84.5,3.0
353,277,156.48,1.0
353,302,124.05,1.0
353,378,148.58,2.0
353,726,122.98,2.0
354,109,120.8,1.0
354,435,249.48,
354,534,190.45,1.0
354,820,51.21,3.0
355,112,97.85,3.0
355,313,223.73,3.0
355,400,186.19,3.0
355,595,56.33,
356,174,141.85,1.0
356,405,70.71,3.0
356,748,232.9,1.0
357,61,112.13,1.0
357,474,224.08,3.0
357,617,70.77,2.0
357,620,137.63,2.0
357,934,84.39,3.0
358,453,152.15,2.0
358,707,212.57,1.0
358,764,184.08,1.0
358,936,157.52,2.0
359,488,80.54,3.0
359,624,67.8,3.0
359,828,80.98,1.0
360,424,246.7,2.0
360,712,151.86,1.0
360,860,91.93,3.0
360,873,148.67,
360,908,146.12,3.0
361,109,120.8,2.0
361,699,230.12,2.0
361,931,,2.0
362,90,180.87,3.0
362,237,,3.0
362,493,173.08,3.0
363,217,78.51,1.0
363,479,160.63,2.0
363,543,103.79,2.0
363,565,148.85,3.0
364,387,200.4,1.0
364,406,192.02,2.0
364,964,106.28,3.0
365,71,86.5,
365,646,191.41,3.0
365,748,232.9,3.0
366,18,66.18,2.0
366,429,99.3,1.0
366,632,218.24,1.0
366,731,207.18,2.0
366,782,158.46,1.0
367,29,62.51,2.0
367,70,135.13,1.0
367,478,,2.0
368,514,247.43,1.0
368,528,198.95,1.0
368,812,119.48,3.0
368,873,148.67,2.0
369,372,145.25,1.0
369,908,146.12,2.0
369,963,220.36,3.0
370,180,136.21,1.0
370,535,167.78,3.0
370,687,176.38,3.0
370,856,233.37,1.0
370,947,201.85,1.0
371,718,153.46,
371,785,249.16,3.0
371,799,138.29,2.0
371,805,159.55,1.0
372,242,142.14,2.0
372,247,207.42,3.0
372,625,71.81,2.0
372,764,184.08,3.0
372,966,206.2,
373,74,172.32,2.0
373,196,82.73,2.0
373,244,204.28,2.0
373,421,66.61,3.0
373,974,55.39,3.0
374,348,203.33,3.0
374,371,51.0,3.0
374,452,125.45,2.0
374,503,51.95,
374,776,225.87,3.0
375,275,99.56,3.0
375,292,214.47,2.0
375,387,200.4,2.0
375,432,56.08,3.0
375,803,182.99,2.0
376,348,203.33,1.0
376,492,218.49,3.0
376,597,208.18,2.0
376,738,185.7,2.0
376,973,79.62,1.0
377,95,222.28,2.0
377,333,184.45,2.0
377,486,172.25,2.0
377,512,185.45,3.0
378,796,213.28,2.0
378,974,55.39,2.0
378,977,63.96,2.0
378,991,204.99,3.0
379,430,88.19,1.0
379,841,196.07,1.0
379,880,227.92,2.0
380,351,155.07,2.0
380,555,187.68,2.0
380,670,60.76,3.0
380,1000,133.67,2.0
381,177,131.35,
381,534,190.45,3.0
381,560,124.85,1.0
381,580,210.06,3.0
381,729,233.18,2.0
382,158,118.43,3.0
382,386,208.73,1.0
382,732,247.41,2.0
382,824,170.3,2.0
383,468,72.43,3.0
383,597,208.18,3.0
383,704,50.64,1.0
384,550,83.71,3.0
384,675,64.53,1.0
384,768,230.68,2.0
384,856,233.37,1.0
384,947,201.85,1.0
385,7,95.98,3.0
385,856,233.37,2.0
385,874,173.76,1.0
385,929,197.89,1.0
385,956,212.49,1.0
386,46,83.22,1.0
386,167,56.81,3.0
386,434,199.38,2.0
386,523,229.28,3.0
386,882,191.38,1.0
387,17,128.61,3.0
387,319,57.58,1.0
387,524,67.52,1.0
387,636,198.75,1.0
387,727,148.9,3.0
388,293,168.57,1.0
388,401,227.82,3.0
388,632,218.24,2.0
388,766,249.63,3.0
388,992,88.48,2.0
389,252,195.57,3.0
389,571,179.32,2.0
389,854,155.1,1.0
389,963,220.36,1.0
390,54,84.5,
390,145,69.03,2.0
390,269,81.71,1.0
391,227,234.63,2.0
391,254,129.75,2.0
391,345,168.81,2.0
391,800,76.15,2.0
391,824,170.3,2.0
392,273,216.8,2.0
392,728,246.11,2.0
392,732,247.41,3.0
393,153,92.66,1.0
393,377,52.08,3.0
393,465,230.21,3.0
394,54,84.5,3.0
394,82,95.97,3.0
394,171,201.72,1.0
394,317,132.96,2.0
394,454,155.48,3.0
395,86,192.31,1.0
395,98,246.81,2.0
395,226,177.91,3.0
395,410,70.81,1.0
395,632,218.24,3.0
396,601,189.18,3.0
396,705,91.17,1.0
396,727,148.9,1.0
396,732,247.41,3.0
396,924,196.23,3.0
397,412,242.29,
397,749,,1.0
397,750,149.73,2.0
398,76,90.52,
398,176,75.79,3.0
398,599,,1.0
399,131,157.55,3.0
399,189,187.35,1.0
399,451,222.6,3.0
399,631,183.29,2.0
400,177,131.35,1.0
400,437,224.5,1.0
400,862,160.96,1.0
401,171,201.72,1.0
401,390,,3.0
401,748,232.9,2.0
401,925,64.95,3.0
401,938,92.58,1.0
402,446,203.34,
402,684,248.13,1.0
402,714,113.33,3.0
403,345,168.81,3.0
403,862,160.96,3.0
403,946,226.43,1.0
404,86,192.31,2.0
404,189,187.35,1.0
404,328,93.55,2.0
404,350,61.9,1.0
405,138,221.92,2.0
405,474,224.08,1.0
405,701,209.76,1.0
405,817,216.7,2.0
406,204,124.94,1.0
406,207,88.92,1.0
406,211,92.17,2.0
407,511,219.43,3.0
407,586,241.2,2.0
407,611,177.27,
407,800,76.15,2.0
408,133,240.19,3.0
408,486,172.25,3.0
408,545,128.32,2.0
409,394,191.95,1.0
409,630,160.61,2.0
409,708,191.55,
409,839,124.12,2.0
410,370,176.52,2.0
410,413,207.64,1.0
410,563,105.31,2.0
410,750,149.73,1.0
410,987,182.97,3.0
411,142,56.89,2.0
411,228,110.69,1.0
411,466,220.25,1.0
411,475,227.5,3.0
411,817,216.7,1.0
412,195,153.66,3.0
412,282,216.11,2.0
412,727,,1.0
413,144,111.9,3.0
413,177,131.35,2.0
413,568,217.68,3.0
413,675,64.53,2.0
413,705,91.17,3.0
414,297,146.37,1.0
414,797,220.47,1.0
414,924,,3.0
415,113,102.99,1.0
415,419,183.25,2.0
415,521,195.86,2.0
415,796,213.28,
415,939,,2.0
416,139,106.94,3.0
416,683,143.94,3.0
416,687,176.38,3.0
416,757,,2.0
416,900,247.74,2.0
417,241,69.12,3.0
417,303,134.23,1.0
417,430,88.19,3.0
418,150,213.11,2.0
418,358,134.49,1.0
418,760,226.3,3.0
419,26,181.39,2.0
419,124,139.26,2.0
419,311,160.61,1.0
419,648,230.35,2.0
420,51,106.86,2.0
420,268,80.87,2.0
420,459,94.26,2.0
420,488,80.54,3.0
421,196,82.73,2.0
421,472,63.46,2.0
421,727,148.9,3.0
421,737,127.14,1.0
421,933,140.94,2.0
422,62,84.49,3.0
422,716,63.71,1.0
422,858,219.38,1.0
422,963,220.36,2.0
423,333,184.45,3.0
423,478,155.47,1.0
423,712,151.86,2.0
424,82,95.97,2.0
424,485,52.72,1.0
424,529,69.77,1.0
424,998,168.56,3.0
425,397,238.21,1.0
425,852,239.79,3.0
425,911,112.85,2.0
426,223,83.22,2.0
426,554,228.02,3.0
426,780,73.93,1.0
427,168,62.42,1.0
427,330,103.52,2.0
427,760,226.3,2.0
427,762,133.63,3.0
427,944,77.61,2.0
428,258,67.56,1.0
428,430,88.19,3.0
428,756,133.58,2.0
428,767,106.78,1.0
428,926,64.91,3.0
429,56,162.42,3.0
429,187,125.22,3.0
429,400,186.19,
429,681,235.72,3.0
429,940,87.48,2.0
430,30,207.25,1.0
430,367,192.22,1.0
430,512,185.45,3.0
430,533,91.11,1.0
430,564,228.93,2.0
431,88,183.78,2.0
431,257,51.04,2.0
431,463,198.51,1.0
432,405,70.71,3.0
432,570,77.81,3.0
432,617,70.77,2.0
432,633,116.68,
432,926,64.91,1.0
433,382,,3.0
433,586,241.2,3.0
433,630,160.61,1.0
433,860,91.93,1.0
434,296,217.57,3.0
434,393,188.3,1.0
434,881,150.03,1.0
434,895,187.0,3.0
435,126,139.84,1.0
435,148,241.66,2.0
435,301,236.73,2.0
435,363,87.53,3.0
435,726,122.98,1.0
436,86,192.31,2.0
436,104,173.39,3.0
436,131,157.55,3.0
436,327,149.0,2.0
436,938,92.58,1.0
437,161,109.19,1.0
437,310,157.3,2.0
437,415,92.65,
437,499,165.93,3.0
437,962,158.95,2.0
438,312,57.94,3.0
438,532,,2.0
438,556,246.31,2.0
438,881,150.03,2.0
439,33,116.23,1.0
439,93,202.8,1.0
439,99,224.99,3.0
439,894,,2.0
439,910,142.16,1.0
440,24,247.44,1.0
440,172,103.8,1.0
440,214,67.39,3.0
440,382,138.74,3.0
440,893,195.69,3.0
441,199,121.89,1.0
441,637,56.45,1.0
441,726,122.98,1.0
441,756,133.58,3.0
441,825,100.58,2.0
442,449,80.11,2.0
442,597,208.18,3.0
442,684,248.13,1.0
442,953,61.07,2.0
443,112,97.85,2.0
443,249,224.27,2.0
443,596,195.79,1.0
443,744,231.74,1.0
444,422,120.82,1.0
444,597,208.18,2.0
444,812,,1.0
445,173,65.65,3.0
445,291,181.87,1.0
445,363,87.53,1.0
445,487,141.3,3.0
446,552,96.49,1.0
446,599,227.54,2.0
446,659,163.96,2.0
446,772,103.65,1.0
446,973,79.62,2.0
447,142,56.89,
447,276,245.17,1.0
447,430,88.19,
447,489,65.95,1.0
447,497,175.73,3.0
448,33,116.23,1.0
448,174,141.85,3.0
448,175,150.13,2.0
448,300,173.53,2.0
448,792,237.91,1.0
449,53,60.45,1.0
449,245,136.11,1.0
449,558,235.51,1.0
449,922,246.25,3.0
450,210,208.67,1.0
450,345,168.81,2.0
450,395,203.83,2.0
450,882,191.38,1.0
450,897,153.0,3.0
451,130,121.41,2.0
451,693,117.46,2.0
451,946,226.43,3.0
452,254,129.75,2.0
452,441,208.41,1.0
452,850,232.72,3.0
452,922,246.25,2.0
452,994,59.99,
453,53,60.45,1.0
453,197,,1.0
453,258,67.56,
453,719,53.18,1.0
453,766,249.63,2.0
454,46,83.22,2.0
454,401,227.82,2.0
454,696,231.65,1.0
455,2,80.34,1.0
455,312,57.94,1.0
455,800,76.15,3.0
456,730,167.65,2.0
456,859,67.61,1.0
456,926,64.91,3.0
456,978,218.51,1.0
457,180,136.21,3.0
457,244,204.28,1.0
457,706,124.5,3.0
457,827,172.87,2.0
457,904,163.76,3.0
458,119,151.13,1.0
458,136,64.57,3.0
458,782,158.46,3.0
458,787,164.1,1.0
458,817,216.7,1.0
459,63,141.12,3.0
459,660,185.42,
459,880,227.92,1.0
459,940,87.48,1.0
460,334,175.68,1.0
460,514,247.43,3.0
460,517,106.05,3.0
460,904,163.76,3.0
460,911,112.85,1.0
461,172,,1.0
461,592,195.71,1.0
461,685,231.56,1.0
461,977,,2.0
462,67,55.29,2.0
462,522,210.27,3.0
462,709,92.58,2.0
463,437,224.5,1.0
463,523,229.28,2.0
463,739,196.68,2.0
464,301,236.73,1.0
464,376,,3.0
464,855,146.69,2.0
465,120,183.66,1.0
465,564,228.93,1.0
465,958,198.75,3.0
466,49,237.53,
466,140,174.01,3.0
466,292,214.47,
466,838,124.38,2.0
467,33,116.23,1.0
467,112,,3.0
467,596,195.79,3.0
467,785,249.16,1.0
467,826,241.6,1.0
468,311,160.61,2.0
468,655,106.97,3.0
468,679,90.4,1.0
468,690,239.97,1.0
468,716,63.71,3.0
469,3,132.41,2.0
469,48,90.11,2.0
469,66,167.64,2.0
469,99,224.99,3.0
469,505,120.77,3.0
470,193,142.88,3.0
470,199,121.89,1.0
470,295,225.4,2.0
470,519,180.71,1.0
470,624,,2.0
471,359,196.99,
471,489,65.95,1.0
471,886,76.08,3.0
472,3,132.41,3.0
472,56,162.42,3.0
472,283,124.19,2.0
472,293,168.57,2.0
473,537,220.97,3.0
473,774,226.25,1.0
473,787,164.1,2.0
473,902,98.7,1.0
474,8,63.45,3.0
474,237,115.28,1.0
474,697,77.43,2.0
474,836,244.73,1.0
475,801,207.59,2.0
475,902,98.7,2.0
475,998,168.56,2.0
476,438,131.49,3.0
476,559,164.08,3.0
476,809,66.18,3.0
477,683,143.94,1.0
477,713,120.97,1.0
477,777,176.22,3.0
478,336,229.24,1.0
478,581,,3.0
478,702,81.84,1.0
478,771,76.39,1.0
479,251,60.23,1.0
479,365,153.13,2.0
479,462,77.21,2.0
479,588,151.91,3.0
479,998,168.56,3.0
480,16,196.57,1.0
480,145,69.03,2.0
480,530,,2.0
481,33,116.23,3.0
481,337,160.66,3.0
481,499,165.93,1.0
481,606,79.36,1.0
481,815,75.93,1.0
482,89,81.47,2.0
482,190,99.3,2.0
482,284,191.93,2.0
482,377,52.08,
482,906,93.79,2.0
483,84,225.47,2.0
483,759,239.0,3.0
483,928,235.84,3.0
484,401,227.82,1.0
484,591,61.38,2.0
484,636,198.75,2.0
485,474,224.08,3.0
485,509,94.66,1.0
485,726,122.98,
485,800,76.15,3.0
485,863,183.04,2.0
486,290,,1.0
486,809,66.18,3.0
486,895,187.0,3.0
486,935,98.57,
487,64,183.33,
487,248,124.74,2.0
487,320,57.22,1.0
487,581,,3.0
488,331,133.75,1.0
488,387,200.4,3.0
488,750,149.73,2.0
488,755,198.93,3.0
488,899,199.38,3.0
489,69,153.27,1.0
489,412,242.29,1.0
489,565,148.85,2.0
490,100,126.84,2.0
490,292,214.47,3.0
490,440,200.17,3.0
490,565,148.85,2.0
490,722,134.69,2.0
491,195,153.66,2.0
491,604,223.98,1.0
491,787,164.1,3.0
491,872,159.66,1.0
492,319,57.58,2.0
492,626,95.95,3.0
492,864,104.77,2.0
493,24,247.44,2.0
493,860,91.93,3.0
493,882,191.38,3.0
493,885,65.26,3.0
493,972,143.26,1.0
494,37,65.77,2.0
494,396,195.67,2.0
494,675,64.53,2.0
494,958,198.75,1.0
495,50,121.44,3.0
495,510,133.23,1.0
495,642,157.65,2.0
495,722,,3.0
496,63,141.12,3.0
496,251,60.23,1.0
496,388,231.18,1.0
496,708,191.55,3.0
496,793,202.22,1.0
497,93,202.8,1.0
497,332,129.36,3.0
497,868,163.34,2.0
498,21,184.17,3.0
498,33,116.23,2.0
498,577,61.76,2.0
499,605,138.19,2.0
499,609,205.56,1.0
499,659,163.96,1.0
499,780,73.93,2.0
500,474,224.08,3.0
500,518,232.96,2.0
500,525,201.26,3.0
500,901,142.02,1.0
501,306,196.65,2.0
501,437,224.5,3.0
501,497,175.73,1.0
501,693,117.46,2.0
501,742,153.3,3.0
502,376,152.57,3.0
502,611,177.27,1.0
502,707,212.57,1.0
502,726,122.98,1.0
502,935,98.57,3.0
503,168,62.42,3.0
503,422,,3.0
503,884,,1.0
503,906,93.79,3.0
503,924,196.23,3.0
504,191,226.32,2.0
504,458,243.84,2.0
504,742,153.3,2.0
504,856,,1.0
504,896,238.61,2.0
505,461,171.34,1.0
505,469,115.23,3.0
505,940,87.48,1.0
506,412,242.29,2.0
506,460,89.74,1.0
506,620,137.63,3.0
506,847,163.66,1.0
507,40,146.27,1.0
507,137,110.1,1.0
507,194,,2.0
507,455,235.33,3.0
508,295,225.4,2.0
508,443,244.96,1.0
508,981,60.43,1.0
509,326,173.51,1.0
509,455,235.33,1.0
509,832,119.16,3.0
510,176,,2.0
510,298,69.9,1.0
510,950,209.25,1.0
511,211,92.17,3.0
511,358,134.49,3.0
511,433,242.72,2.0
511,562,205.86,1.0
511,563,105.31,3.0
512,334,175.68,1.0
512,744,231.74,2.0
512,880,227.92,3.0
512,908,146.12,2.0
512,959,239.53,1.0
513,310,157.3,2.0
513,344,85.83,3.0
513,701,209.76,3.0
513,754,219.81,2.0
513,990,76.1,
514,326,173.51,3.0
514,335,146.92,1.0
514,383,203.93,1.0
515,261,71.6,3.0
515,395,203.83,3.0
515,435,,2.0
515,595,56.33,1.0
515,627,160.87,1.0
516,218,215.86,1.0
516,390,,1.0
516,890,177.49,3.0
516,963,220.36,2.0
517,35,146.61,3.0
517,200,,3.0
517,391,185.14,3.0
517,540,162.04,1.0
518,56,162.42,1.0
518,363,87.53,1.0
518,993,83.38,2.0
519,166,192.62,1.0
519,411,152.22,3.0
519,430,88.19,3.0
519,937,164.51,
520,154,146.97,2.0
520,506,201.97,1.0
520,571,179.32,3.0
520,866,178.4,2.0
521,64,183.33,2.0
521,110,87.63,1.0
521,274,189.78,3.0
521,758,83.48,
521,905,98.14,1.0
522,130,121.41,3.0
522,527,157.45,3.0
522,974,55.39,1.0
523,52,147.19,1.0
523,59,80.92,1.0
523,224,226.21,2.0
523,297,146.37,2.0
523,971,103.93,2.0
524,95,222.28,1.0
524,150,213.11,3.0
524,257,51.04,2.0
524,289,128.11,1.0
524,879,107.5,2.0
525,387,200.4,2.0
525,635,132.03,3.0
525,678,201.53,2.0
525,985,154.3,2.0
526,185,134.78,3.0
526,231,229.82,2.0
526,541,184.84,2.0
526,623,,3.0
527,62,84.49,2.0
527,749,74.3,1.0
527,773,148.67,3.0
527,899,199.38,1.0
527,956,212.49,3.0
528,324,231.64,2.0
528,464,191.8,2.0
528,740,111.83,1.0
528,759,239.0,1.0
529,14,238.51,3.0
529,477,245.15,2.0
529,639,110.99,1.0
529,764,184.08,2.0
530,161,109.19,2.0
530,598,119.08,1.0
530,630,160.61,3.0
530,969,231.07,2.0
530,1000,133.67,1.0
531,523,229.28,2.0
531,742,153.3,2.0
531,813,246.86,2.0
532,34,62.0,3.0
532,81,223.52,3.0
532,592,195.71,1.0
532,932,189.85,1.0
533,428,174.0,3.0
533,443,244.96,2.0
533,499,165.93,1.0
534,159,170.35,3.0
534,419,183.25,2.0
534,811,223.59,3.0
535,361,82.42,1.0
535,365,153.13,3.0
535,604,223.98,3.0
535,653,82.55,3.0
535,926,64.91,3.0
536,430,88.19,3.0
536,588,151.91,3.0
536,927,195.53,2.0
537,49,237.53,2.0
537,245,136.11,1.0
537,641,59.05,1.0
537,871,243.22,3.0
538,428,174.0,3.0
538,507,226.65,1.0
538,805,159.55,3.0
538,819,57.53,2.0
538,824,170.3,1.0
539,11,114.72,1.0
539,942,167.61,3.0
539,949,248.37,2.0
539,998,168.56,3.0
540,429,99.3,1.0
540,668,88.59,3.0
540,688,62.79,2.0
540,875,127.14,1.0
541,244,204.28,1.0
541,838,124.38,1.0
541,959,,3.0
542,352,226.63,1.0
542,566,122.7,3.0
542,957,117.34,1.0
543,122,69.72,2.0
543,207,88.92,1.0
543,577,61.76,1.0
543,905,98.14,1.0
544,381,56.19,3.0
544,418,104.84,1.0
544,782,158.46,1.0
544,786,110.34,1.0
544,836,,3.0
545,121,152.74,2.0
545,217,78.51,2.0
545,338,118.52,2.0
545,358,134.49,2.0
546,27,76.78,3.0
546,276,245.17,3.0
546,300,173.53,
546,417,,3.0
546,816,171.99,3.0
547,842,107.24,2.0
547,946,226.43,1.0
547,986,94.04,3.0
548,90,180.87,1.0
548,535,167.78,3.0
548,940,87.48,2.0
549,135,81.29,1.0
549,588,151.91,1.0
549,622,124.39,3.0
549,651,126.72,3.0
549,740,111.83,2.0
550,417,224.94,1.0
550,548,216.83,
550,785,249.16,1.0
550,966,206.2,3.0
551,59,80.92,2.0
551,64,183.33,1.0
551,316,159.68,3.0
551,434,199.38,2.0
551,516,113.3,3.0
552,451,222.6,3.0
552,551,162.25,2.0
552,657,55.71,2.0
552,790,125.07,3.0
552,992,88.48,2.0
553,76,90.52,3.0
553,233,243.92,3.0
553,271,80.13,3.0
553,699,230.12,3.0
554,175,150.13,3.0
554,449,80.11,3.0
554,726,122.98,1.0
555,53,60.45,3.0
555,97,83.87,2.0
555,132,221.69,1.0
555,778,149.89,2.0
556,398,118.83,2.0
556,814,160.37,
556,820,51.21,2.0
556,845,225.55,3.0
556,951,81.4,3.0
557,421,66.61,1.0
557,538,232.66,2.0
557,627,160.87,3.0
557,943,173.92,3.0
557,977,63.96,3.0
558,41,141.64,3.0
558,562,205.86,1.0
558,760,226.3,3.0
558,887,217.22,2.0
558,901,142.02,1.0
559,68,206.01,1.0
559,114,164.82,1.0
559,222,92.66,2.0
559,692,101.01,
559,694,51.93,1.0
560,382,138.74,2.0
560,481,115.71,2.0
560,586,241.2,2.0
560,742,153.3,2.0
560,813,246.86,3.0
561,140,174.01,2.0
561,182,204.96,1.0
561,219,237.76,1.0
561,644,102.24,3.0
561,975,187.08,1.0
562,291,181.87,3.0
562,341,125.25,1.0
562,515,200.99,2.0
562,535,167.78,3.0
562,792,237.91,1.0
563,594,196.51,3.0
563,624,67.8,3.0
563,835,163.93,3.0
564,37,65.77,1.0
564,271,80.13,1.0
564,364,217.62,3.0
564,399,166.38,2.0
564,444,62.33,2.0
565,418,104.84,1.0
565,538,232.66,1.0
565,677,239.14,1.0
566,87,150.25,1.0
566,147,177.18,3.0
566,230,142.07,3.0
566,293,168.57,1.0
567,423,221.14,1.0
567,619,134.73,2.0
567,731,207.18,1.0
567,820,51.21,3.0
567,855,146.69,2.0
568,434,199.38,3.0
568,621,189.73,2.0
568,642,157.65,3.0
569,138,221.92,1.0
569,807,198.27,2.0
569,843,218.71,1.0
570,47,95.83,2.0
570,141,140.89,2.0
570,954,104.74,2.0
571,7,95.98,2.0
571,321,129.7,1.0
571,331,133.75,2.0
571,499,165.93,2.0
571,775,131.39,1.0
572,25,195.55,2.0
572,305,147.13,1.0
572,460,89.74,
572,580,210.06,1.0
572,922,,3.0
573,193,142.88,2.0
573,247,207.42,2.0
573,810,160.28,1.0
574,32,161.45,1.0
574,401,227.82,2.0
574,729,233.18,1.0
574,735,237.3,1.0
574,959,239.53,3.0
575,189,187.35,3.0
575,551,162.25,1.0
575,751,121.44,3.0
575,944,77.61,2.0
576,60,71.49,2.0
576,238,203.38,2.0
576,398,118.83,1.0
576,791,169.28,1.0
577,52,147.19,2.0
577,636,198.75,3.0
577,827,172.87,2.0
578,100,126.84,1.0
578,205,56.5,3.0
578,216,87.98,
578,901,142.02,1.0
579,527,157.45,1.0
579,807,198.27,1.0
579,924,196.23,3.0
580,146,215.92,1.0
580,229,,2.0
580,972,143.26,2.0
581,196,82.73,2.0
581,353,247.18,1.0
581,384,137.63,1.0
581,883,133.41,2.0
582,230,142.07,3.0
582,752,208.54,3.0
582,826,241.6,1.0
583,118,62.77,1.0
583,284,191.93,1.0
583,700,79.91,3.0
584,366,106.38,2.0
584,578,67.16,
584,683,143.94,2.0
584,726,122.98,3.0
585,552,96.49,1.0
585,758,83.48,1.0
585,909,203.1,3.0
585,997,75.45,2.0
586,452,125.45,2.0
586,571,179.32,1.0
586,729,233.18,3.0
586,830,56.52,1.0
587,586,241.2,1.0
587,592,195.71,1.0
587,770,215.18,2.0
588,117,85.95,
588,269,81.71,1.0
588,730,167.65,1.0
589,156,204.33,3.0
589,532,70.73,2.0
589,730,167.65,3.0
589,868,163.34,3.0
590,53,60.45,3.0
590,419,183.25,1.0
590,689,132.29,2.0
590,761,78.05,2.0
590,852,239.79,1.0
591,135,81.29,3.0
591,224,226.21,2.0
591,451,222.6,2.0
591,458,243.84,2.0
591,809,66.18,2.0
592,98,246.81,1.0
592,480,185.48,2.0
592,490,,2.0
592,733,188.04,1.0
593,232,208.43,
593,360,125.34,2.0
593,787,164.1,1.0
593,942,167.61,2.0
594,28,96.21,1.0
594,123,79.64,2.0
594,633,116.68,1.0
594,738,185.7,2.0
595,65,160.5,1.0
595,463,198.51,3.0
595,609,205.56,2.0
596,47,95.83,1.0
596,653,82.55,3.0
596,716,63.71,1.0
596,833,189.81,2.0
596,908,146.12,1.0
597,256,114.14,3.0
597,742,153.3,2.0
597,754,219.81,3.0
598,289,128.11,
598,628,237.6,2.0
598,912,101.23,3.0
599,336,229.24,1.0
599,656,168.41,1.0
599,859,67.61,3.0
600,496,145.41,3.0
600,553,128.85,2.0
600,975,187.08,2.0
601,51,106.86,1.0
601,103,,2.0
601,449,80.11,1.0
601,633,116.68,3.0
601,873,148.67,1.0
602,56,162.42,1.0
602,391,185.14,2.0
602,461,171.34,2.0
602,660,185.42,3.0
602,795,127.79,2.0
603,157,246.43,3.0
603,320,57.22,1.0
603,615,85.81,2.0
603,938,92.58,1.0
604,118,62.77,3.0
604,210,208.67,2.0
604,478,155.47,3.0
604,565,148.85,3.0
605,432,56.08,2.0
605,655,106.97,2.0
605,675,64.53,2.0
606,211,92.17,1.0
606,269,81.71,1.0
606,399,,2.0
606,962,158.95,3.0
607,7,95.98,1.0
607,148,241.66,2.0
607,261,71.6,1.0
607,293,168.57,1.0
607,830,56.52,2.0
608,198,180.7,2.0
608,442,105.37,2.0
608,490,134.37,2.0
608,715,180.14,3.0
608,734,201.32,1.0
609,4,102.01,3.0
609,84,225.47,3.0
609,667,124.68,1.0
610,106,140.96,3.0
610,144,111.9,2.0
610,494,64.74,1.0
611,11,114.72,3.0
611,25,195.55,1.0
611,634,112.99,2.0
612,403,99.71,2.0
612,546,145.42,2.0
612,569,160.56,3.0
612,592,195.71,3.0
613,446,203.34,2.0
613,463,,1.0
613,526,217.47,2.0
613,732,247.41,3.0
613,851,221.01,3.0
614,269,81.71,2.0
614,643,98.94,1.0
614,989,218.85,3.0
615,113,102.99,3.0
615,370,176.52,
615,524,67.52,3.0
615,553,128.85,3.0
615,751,121.44,3.0
616,226,177.91,1.0
616,659,163.96,3.0
616,763,68.54,3.0
617,60,71.49,3.0
617,210,208.67,3.0
617,354,85.44,2.0
617,789,138.29,1.0
617,985,154.3,2.0
618,43,116.23,3.0
618,237,115.28,3.0
618,631,183.29,2.0
618,780,73.93,3.0
619,105,232.06,3.0
619,399,,3.0
619,550,83.71,3.0
620,77,61.77,1.0
620,234,194.51,2.0
620,330,103.52,3.0
620,543,,1.0
620,872,159.66,3.0
621,42,226.48,1.0
621,110,87.63,3.0
621,235,,3.0
622,211,92.17,1.0
622,420,55.79,2.0
622,421,,1.0
622,616,178.66,2.0
622,893,195.69,1.0
623,36,197.14,3.0
623,71,86.5,3.0
623,269,81.71,3.0
623,924,196.23,2.0
623,952,245.6,
624,43,116.23,2.0
624,407,174.05,3.0
624,427,113.76,1.0
624,840,135.48,1.0
625,97,83.87,1.0
625,963,220.36,2.0
625,994,59.99,3.0
626,138,221.92,3.0
626,350,61.9,3.0
626,984,246.44,3.0
627,229,89.49,2.0
627,492,218.49,2.0
627,846,95.98,3.0
627,971,103.93,3.0
628,75,154.27,1.0
628,432,56.08,
628,475,227.5,1.0
628,666,109.41,1.0
628,892,164.04,3.0
629,314,186.8,1.0
629,524,67.52,2.0
629,768,230.68,1.0
630,148,241.66,3.0
630,288,101.72,2.0
630,649,160.83,1.0
630,852,239.79,3.0
630,895,187.0,1.0
631,199,121.89,3.0
631,850,232.72,2.0
631,983,78.57,2.0
632,64,,3.0
632,159,170.35,2.0
632,838,124.38,1.0
632,901,142.02,2.0
633,24,247.44,2.0
633,48,90.11,1.0
633,461,,2.0
633,850,232.72,3.0
633,987,,2.0
634,59,80.92,2.0
634,357,77.1,3.0
634,360,125.34,1.0
634,938,92.58,3.0
635,239,,2.0
635,250,184.37,1.0
635,357,77.1,3.0
635,942,167.61,3.0
636,32,161.45,
636,467,176.42,
636,799,138.29,1.0
637,75,154.27,1.0
637,506,201.97,2.0
637,514,247.43,3.0
637,717,207.78,3.0
638,218,215.86,2.0
638,334,175.68,1.0
638,531,51.53,1.0
638,831,208.58,3.0
639,318,68.99,2.0
639,406,192.02,1.0
639,463,198.51,3.0
639,673,71.97,2.0
639,892,,3.0
640,267,119.48,1.0
640,371,51.0,2.0
640,458,243.84,3.0
640,667,124.68,1.0
641,78,166.26,1.0
641,390,82.52,2.0
641,986,94.04,1.0
642,594,196.51,
642,671,,3.0
642,940,87.48,3.0
643,143,72.98,2.0
643,225,,3.0
643,526,217.47,
643,651,126.72,
643,879,,2.0
644,339,52.62,2.0
644,375,216.37,2.0
644,733,188.04,1.0
644,984,,2.0
645,120,183.66,1.0
645,158,118.43,2.0
645,399,166.38,2.0
645,709,92.58,1.0
646,362,177.66,1.0
646,385,78.48,2.0
646,699,230.12,2.0
646,845,225.55,2.0
647,97,83.87,3.0
647,281,242.32,2.0
647,401,227.82,3.0
647,702,81.84,3.0
647,939,113.97,2.0
648,255,248.35,1.0
648,271,80.13,2.0
648,885,65.26,2.0
649,68,206.01,2.0
649,238,203.38,1.0
649,968,166.73,3.0
650,354,85.44,1.0
650,646,191.41,3.0
650,794,112.71,2.0
651,293,168.57,1.0
651,376,152.57,2.0
651,455,235.33,2.0
651,650,65.51,1.0
651,937,164.51,2.0
652,259,57.05,3.0
652,328,93.55,3.0
652,559,164.08,1.0
652,602,86.81,1.0
652,947,201.85,3.0
653,184,218.95,3.0
653,496,145.41,1.0
653,754,219.81,1.0
653,825,100.58,
654,464,191.8,2.0
654,827,172.87,3.0
654,831,208.58,
654,942,167.61,2.0
655,184,218.95,2.0
655,536,162.12,2.0
655,717,207.78,2.0
655,858,219.38,3.0
655,922,246.25,1.0
656,232,208.43,3.0
656,264,227.0,1.0
656,343,70.29,
657,68,206.01,2.0
657,558,235.51,2.0
657,618,,1.0
657,719,53.18,3.0
657,990,76.1,1.0
658,417,224.94,3.0
658,755,198.93,1.0
658,942,167.61,3.0
659,155,116.62,3.0
659,289,128.11,1.0
659,730,167.65,1.0
659,814,160.37,3.0
659,882,191.38,
660,146,215.92,3.0
660,638,68.44,1.0
660,685,231.56,1.0
660,864,104.77,1.0
660,925,64.95,2.0
661,112,97.85,1.0
661,367,192.22,2.0
661,451,222.6,2.0
661,719,53.18,2.0
662,229,89.49,2.0
662,758,83.48,3.0
662,886,76.08,2.0
663,301,236.73,1.0
663,528,198.95,2.0
663,713,120.97,3.0
663,768,230.68,1.0
663,875,127.14,2.0
664,238,203.38,2.0
664,600,169.99,1.0
664,985,154.3,2.0
665,261,71.6,3.0
665,298,69.9,3.0
665,573,61.97,3.0
666,72,143.79,2.0
666,239,220.93,1.0
666,245,136.11,3.0
666,475,227.5,1.0
666,519,180.71,3.0
667,1,72.66,2.0
667,183,126.36,3.0
667,302,,2.0
667,332,,2.0
667,377,,2.0
668,552,96.49,2.0
668,566,122.7,3.0
668,684,248.13,1.0
668,882,,1.0
669,54,84.5,2.0
669,405,70.71,2.0
669,575,124.4,2.0
669,952,245.6,3.0
670,27,76.78,
670,240,189.89,1.0
670,280,190.85,2.0
671,489,65.95,3.0
671,513,,2.0
671,610,118.1,3.0
671,731,207.18,1.0
672,26,181.39,3.0
672,711,187.54,1.0
672,796,213.28,3.0
673,235,239.95,1.0
673,649,160.83,2.0
673,758,83.48,2.0
673,879,107.5,3.0
673,906,93.79,1.0
674,390,82.52,1.0
674,498,,3.0
674,819,57.53,1.0
675,453,152.15,3.0
675,512,185.45,3.0
675,749,74.3,2.0
675,982,96.15,1.0
676,248,124.74,2.0
676,492,218.49,1.0
676,620,137.63,3.0
676,828,80.98,2.0
677,16,196.57,1.0
677,240,189.89,3.0
677,333,184.45,3.0
677,998,168.56,2.0
678,401,,3.0
678,424,246.7,1.0
678,800,76.15,3.0
678,906,93.79,1.0
678,907,121.43,3.0
679,33,116.23,3.0
679,211,92.17,2.0
679,586,241.2,
679,878,50.82,2.0
680,308,117.08,1.0
680,467,176.42,2.0
680,541,184.84,3.0
680,683,143.94,3.0
681,281,242.32,2.0
681,446,203.34,1.0
681,559,164.08,3.0
681,630,,3.0
681,727,148.9,3.0
682,508,201.16,3.0
682,811,223.59,1.0
682,902,98.7,
683,350,61.9,2.0
683,386,208.73,
683,388,231.18,1.0
683,522,,2.0
684,582,195.63,3.0
684,609,205.56,1.0
684,917,87.21,1.0
685,463,198.51,3.0
685,615,85.81,1.0
685,650,65.51,3.0
686,185,134.78,3.0
686,534,190.45,1.0
686,767,106.78,2.0
687,213,206.95,3.0
687,580,210.06,2.0
687,716,63.71,1.0
687,753,54.32,2.0
688,27,76.78,
688,78,166.26,2.0
688,196,82.73,2.0
688,949,248.37,2.0
689,226,177.91,2.0
689,249,224.27,2.0
689,442,105.37,2.0
689,478,155.47,2.0
689,978,218.51,3.0
690,109,120.8,3.0
690,659,163.96,3.0
690,700,79.91,1.0
690,965,,3.0
691,412,242.29,
691,681,235.72,3.0
691,840,135.48,2.0
692,486,,1.0
692,501,125.53,3.0
692,833,189.81,2.0
693,514,247.43,2.0
693,600,169.99,3.0
693,845,225.55,2.0
693,864,104.77,1.0
694,161,,1.0
694,337,160.66,2.0
694,340,67.14,1.0
694,719,53.18,3.0
694,969,231.07,3.0
695,508,201.16,2.0
695,647,99.37,3.0
695,907,121.43,1.0
696,41,141.64,
696,138,221.92,3.0
696,834,127.56,
696,839,124.12,2.0
697,223,83.22,3.0
697,585,178.27,2.0
697,973,79.62,1.0
698,8,63.45,3.0
698,212,,1.0
698,236,185.64,2.0
698,622,124.39,3.0
699,330,103.52,2.0
699,464,191.8,3.0
699,627,160.87,3.0
699,890,177.49,3.0
699,902,98.7,1.0
700,714,113.33,3.0
700,768,230.68,1.0
700,797,220.47,3.0
700,864,104.77,3.0
701,521,195.86,1.0
701,661,83.39,2.0
701,868,163.34,1.0
702,151,226.05,1.0
702,256,,2.0
702,387,200.4,2.0
703,85,169.02,2.0
703,246,64.86,1.0
703,551,162.25,3.0
703,799,138.29,2.0
704,24,247.44,3.0
704,348,203.33,1.0
704,416,141.33,1.0
704,991,204.99,1.0
705,23,,3.0
705,127,108.62,3.0
705,393,188.3,1.0
705,596,195.79,1.0
706,21,184.17,2.0
706,665,86.52,2.0
706,674,155.82,3.0
706,835,163.93,3.0
707,147,177.18,3.0
707,306,196.65,1.0
707,463,198.51,1.0
707,911,112.85,
707,967,110.73,3.0
708,93,202.8,
708,312,57.94,3.0
708,492,218.49,1.0
709,285,177.93,1.0
709,365,153.13,
709,569,160.56,1.0
710,17,128.61,3.0
710,142,56.89,3.0
710,372,145.25,2.0
710,385,78.48,1.0
710,592,195.71,2.0
711,664,199.35,3.0
711,770,215.18,3.0
711,916,233.11,
712,109,120.8,2.0
712,158,118.43,3.0
712,235,239.95,3.0
712,474,224.08,2.0
712,618,208.82,1.0
713,332,129.36,1.0
713,400,186.19,3.0
713,454,155.48,2.0
713,651,126.72,3.0
714,16,196.57,1.0
714,280,190.85,3.0
714,733,188.04,1.0
714,895,187.0,1.0
715,112,,2.0
715,294,237.5,1.0
715,947,201.85,2.0
716,297,146.37,3.0
716,664,199.35,3.0
716,969,231.07,3.0
717,168,62.42,3.0
717,298,69.9,1.0
717,414,184.12,2.0
717,590,153.28,1.0
718,322,245.9,2.0
718,481,115.71,2.0
718,576,227.01,3.0
718,900,247.74,
718,944,77.61,1.0
719,768,230.68,1.0
719,941,60.5,2.0
719,953,61.07,1.0
720,526,217.47,3.0
720,541,184.84,1.0
720,716,63.71,3.0
720,806,146.82,1.0
720,853,151.97,3.0
721,291,181.87,2.0
721,308,117.08,2.0
721,465,230.21,2.0
722,195,153.66,1.0
722,282,216.11,1.0
722,443,244.96,2.0
722,807,198.27,3.0
723,113,102.99,2.0
723,361,82.42,1.0
723,656,168.41,1.0
723,793,202.22,2.0
724,327,149.0,3.0
724,830,56.52,2.0
724,917,87.21,3.0
724,936,157.52,2.0
725,203,202.04,1.0
725,218,,3.0
725,241,69.12,3.0
725,370,,2.0
726,331,133.75,3.0
726,434,199.38,3.0
726,441,208.41,1.0
726,490,134.37,1.0
726,896,238.61,3.0
727,579,202.8,2.0
727,651,126.72,2.0
727,712,151.86,2.0
727,714,113.33,1.0
727,769,198.25,3.0
728,257,51.04,2.0
728,317,132.96,3.0
728,426,227.24,
728,782,158.46,
729,100,126.84,2.0
729,348,203.33,
729,741,,3.0
729,862,160.96,1.0
729,919,169.1,1.0
730,325,149.23,2.0
730,485,52.72,1.0
730,617,,1.0
731,146,215.92,3.0
731,624,67.8,
731,745,180.42,1.0
731,990,76.1,1.0
732,707,212.57,1.0
732,726,122.98,3.0
732,915,239.01,1.0
733,156,204.33,1.0
733,377,52.08,2.0
733,615,85.81,2.0
733,790,125.07,3.0
733,809,66.18,1.0
734,19,146.71,3.0
734,27,76.78,2.0
734,917,87.21,3.0
735,332,129.36,1.0
735,380,210.24,3.0
735,639,110.99,1.0
735,808,233.39,2.0
735,959,239.53,2.0
736,342,91.83,2.0
736,499,165.93,3.0
736,922,246.25,1.0
736,937,164.51,2.0
737,158,118.43,3.0
737,515,200.99,3.0
737,672,79.28,1.0
737,677,239.14,1.0
737,706,124.5,3.0
738,420,55.79,2.0
738,596,195.79,2.0
738,597,208.18,2.0
738,774,226.25,1.0
738,834,127.56,3.0
739,103,67.22,2.0
739,515,200.99,1.0
739,980,211.03,2.0
739,986,94.04,1.0
740,67,55.29,1.0
740,413,,3.0
740,436,170.1,2.0
740,729,233.18,1.0
740,824,170.3,2.0
741,4,102.01,
741,101,141.82,3.0
741,223,83.22,3.0
741,238,203.38,3.0
741,478,155.47,3.0
742,21,184.17,1.0
742,217,78.51,3.0
742,253,211.86,2.0
742,820,51.21,2.0
742,890,177.49,3.0
743,155,116.62,2.0
743,251,,1.0
743,282,216.11,1.0
743,496,145.41,3.0
743,834,127.56,1.0
744,811,223.59,1.0
744,890,177.49,3.0
744,963,220.36,2.0
745,219,237.76,3.0
745,390,82.52,2.0
745,410,70.81,3.0
745,446,203.34,2.0
745,596,195.79,3.0
746,259,57.05,1.0
746,355,140.68,1.0
746,419,183.25,1.0
746,433,242.72,1.0
746,915,,3.0
747,261,71.6,2.0
747,275,99.56,1.0
747,311,160.61,2.0
747,436,170.1,2.0
748,111,209.87,1.0
748,476,164.01,3.0
748,526,217.47,1.0
748,640,97.33,1.0
749,14,238.51,2.0
749,112,97.85,3.0
749,610,118.1,3.0
749,615,85.81,2.0
749,993,83.38,1.0
750,5,165.12,1.0
750,558,235.51,1.0
750,598,119.08,2.0
750,726,122.98,1.0
750,758,83.48,2.0
751,97,,2.0
751,203,202.04,1.0
751,492,218.49,2.0
751,669,230.08,2.0
751,982,96.15,2.0
752,79,182.33,1.0
752,368,209.82,2.0
752,386,208.73,1.0
752,630,160.61,2.0
752,682,103.7,3.0
753,132,221.69,3.0
753,204,,1.0
753,232,208.43,3.0
753,379,148.21,1.0
753,792,,1.0
754,67,55.29,2.0
754,248,124.74,3.0
754,429,99.3,3.0
755,33,116.23,2.0
755,84,,2.0
755,170,105.05,2.0
755,573,61.97,3.0
755,640,97.33,1.0
756,12,114.63,1.0
756,431,,1.0
756,600,169.99,2.0
756,633,116.68,1.0
757,53,60.45,2.0
757,396,195.67,2.0
757,579,202.8,1.0
757,733,188.04,1.0
758,29,62.51,2.0
758,195,153.66,3.0
758,581,165.07,1.0
758,803,182.99,3.0
758,872,159.66,2.0
759,33,116.23,
759,256,114.14,2.0
759,463,198.51,2.0
760,502,146.58,1.0
760,807,198.27,3.0
760,967,110.73,2.0
761,17,128.61,
761,33,116.23,3.0
761,212,219.1,
761,706,124.5,3.0
761,769,198.25,2.0
762,24,247.44,1.0
762,270,127.17,1.0
762,408,100.88,3.0
762,490,134.37,2.0
762,608,220.66,2.0
763,19,146.71,3.0
763,133,240.19,2.0
763,640,97.33,2.0
764,36,197.14,2.0
764,540,162.04,1.0
764,555,187.68,1.0
765,319,57.58,
765,699,230.12,3.0
765,720,225.01,2.0
765,990,76.1,3.0
766,867,92.12,3.0
766,882,191.38,3.0
766,947,201.85,1.0
767,114,164.82,3.0
767,217,78.51,3.0
767,788,213.43,3.0
767,979,205.27,1.0
768,108,66.24,2.0
768,465,230.21,2.0
768,762,133.63,1.0
769,29,62.51,3.0
769,60,71.49,1.0
769,944,77.61,2.0
770,53,60.45,3.0
770,385,78.48,3.0
770,544,244.85,2.0
771,55,238.3,2.0
771,137,110.1,2.0
771,146,,3.0
771,208,57.13,2.0
771,462,,3.0
772,193,142.88,2.0
772,411,152.22,2.0
772,598,119.08,2.0
772,960,244.86,3.0
773,69,153.27,3.0
773,435,249.48,3.0
773,980,211.03,2.0
774,374,86.56,
774,877,202.64,3.0
774,935,98.57,3.0
775,217,78.51,3.0
775,276,245.17,1.0
775,868,163.34,2.0
776,24,247.44,
776,267,119.48,1.0
776,309,124.79,1.0
776,519,180.71,3.0
776,721,107.84,1.0
777,80,117.92,
777,201,50.2,1.0
777,359,196.99,2.0
777,377,52.08,2.0
777,573,61.97,
778,209,151.17,1.0
778,452,125.45,1.0
778,655,106.97,2.0
778,688,62.79,2.0
778,901,142.02,2.0
779,90,180.87,2.0
779,379,148.21,3.0
779,497,175.73,1.0
779,852,239.79,3.0
780,247,207.42,2.0
780,742,153.3,2.0
780,756,133.58,1.0
780,869,192.32,2.0
781,194,185.69,2.0
781,326,173.51,3.0
781,589,62.33,3.0
781,792,237.91,3.0
782,42,226.48,1.0
782,56,162.42,3.0
782,492,218.49,2.0
782,684,248.13,1.0
782,686,138.01,2.0
783,186,233.84,3.0
783,435,249.48,3.0
783,864,104.77,
784,101,141.82,2.0
784,680,149.96,1.0
784,817,216.7,1.0
784,869,192.32,3.0
785,11,114.72,3.0
785,160,97.07,3.0
785,515,200.99,2.0
785,882,191.38,
785,958,198.75,3.0
786,589,62.33,3.0
786,784,112.27,1.0
786,793,202.22,2.0
786,856,,1.0
786,979,205.27,2.0
787,373,160.95,2.0
787,435,249.48,
787,577,61.76,2.0
787,634,112.99,2.0
788,14,238.51,1.0
788,50,121.44,3.0
788,218,215.86,3.0
788,678,201.53,
788,777,176.22,1.0
789,48,90.11,3.0
789,332,129.36,
789,473,196.68,2.0
789,945,115.38,3.0
790,569,160.56,3.0
790,890,177.49,3.0
790,916,233.11,1.0
790,942,167.61,3.0
791,300,173.53,3.0
791,350,61.9,1.0
791,622,124.39,
791,990,76.1,2.0
792,319,57.58,1.0
792,701,209.76,2.0
792,716,63.71,2.0
792,742,153.3,1.0
792,753,54.32,2.0
793,9,214.61,2.0
793,19,146.71,2.0
793,215,152.98,1.0
793,779,92.97,2.0
793,977,63.96,2.0
794,48,90.11,1.0
794,395,203.83,2.0
794,569,160.56,
794,607,222.02,1.0
794,718,153.46,2.0
795,206,148.94,2.0
795,935,98.57,1.0
795,957,117.34,1.0
795,988,225.45,1.0
796,328,93.55,1.0
796,468,72.43,1.0
796,949,248.37,
796,997,75.45,3.0
797,165,69.55,1.0
797,170,105.05,1.0
797,290,168.98,1.0
797,653,82.55,2.0
797,832,119.16,1.0
798,277,156.48,3.0
798,325,149.23,2.0
798,625,71.81,1.0
798,967,110.73,1.0
798,974,55.39,1.0
799,226,,1.0
799,458,243.84,2.0
799,610,118.1,3.0
799,969,231.07,2.0
800,353,247.18,
800,380,210.24,2.0
800,602,86.81,2.0
800,609,205.56,1.0
801,21,184.17,2.0
801,277,156.48,1.0
801,414,184.12,1.0
801,806,146.82,2.0
802,329,137.31,2.0
802,452,125.45,2.0
802,787,164.1,3.0
803,103,67.22,3.0
803,536,162.12,3.0
803,665,86.52,1.0
804,296,217.57,1.0
804,512,185.45,2.0
804,689,132.29,1.0
804,781,181.2,1.0
804,885,65.26,1.0
805,136,64.57,2.0
805,390,82.52,
805,539,93.75,1.0
805,833,189.81,1.0
805,993,83.38,3.0
806,716,63.71,3.0
806,762,133.63,1.0
806,996,196.78,2.0
807,14,238.51,3.0
807,325,149.23,1.0
807,848,58.97,1.0
808,373,160.95,2.0
808,608,,2.0
808,798,80.05,1.0
809,395,203.83,3.0
809,472,63.46,2.0
809,575,124.4,2.0
809,632,218.24,
809,854,155.1,3.0
810,58,231.34,2.0
810,229,89.49,1.0
810,677,239.14,3.0
810,778,149.89,1.0
811,63,141.12,3.0
811,174,141.85,2.0
811,959,239.53,2.0
812,126,139.84,3.0
812,154,146.97,1.0
812,883,133.41,2.0
813,290,168.98,1.0
813,521,195.86,3.0
813,861,188.97,3.0
813,990,76.1,1.0
814,84,225.47,2.0
814,501,125.53,3.0
814,652,150.27,1.0
814,697,77.43,3.0
815,447,83.16,2.0
815,722,134.69,3.0
815,782,158.46,2.0
816,19,146.71,
816,108,66.24,1.0
816,567,167.33,3.0
816,856,,2.0
816,936,157.52,3.0
817,61,112.13,3.0
817,76,90.52,2.0
817,348,203.33,3.0
817,462,77.21,1.0
817,980,211.03,2.0
818,61,112.13,3.0
818,280,190.85,3.0
818,323,170.98,3.0
818,815,75.93,3.0
818,816,171.99,3.0
819,260,87.94,
819,481,115.71,1.0
819,585,178.27,3.0
820,7,95.98,3.0
820,326,173.51,1.0
820,539,93.75,1.0
820,603,153.0,3.0
820,973,79.62,3.0
821,5,165.12,1.0
821,732,247.41,1.0
821,852,239.79,1.0
821,997,75.45,3.0
822,17,128.61,1.0
822,266,200.67,3.0
822,695,77.45,1.0
823,250,184.37,3.0
823,373,160.95,2.0
823,739,,2.0
824,120,183.66,2.0
824,213,206.95,1.0
824,303,134.23,3.0
824,431,208.24,3.0
824,868,163.34,3.0
825,267,119.48,2.0
825,391,185.14,
825,579,202.8,2.0
825,717,207.78,2.0
826,221,142.79,3.0
826,272,73.28,3.0
826,879,107.5,3.0
827,249,224.27,3.0
827,553,128.85,2.0
827,750,149.73,1.0
828,19,146.71,1.0
828,305,147.13,1.0
828,606,79.36,
828,814,160.37,1.0
828,967,110.73,3.0
829,743,180.58,2.0
829,922,246.25,3.0
829,967,110.73,2.0
829,974,55.39,
830,183,126.36,1.0
830,303,134.23,1.0
830,417,224.94,2.0
830,500,136.7,1.0
831,30,207.25,3.0
831,374,86.56,3.0
831,395,203.83,2.0
832,59,80.92,2.0
832,121,152.74,3.0
832,286,159.85,2.0
833,97,83.87,1.0
833,304,208.6,1.0
833,620,137.63,2.0
833,767,106.78,2.0
833,845,225.55,2.0
834,473,196.68,3.0
834,728,246.11,1.0
834,811,223.59,2.0
834,826,241.6,1.0
835,357,77.1,1.0
835,467,176.42,3.0
835,685,231.56,1.0
835,879,,2.0
836,90,180.87,2.0
836,117,85.95,1.0
836,527,157.45,1.0
836,752,208.54,
837,177,131.35,1.0
837,324,231.64,1.0
837,393,188.3,3.0
837,795,127.79,2.0
837,844,133.38,1.0
838,475,227.5,3.0
838,652,150.27,3.0
838,726,122.98,2.0
838,867,92.12,3.0
838,986,94.04,2.0
839,258,67.56,2.0
839,502,146.58,2.0
839,555,187.68,2.0
840,298,69.9,1.0
840,543,103.79,2.0
840,552,96.49,1.0
840,916,,3.0
841,334,175.68,2.0
841,895,187.0,3.0
841,996,196.78,3.0
842,127,108.62,
842,259,57.05,1.0
842,494,64.74,3.0
842,510,133.23,1.0
842,857,60.36,3.0
843,45,170.78,3.0
843,255,248.35,
843,685,231.56,1.0
844,170,105.05,2.0
844,280,190.85,2.0
844,951,81.4,1.0
845,238,203.38,2.0
845,593,97.97,3.0
845,719,53.18,2.0
845,964,106.28,2.0
846,360,125.34,3.0
846,716,63.71,2.0
846,907,121.43,3.0
847,68,206.01,
847,71,86.5,1.0
847,991,204.99,1.0
848,305,147.13,3.0
848,352,226.63,2.0
848,398,118.83,3.0
849,473,196.68,1.0
849,500,136.7,3.0
849,540,162.04,3.0
850,500,136.7,2.0
850,531,51.53,1.0
850,688,62.79,1.0
850,727,148.9,2.0
851,125,146.21,
851,177,131.35,1.0
851,539,93.75,1.0
851,664,199.35,
851,730,167.65,
852,23,203.41,1.0
852,80,117.92,1.0
852,747,241.7,3.0
853,39,200.01,1.0
853,544,244.85,2.0
853,574,118.2,1.0
853,834,127.56,2.0
853,946,226.43,3.0
854,32,161.45,1.0
854,813,246.86,1.0
854,974,55.39,2.0
855,105,232.06,
855,152,63.89,1.0
855,691,166.4,3.0
856,54,84.5,2.0
856,80,117.92,1.0
856,81,223.52,2.0
856,824,170.3,3.0
856,938,92.58,2.0
857,265,245.93,2.0
857,556,246.31,2.0
857,878,50.82,3.0
857,987,182.97,
858,37,65.77,1.0
858,927,195.53,1.0
858,955,151.86,2.0
858,990,76.1,3.0
859,101,141.82,2.0
859,861,188.97,1.0
859,987,182.97,3.0
860,224,226.21,2.0
860,893,195.69,3.0
860,964,106.28,1.0
861,61,112.13,2.0
861,502,146.58,1.0
861,652,150.27,1.0
861,913,156.18,2.0
862,44,93.13,3.0
862,66,167.64,3.0
862,317,132.96,2.0
862,866,178.4,1.0
862,900,247.74,1.0
863,349,138.39,2.0
863,359,196.99,3.0
863,469,115.23,3.0
863,629,195.26,2.0
863,689,,3.0
864,197,220.79,1.0
864,524,67.52,3.0
864,622,124.39,1.0
864,704,50.64,1.0
865,589,62.33,3.0
865,773,148.67,3.0
865,879,107.5,1.0
866,63,141.12,2.0
866,526,217.47,1.0
866,569,160.56,2.0
866,579,202.8,2.0
866,798,80.05,2.0
867,689,132.29,2.0
867,720,225.01,2.0
867,817,216.7,3.0
867,883,133.41,3.0
868,178,186.24,1.0
868,442,105.37,1.0
868,964,106.28,2.0
869,24,247.44,2.0
869,99,224.99,2.0
869,474,224.08,3.0
870,379,148.21,1.0
870,665,86.52,3.0
870,797,,3.0
871,105,232.06,1.0
871,126,139.84,1.0
871,155,116.62,1.0
871,192,62.03,3.0
871,660,185.42,3.0
872,331,133.75,2.0
872,478,155.47,
872,877,202.64,2.0
873,128,94.73,3.0
873,591,61.38,3.0
873,608,220.66,
873,833,189.81,3.0
873,892,164.04,1.0
874,250,184.37,2.0
874,314,186.8,3.0
874,559,164.08,3.0
874,792,237.91,2.0
875,235,239.95,3.0
875,336,229.24,2.0
875,368,209.82,2.0
875,657,55.71,3.0
876,103,67.22,2.0
876,389,135.35,2.0
876,717,207.78,
876,834,127.56,2.0
877,407,174.05,3.0
877,439,226.19,1.0
877,684,248.13,3.0
877,993,83.38,
878,190,99.3,1.0
878,212,219.1,3.0
878,809,66.18,3.0
878,813,246.86,2.0
878,864,104.77,2.0
879,248,124.74,2.0
879,296,217.57,1.0
879,764,184.08,2.0
880,329,137.31,2.0
880,504,208.11,1.0
880,618,208.82,2.0
880,755,198.93,2.0
880,879,107.5,3.0
881,252,195.57,3.0
881,425,235.7,1.0
881,771,76.39,1.0
881,800,76.15,1.0
882,108,66.24,1.0
882,245,136.11,2.0
882,737,,1.0
882,738,185.7,1.0
882,902,98.7,1.0
883,423,221.14,3.0
883,641,59.05,1.0
883,714,113.33,1.0
883,854,,1.0
884,252,,1.0
884,482,129.89,3.0
884,654,133.29,2.0
884,861,188.97,1.0
884,887,217.22,2.0
885,10,62.55,1.0
885,102,227.13,2.0
885,311,160.61,3.0
885,813,246.86,1.0
885,866,178.4,3.0
886,253,211.86,3.0
886,782,158.46,3.0
886,801,207.59,1.0
887,184,218.95,2.0
887,682,103.7,1.0
887,809,66.18,2.0
888,263,93.74,1.0
888,340,67.14,1.0
888,383,203.93,2.0
888,595,56.33,1.0
888,702,81.84,1.0
889,219,237.76,2.0
889,342,91.83,3.0
889,814,,3.0
889,969,231.07,1.0
890,194,185.69,2.0
890,471,189.72,3.0
890,552,96.49,2.0
890,555,187.68,2.0
890,572,87.01,1.0
891,24,,1.0
891,567,167.33,1.0
891,585,,3.0
892,88,183.78,
892,499,165.93,1.0
892,556,246.31,2.0
892,873,148.67,3.0
893,448,91.2,2.0
893,541,184.84,2.0
893,628,237.6,3.0
893,869,192.32,3.0
893,943,173.92,1.0
894,122,,1.0
894,249,224.27,1.0
894,379,148.21,1.0
894,387,200.4,1.0
894,973,79.62,1.0
895,25,195.55,2.0
895,375,216.37,1.0
895,565,148.85,2.0
895,574,118.2,1.0
895,797,220.47,3.0
896,79,182.33,1.0
896,744,231.74,1.0
896,949,248.37,2.0
897,12,114.63,3.0
897,164,91.14,2.0
897,510,133.23,3.0
897,912,101.23,1.0
898,161,109.19,3.0
898,225,58.78,1.0
898,457,111.71,3.0
898,555,187.68,2.0
899,159,170.35,
899,164,91.14,1.0
899,182,204.96,2.0
899,590,153.28,3.0
900,246,64.86,1.0
900,378,148.58,3.0
900,503,51.95,1.0
900,841,196.07,1.0
900,931,,2.0
901,96,171.87,
901,142,56.89,3.0
901,374,86.56,2.0
901,645,151.87,2.0
901,837,249.04,
902,223,83.22,3.0
902,397,238.21,2.0
902,481,,1.0
903,142,56.89,3.0
903,328,93.55,3.0
903,625,71.81,2.0
904,46,83.22,2.0
904,797,220.47,1.0
904,968,166.73,1.0
905,78,166.26,3.0
905,272,73.28,1.0
905,515,200.99,2.0
905,692,101.01,3.0
906,131,157.55,2.0
906,192,62.03,1.0
906,384,137.63,3.0
907,15,62.94,1.0
907,317,132.96,1.0
907,603,153.0,3.0
907,899,199.38,3.0
908,107,123.53,1.0
908,194,185.69,3.0
908,360,125.34,3.0
908,849,54.69,
909,80,117.92,2.0
909,742,153.3,2.0
909,848,58.97,3.0
909,965,239.42,1.0
910,515,200.99,1.0
910,793,202.22,3.0
910,912,101.23,1.0
911,334,175.68,3.0
911,638,68.44,3.0
911,644,102.24,3.0
911,654,133.29,2.0
911,810,160.28,3.0
912,70,135.13,2.0
912,100,126.84,3.0
912,222,92.66,1.0
912,362,177.66,2.0
912,861,188.97,1.0
913,423,221.14,
913,508,201.16,1.0
913,590,153.28,3.0
914,94,85.78,3.0
914,748,232.9,3.0
914,808,,3.0
915,51,106.86,3.0
915,136,64.57,1.0
915,585,178.27,2.0
915,773,148.67,2.0
916,816,171.99,2.0
916,846,95.98,1.0
916,863,183.04,1.0
917,265,245.93,1.0
917,310,157.3,
917,495,,3.0
917,739,196.68,1.0
917,780,73.93,
918,282,,3.0
918,375,216.37,1.0
918,777,176.22,3.0
919,215,152.98,3.0
919,365,153.13,2.0
919,608,220.66,1.0
920,623,,3.0
920,896,,2.0
920,907,121.43,3.0
920,969,231.07,3.0
921,173,65.65,3.0
921,300,173.53,3.0
921,676,141.76,2.0
921,901,142.02,3.0
922,106,140.96,3.0
922,500,136.7,2.0
922,872,159.66,3.0
923,148,241.66,2.0
923,308,117.08,
923,349,138.39,1.0
923,433,242.72,2.0
923,924,196.23,
924,227,234.63,2.0
924,454,155.48,2.0
924,661,83.39,1.0
924,666,109.41,2.0
924,796,213.28,2.0
925,8,63.45,2.0
925,12,114.63,2.0
925,182,204.96,3.0
925,348,203.33,1.0
925,369,83.25,2.0
926,183,,1.0
926,360,125.34,1.0
926,375,216.37,1.0
927,166,192.62,
927,757,228.29,3.0
927,780,73.93,3.0
927,930,,3.0
927,977,63.96,3.0
928,301,236.73,2.0
928,447,83.16,2.0
928,588,151.91,2.0
928,763,68.54,3.0
929,240,189.89,1.0
929,488,80.54,3.0
929,529,69.77,2.0
929,693,117.46,1.0
929,748,232.9,2.0
930,97,83.87,1.0
930,498,174.24,2.0
930,540,162.04,1.0
931,55,238.3,2.0
931,104,173.39,2.0
931,127,108.62,1.0
932,170,105.05,1.0
932,359,196.99,3.0
932,518,232.96,3.0
932,662,175.98,1.0
933,72,143.79,3.0
933,228,110.69,2.0
933,938,92.58,2.0
933,957,117.34,2.0
934,114,164.82,1.0
934,179,174.38,2.0
934,456,199.14,
934,490,134.37,3.0
934,705,91.17,2.0
935,16,196.57,2.0
935,357,77.1,2.0
935,605,138.19,1.0
935,685,231.56,3.0
936,118,62.77,1.0
936,667,124.68,2.0
936,780,73.93,
936,952,245.6,2.0
937,350,61.9,3.0
937,778,149.89,1.0
937,784,112.27,2.0
938,207,88.92,3.0
938,385,78.48,1.0
938,551,162.25,2.0
938,576,227.01,1.0
938,747,241.7,3.0
939,213,206.95,3.0
939,505,120.77,3.0
939,616,,1.0
940,2,80.34,2.0
940,162,76.84,2.0
940,389,135.35,
940,449,80.11,
940,513,234.35,2.0
941,223,83.22,2.0
941,258,67.56,1.0
941,356,144.51,2.0
941,790,125.07,2.0
942,113,102.99,1.0
942,683,143.94,2.0
942,819,57.53,1.0
943,410,70.81,1.0
943,439,226.19,2.0
943,778,149.89,1.0
943,806,146.82,1.0
944,131,157.55,3.0
944,381,56.19,1.0
944,490,134.37,1.0
944,862,160.96,
945,306,196.65,
945,538,232.66,2.0
945,993,83.38,3.0
946,101,141.82,1.0
946,424,246.7,2.0
946,677,239.14,1.0
946,926,64.91,2.0
947,473,196.68,1.0
947,518,232.96,2.0
947,889,132.36,3.0
948,117,85.95,2.0
948,210,208.67,2.0
948,586,241.2,1.0
948,827,172.87,3.0
949,216,87.98,
949,468,72.43,1.0
949,697,77.43,2.0
950,196,82.73,2.0
950,354,85.44,2.0
950,726,122.98,3.0
950,795,127.79,3.0
951,128,94.73,3.0
951,482,129.89,3.0
951,568,217.68,2.0
952,44,93.13,1.0
952,217,78.51,2.0
952,250,184.37,2.0
952,473,196.68,1.0
952,807,198.27,2.0
953,241,69.12,3.0
953,304,208.6,3.0
953,732,247.41,3.0
953,816,171.99,2.0
953,943,173.92,1.0
954,346,96.77,2.0
954,828,80.98,2.0
954,943,173.92,2.0
954,975,187.08,1.0
954,1000,133.67,3.0
955,40,146.27,3.0
955,48,90.11,2.0
955,215,152.98,2.0
955,236,185.64,3.0
955,870,77.14,2.0
956,35,146.61,3.0
956,816,171.99,3.0
956,846,,3.0
957,541,184.84,1.0
957,646,191.41,1.0
957,721,107.84,3.0
957,736,173.14,
957,874,173.76,1.0
958,404,95.37,2.0
958,619,134.73,1.0
958,634,112.99,1.0
959,216,87.98,3.0
959,292,214.47,3.0
959,386,208.73,2.0
960,38,104.28,1.0
960,457,111.71,2.0
960,796,213.28,1.0
961,32,161.45,2.0
961,610,118.1,1.0
961,764,184.08,1.0
962,77,61.77,2.0
962,422,120.82,1.0
962,685,231.56,1.0
962,839,124.12,2.0
962,932,,2.0
963,206,,2.0
963,460,89.74,3.0
963,543,103.79,2.0
963,639,110.99,3.0
963,655,106.97,2.0
964,224,,3.0
964,685,231.56,1.0
964,729,233.18,1.0
965,142,56.89,3.0
965,157,246.43,3.0
965,533,91.11,3.0
965,969,231.07,2.0
966,409,121.46,2.0
966,505,120.77,2.0
966,543,103.79,2.0
966,952,245.6,3.0
967,25,195.55,1.0
967,328,93.55,1.0
967,441,208.41,2.0
968,132,221.69,2.0
968,381,56.19,2.0
968,675,64.53,1.0
968,783,125.75,2.0
969,528,198.95,2.0
969,552,96.49,1.0
969,556,246.31,3.0
969,875,127.14,1.0
970,231,229.82,3.0
970,887,217.22,1.0
970,892,164.04,1.0
971,408,,2.0
971,592,195.71,2.0
971,626,95.95,1.0
972,96,171.87,1.0
972,508,201.16,1.0
972,791,169.28,2.0
972,794,112.71,2.0
973,108,66.24,1.0
973,276,245.17,3.0
973,359,196.99,2.0
973,633,116.68,2.0
973,694,51.93,1.0
974,452,125.45,2.0
974,521,195.86,3.0
974,551,,1.0
974,870,77.14,3.0
975,38,104.28,3.0
975,243,188.05,
975,859,67.61,3.0
976,293,,3.0
976,425,235.7,1.0
976,838,124.38,2.0
977,249,224.27,2.0
977,534,190.45,3.0
977,622,124.39,2.0
977,628,237.6,2.0
977,976,80.22,1.0
978,238,203.38,1.0
978,933,140.94,3.0
978,941,60.5,3.0
979,213,206.95,2.0
979,789,138.29,2.0
979,930,232.52,3.0
980,77,61.77,2.0
980,601,189.18,2.0
980,670,60.76,2.0
981,119,151.13,2.0
981,572,87.01,2.0
981,722,134.69,2.0
981,829,95.21,2.0
981,880,227.92,2.0
982,197,220.79,3.0
982,395,,1.0
982,454,,3.0
982,736,173.14,3.0
982,786,110.34,2.0
983,240,189.89,3.0
983,350,61.9,3.0
983,383,203.93,1.0
984,274,189.78,3.0
984,387,200.4,2.0
984,411,152.22,3.0
984,625,71.81,2.0
984,860,91.93,3.0
985,462,77.21,2.0
985,543,103.79,1.0
985,681,235.72,2.0
986,380,210.24,2.0
986,565,148.85,1.0
986,863,183.04,2.0
986,951,81.4,3.0
987,230,142.07,1.0
987,305,147.13,2.0
987,380,210.24,3.0
987,468,72.43,3.0
987,505,120.77,1.0
988,194,185.69,3.0
988,295,225.4,3.0
988,491,214.4,1.0
989,106,140.96,1.0
989,275,99.56,1.0
989,395,203.83,1.0
990,134,114.43,1.0
990,211,92.17,1.0
990,271,,3.0
990,624,67.8,2.0
990,726,122.98,2.0
991,41,141.64,1.0
991,420,55.79,2.0
991,662,175.98,1.0
991,869,192.32,1.0
992,239,220.93,2.0
992,362,177.66,2.0
992,651,126.72,1.0
992,664,199.35,1.0
992,830,56.52,1.0
993,338,118.52,1.0
993,469,115.23,3.0
993,870,77.14,1.0
994,385,78.48,3.0
994,859,67.61,2.0
994,905,98.14,2.0
995,1,72.66,2.0
995,5,165.12,2.0
995,281,242.32,1.0
995,412,242.29,2.0
996,69,153.27,1.0
996,93,202.8,1.0
996,508,201.16,1.0
996,570,77.81,3.0
996,710,139.0,3.0
997,152,63.89,2.0
997,626,95.95,
997,920,147.21,
998,4,102.01,2.0
998,306,,1.0
998,870,77.14,2.0
999,170,105.05,1.0
999,381,56.19,2.0
999,420,55.79,1.0
1000,189,187.35,3.0
1000,515,200.99,3.0
1000,652,150.27,2.0
1000,851,221.01,3.0
1001,159,170.35,1.0
1001,645,151.87,3.0
1001,775,131.39,1.0
1002,376,,2.0
1002,515,200.99,3.0
1002,690,239.97,1.0
1002,838,,3.0
1002,967,110.73,3.0
1003,73,204.1,1.0
1003,294,237.5,3.0
1003,580,210.06,3.0
1004,157,246.43,1.0
1004,364,217.62,1.0
1004,480,185.48,3.0
1004,600,169.99,1.0
1004,886,76.08,2.0
1005,179,174.38,2.0
1005,257,51.04,2.0
1005,443,244.96,2.0
1005,499,165.93,2.0
1005,788,,2.0
1006,74,172.32,2.0
1006,108,66.24,3.0
1006,296,217.57,1.0
1006,456,199.14,3.0
1006,893,195.69,1.0
1007,277,156.48,1.0
1007,519,180.71,1.0
1007,902,98.7,2.0
1007,977,63.96,
1008,18,66.18,2.0
1008,256,114.14,3.0
1008,351,,3.0
1008,450,148.27,1.0
1008,470,244.46,2.0
1009,125,146.21,3.0
1009,545,128.32,3.0
1009,633,116.68,1.0
1009,651,126.72,1.0
1009,669,230.08,1.0
1010,349,138.39,3.0
1010,370,176.52,3.0
1010,464,191.8,3.0
1010,893,195.69,3.0
1011,55,238.3,1.0
1011,150,213.11,2.0
1011,712,151.86,1.0
1011,869,192.32,1.0
1012,499,165.93,2.0
1012,607,222.02,1.0
1012,751,121.44,3.0
1012,761,78.05,2.0
1013,118,62.77,2.0
1013,293,168.57,2.0
1013,419,183.25,2.0
1013,740,111.83,1.0
1014,176,75.79,2.0
1014,372,145.25,2.0
1014,653,82.55,1.0
1015,118,62.77,3.0
1015,341,125.25,2.0
1015,748,232.9,3.0
1015,808,233.39,1.0
1015,960,244.86,3.0
1016,202,214.72,2.0
1016,331,133.75,1.0
1016,527,157.45,2.0
1017,409,121.46,3.0
1017,483,109.71,3.0
1017,593,97.97,2.0
1018,44,93.13,1.0
1018,179,174.38,2.0
1018,437,224.5,1.0
1018,561,150.52,1.0
1018,983,78.57,3.0
1019,234,194.51,2.0
1019,513,234.35,1.0
1019,586,241.2,2.0
1019,864,104.77,3.0
1019,992,88.48,2.0
1020,495,127.08,1.0
1020,818,78.09,1.0
1020,904,163.76,
1021,61,112.13,
1021,213,206.95,1.0
1021,268,80.87,1.0
1021,442,105.37,2.0
1021,859,67.61,2.0
1022,146,215.92,3.0
1022,357,77.1,3.0
1022,600,169.99,3.0
1023,3,132.41,1.0
1023,107,123.53,3.0
1023,547,186.62,2.0
1023,931,122.11,2.0
1024,7,95.98,1.0
1024,184,,2.0
1024,464,191.8,2.0
1024,716,63.71,1.0
1024,914,108.92,1.0
1025,223,83.22,
1025,472,63.46,1.0
1025,482,129.89,2.0
1025,517,106.05,2.0
1025,726,122.98,1.0
1026,177,131.35,3.0
1026,478,155.47,1.0
1026,794,112.71,2.0
1027,48,90.11,1.0
1027,565,148.85,3.0
1027,698,86.52,3.0
1027,921,156.4,1.0
1028,567,167.33,3.0
1028,710,139.0,1.0
1028,726,,1.0
1028,983,78.57,1.0
1029,226,177.91,2.0
1029,502,146.58,2.0
1029,772,103.65,3.0
1030,80,117.92,1.0
1030,381,56.19,1.0
1030,451,222.6,1.0
1030,688,62.79,2.0
1031,491,214.4,1.0
1031,604,223.98,3.0
1031,948,145.76,3.0
1032,16,196.57,1.0
1032,234,194.51,1.0
1032,364,217.62,3.0
1032,792,237.91,1.0
1032,946,226.43,3.0
1033,353,247.18,3.0
1033,739,196.68,3.0
1033,824,170.3,3.0
1034,85,169.02,3.0
1034,125,146.21,2.0
1034,684,248.13,1.0
1034,892,164.04,2.0
1035,184,218.95,2.0
1035,224,226.21,1.0
1035,335,146.92,2.0
1035,726,122.98,2.0
1035,859,67.61,2.0
1036,59,80.92,3.0
1036,320,57.22,2.0
1036,490,134.37,1.0
1037,31,240.33,1.0
1037,759,239.0,2.0
1037,789,138.29,
1037,912,101.23,2.0
1038,186,233.84,1.0
1038,337,160.66,2.0
1038,712,151.86,2.0
1038,907,121.43,
1039,197,220.79,1.0
1039,210,208.67,3.0
1039,859,67.61,2.0
1039,946,226.43,3.0
1040,22,74.05,1.0
1040,350,61.9,
1040,573,61.97,3.0
1040,776,225.87,3.0
1041,414,184.12,1.0
1041,420,55.79,1.0
1041,676,141.76,2.0
1041,884,107.9,1.0
1042,70,135.13,2.0
1042,137,110.1,3.0
1042,383,203.93,1.0
1042,521,195.86,3.0
1042,647,99.37,3.0
1043,237,115.28,3.0
1043,570,77.81,1.0
1043,771,76.39,2.0
1043,775,131.39,2.0
1043,811,223.59,3.0
1044,246,64.86,1.0
1044,478,,2.0
1044,700,79.91,3.0
1044,901,142.02,2.0
1044,930,232.52,1.0
1045,223,83.22,1.0
1045,256,114.14,3.0
1045,614,174.25,3.0
1045,679,,2.0
1046,593,97.97,2.0
1046,744,231.74,3.0
1046,769,198.25,3.0
1047,181,120.56,3.0
1047,498,174.24,2.0
1047,669,230.08,2.0
1047,720,225.01,3.0
1048,533,,1.0
1048,658,,2.0
1048,679,90.4,2.0
1049,128,94.73,1.0
1049,276,245.17,1.0
1049,693,117.46,1.0
1049,979,205.27,1.0
1050,229,89.49,1.0
1050,257,51.04,1.0
1050,271,80.13,2.0
1051,751,121.44,1.0
1051,777,176.22,2.0
1051,803,182.99,3.0
1052,293,168.57,
1052,625,71.81,3.0
1052,824,170.3,1.0
1053,145,69.03,1.0
1053,672,79.28,1.0
1053,825,100.58,1.0
1054,246,64.86,1.0
1054,665,86.52,2.0
1054,934,84.39,3.0
1055,484,199.61,2.0
1055,529,69.77,2.0
1055,972,143.26,1.0
1056,48,90.11,3.0
1056,162,76.84,1.0
1056,248,124.74,3.0
1056,369,83.25,1.0
1056,765,,2.0
1057,86,192.31,3.0
1057,151,226.05,3.0
1057,198,180.7,3.0
1057,555,187.68,3.0
1057,639,110.99,2.0
1058,392,113.94,1.0
1058,402,101.5,3.0
1058,473,196.68,1.0
1058,488,80.54,3.0
1058,889,132.36,3.0
1059,145,69.03,
1059,384,137.63,2.0
1059,682,103.7,1.0
1059,810,,3.0
1060,319,57.58,2.0
1060,631,183.29,3.0
1060,702,81.84,
1060,886,76.08,3.0
1060,938,92.58,3.0
1061,382,138.74,2.0
1061,494,64.74,2.0
1061,940,87.48,1.0
1062,227,234.63,1.0
1062,382,138.74,1.0
1062,494,64.74,1.0
1062,757,228.29,3.0
1063,271,80.13,3.0
1063,284,191.93,3.0
1063,657,55.71,1.0
1063,929,197.89,3.0
1064,373,160.95,
1064,838,124.38,3.0
1064,887,217.22,3.0
1065,565,148.85,2.0
1065,603,153.0,1.0
1065,826,241.6,1.0
1065,921,156.4,3.0
1065,988,225.45,1.0
1066,238,203.38,3.0
1066,381,56.19,3.0
1066,451,222.6,3.0
1066,841,196.07,2.0
1067,147,177.18,1.0
1067,229,89.49,2.0
1067,232,208.43,
1067,328,93.55,2.0
1067,739,196.68,3.0
1068,320,57.22,3.0
1068,351,155.07,
1068,508,201.16,3.0
1068,690,239.97,
1069,216,87.98,3.0
1069,236,185.64,3.0
1069,309,124.79,3.0
1069,700,79.91,1.0
1069,750,149.73,1.0
1070,70,135.13,3.0
1070,157,246.43,3.0
1070,505,120.77,2.0
1070,734,201.32,2.0
1071,24,247.44,1.0
1071,327,,1.0
1071,536,162.12,2.0
1071,848,58.97,2.0
1072,19,146.71,1.0
1072,22,74.05,1.0
1072,270,,3.0
1072,522,210.27,1.0
1073,409,121.46,2.0
1073,573,61.97,2.0
1073,704,50.64,2.0
1073,713,120.97,2.0
1074,34,62.0,3.0
1074,59,80.92,2.0
1074,338,118.52,3.0
1074,997,75.45,2.0
1075,793,202.22,1.0
1075,798,80.05,1.0
1075,960,244.86,3.0
1076,45,170.78,3.0
1076,63,141.12,2.0
1076,725,226.28,3.0
1076,744,231.74,2.0
1077,244,204.28,1.0
1077,377,52.08,1.0
1077,555,187.68,1.0
1077,878,50.82,2.0
1078,251,60.23,3.0
1078,342,91.83,2.0
1078,421,66.61,2.0
1078,673,,2.0
1079,57,140.97,1.0
1079,63,141.12,2.0
1079,314,186.8,2.0
1079,446,203.34,1.0
1079,966,,3.0
1080,98,246.81,1.0
1080,548,216.83,3.0
1080,817,216.7,2.0
1080,974,55.39,2.0
1080,977,,1.0
1081,94,85.78,3.0
1081,503,51.95,2.0
1081,574,118.2,3.0
1081,881,150.03,2.0
1081,937,164.51,1.0
1082,656,168.41,3.0
1082,783,,2.0
1082,815,75.93,3.0
1082,845,225.55,3.0
1083,20,237.34,3.0
1083,164,91.14,3.0
1083,409,121.46,3.0
1083,504,208.11,1.0
1084,121,152.74,1.0
1084,473,196.68,3.0
1084,669,,1.0
1085,89,81.47,
1085,218,215.86,2.0
1085,842,107.24,3.0
1086,175,150.13,2.0
1086,276,245.17,1.0
1086,594,196.51,3.0
1086,792,237.91,2.0
1087,202,214.72,2.0
1087,546,145.42,3.0
1087,633,116.68,1.0
1088,367,192.22,2.0
1088,448,91.2,
1088,856,233.37,2.0
1088,869,192.32,2.0
1088,957,117.34,3.0
1089,98,246.81,
1089,254,129.75,2.0
1089,366,106.38,2.0
1089,404,95.37,1.0
1090,26,181.39,2.0
1090,174,141.85,1.0
1090,341,125.25,2.0
1090,910,142.16,2.0
1091,384,137.63,1.0
1091,482,129.89,1.0
1091,745,180.42,3.0
1091,937,,2.0
1092,82,95.97,3.0
1092,337,,3.0
1092,944,77.61,2.0
1092,972,143.26,1.0
1093,393,,3.0
1093,417,224.94,3.0
1093,567,167.33,3.0
1093,593,97.97,1.0
1094,303,134.23,2.0
1094,328,93.55,2.0
1094,468,72.43,1.0
1095,10,62.55,2.0
1095,94,85.78,3.0
1095,149,209.72,3.0
1095,208,57.13,2.0
1095,793,202.22,3.0
1096,205,56.5,1.0
1096,223,83.22,1.0
1096,380,210.24,2.0
1096,660,185.42,3.0
1096,790,125.07,2.0
1097,82,95.97,2.0
1097,115,178.84,2.0
1097,116,247.88,3.0
1097,522,210.27,2.0
1097,816,171.99,1.0
1098,32,161.45,2.0
1098,240,189.89,1.0
1098,829,95.21,1.0
1099,775,131.39,3.0
1099,814,160.37,2.0
1099,893,195.69,3.0
1100,104,,2.0
1100,637,56.45,3.0
1100,651,126.72,2.0
1100,693,,3.0
1100,937,164.51,3.0
1101,395,203.83,3.0
1101,413,207.64,1.0
1101,575,124.4,3.0
1101,591,61.38,1.0
1101,807,198.27,3.0
1102,235,239.95,
1102,428,174.0,1.0
1102,744,231.74,1.0
1103,507,226.65,3.0
1103,642,157.65,3.0
1103,704,50.64,1.0
1104,396,195.67,2.0
1104,590,153.28,3.0
1104,877,202.64,3.0
1105,109,120.8,1.0
1105,141,140.89,
1105,584,245.83,1.0
1105,738,185.7,2.0
1105,986,94.04,1.0
1106,19,146.71,1.0
1106,529,69.77,3.0
1106,759,239.0,3.0
1106,805,159.55,2.0
1106,855,146.69,
1107,389,135.35,
1107,562,205.86,1.0
1107,613,163.05,
1107,808,233.39,2.0
1107,819,57.53,3.0
1108,79,182.33,3.0
1108,158,118.43,2.0
1108,313,223.73,2.0
1108,570,77.81,1.0
1108,632,218.24,
1109,164,91.14,2.0
1109,482,129.89,1.0
1109,803,,2.0
1109,966,206.2,2.0
1110,5,165.12,3.0
1110,10,62.55,
1110,32,161.45,3.0
1110,171,201.72,1.0
1110,339,52.62,1.0
1111,372,145.25,2.0
1111,678,201.53,
1111,944,,1.0
1112,403,99.71,3.0
1112,697,77.43,
1112,843,218.71,
1113,1,,3.0
1113,239,220.93,3.0
1113,277,156.48,1.0
1113,769,198.25,1.0
1113,819,57.53,3.0
1114,232,208.43,3.0
1114,331,,2.0
1114,467,176.42,2.0
1114,525,201.26,1.0
1114,907,121.43,2.0
1115,43,116.23,1.0
1115,194,185.69,3.0
1115,327,149.0,
1115,610,118.1,3.0
1116,334,175.68,1.0
1116,622,124.39,1.0
1116,669,230.08,3.0
1116,746,98.77,3.0
1116,894,88.22,1.0
1117,195,153.66,2.0
1117,293,168.57,2.0
1117,438,131.49,1.0
1117,563,105.31,3.0
1118,35,146.61,1.0
1118,643,98.94,1.0
1118,879,107.5,3.0
1118,987,182.97,3.0
1119,531,51.53,2.0
1119,639,110.99,2.0
1119,705,91.17,1.0
1119,797,220.47,2.0
1120,255,248.35,1.0
1120,484,,1.0
1120,914,108.92,1.0
1120,951,81.4,2.0
1121,380,210.24,
1121,498,174.24,1.0
1121,509,94.66,1.0
1121,645,151.87,2.0
1121,946,226.43,1.0
1122,11,114.72,1.0
1122,58,231.34,3.0
1122,454,155.48,3.0
1122,810,160.28,2.0
1122,858,219.38,2.0
1123,88,183.78,2.0
1123,263,93.74,1.0
1123,590,153.28,2.0
1123,628,237.6,3.0
1123,698,86.52,2.0
1124,90,180.87,
1124,507,226.65,3.0
1124,636,198.75,3.0
1124,692,101.01,1.0
1124,940,87.48,1.0
1125,140,174.01,1.0
1125,233,243.92,1.0
1125,273,216.8,3.0
1126,183,126.36,1.0
1126,256,114.14,3.0
1126,377,52.08,2.0
1126,469,115.23,1.0
1126,535,167.78,1.0
1127,9,214.61,2.0
1127,168,62.42,2.0
1127,222,92.66,2.0
1128,105,232.06,2.0
1128,137,110.1,3.0
1128,196,82.73,2.0
1128,334,175.68,2.0
1129,98,246.81,2.0
1129,135,81.29,3.0
1129,459,94.26,1.0
1129,479,160.63,3.0
1129,754,219.81,2.0
1130,15,62.94,2.0
1130,480,185.48,3.0
1130,792,237.91,1.0
1130,932,189.85,3.0
1131,29,62.51,3.0
1131,411,,1.0
1131,817,216.7,2.0
1131,837,249.04,1.0
1132,94,85.78,3.0
1132,489,65.95,2.0
1132,645,151.87,2.0
1133,377,52.08,1.0
1133,492,218.49,1.0
1133,523,229.28,2.0
1133,602,86.81,1.0
1133,840,135.48,3.0
1134,124,139.26,2.0
1134,658,165.29,
1134,939,113.97,2.0
1134,944,77.61,1.0
1135,205,56.5,1.0
1135,254,129.75,3.0
1135,451,222.6,2.0
1135,569,160.56,3.0
1135,902,98.7,3.0
1136,319,57.58,1.0
1136,505,120.77,
1136,623,118.18,1.0
1136,658,165.29,3.0
1136,785,249.16,1.0
1137,24,247.44,2.0
1137,119,151.13,1.0
1137,309,124.79,1.0
1137,321,129.7,3.0
1137,994,59.99,3.0
1138,45,170.78,1.0
1138,185,134.78,2.0
1138,221,142.79,2.0
1138,246,64.86,3.0
1138,423,221.14,
1139,4,102.01,2.0
1139,288,101.72,1.0
1139,514,247.43,1.0
1139,660,185.42,3.0
1140,221,142.79,2.0
1140,354,85.44,3.0
1140,695,77.45,
1140,733,188.04,1.0
1140,873,148.67,2.0
1141,127,108.62,2.0
1141,889,132.36,2.0
1141,912,101.23,2.0
1142,278,100.46,1.0
1142,342,91.83,
1142,656,168.41,3.0
1143,481,115.71,1.0
1143,742,153.3,3.0
1143,849,54.69,2.0
1144,132,221.69,2.0
1144,190,99.3,2.0
1144,266,,1.0
1144,798,80.05,2.0
1145,42,226.48,1.0
1145,632,218.24,2.0
1145,674,155.82,2.0
1145,827,172.87,2.0
1146,450,148.27,3.0
1146,597,208.18,2.0
1146,758,83.48,2.0
1146,858,219.38,1.0
1147,41,141.64,3.0
1147,45,170.78,2.0
1147,278,100.46,3.0
1147,401,227.82,3.0
1148,132,221.69,2.0
1148,165,69.55,1.0
1148,646,191.41,1.0
1149,186,233.84,1.0
1149,286,159.85,1.0
1149,891,,1.0
1150,155,116.62,1.0
1150,275,99.56,1.0
1150,289,128.11,3.0
1150,893,195.69,3.0
1151,176,75.79,3.0
1151,214,67.39,1.0
1151,320,57.22,2.0
1151,882,191.38,2.0
1151,954,,1.0
1152,67,55.29,1.0
1152,305,147.13,1.0
1152,417,224.94,3.0
1152,530,215.96,2.0
1152,846,95.98,2.0
1153,479,160.63,3.0
1153,933,140.94,2.0
1153,981,60.43,1.0
1154,522,210.27,1.0
1154,593,97.97,1.0
1154,931,122.11,1.0
1155,742,153.3,2.0
1155,786,,3.0
1155,950,209.25,
1156,533,91.11,2.0
1156,775,131.39,3.0
1156,974,55.39,1.0
1157,63,141.12,3.0
1157,805,159.55,3.0
1157,931,122.11,1.0
1158,8,63.45,2.0
1158,84,225.47,1.0
1158,326,173.51,2.0
1158,749,74.3,2.0
1158,765,189.72,1.0
1159,318,68.99,3.0
1159,399,166.38,
1159,907,,2.0
1159,981,60.43,3.0
1160,543,103.79,3.0
1160,546,145.42,3.0
1160,775,,1.0
1161,165,69.55,3.0
1161,200,230.67,1.0
1161,211,92.17,2.0
1161,333,184.45,3.0
1161,739,196.68,3.0
1162,195,153.66,2.0
1162,625,71.81,
1162,811,223.59,1.0
1162,820,51.21,1.0
1163,457,111.71,1.0
1163,787,164.1,3.0
1163,944,77.61,3.0
1164,373,160.95,3.0
1164,407,174.05,1.0
1164,737,127.14,3.0
1165,566,122.7,3.0
1165,753,54.32,1.0
1165,979,205.27,3.0
1166,218,215.86,3.0
1166,473,,2.0
1166,553,128.85,1.0
1166,722,134.69,3.0
1167,111,209.87,1.0
1167,324,231.64,2.0
1167,753,54.32,1.0
1167,765,189.72,1.0
1168,11,,1.0
1168,188,105.53,1.0
1168,908,146.12,3.0
1169,83,125.49,3.0
1169,207,88.92,1.0
1169,499,,2.0
1169,627,160.87,1.0
1169,893,195.69,2.0
1170,37,65.77,2.0
1170,408,100.88,
1170,748,232.9,1.0
1170,750,149.73,2.0
1171,278,100.46,2.0
1171,600,169.99,2.0
1171,745,180.42,1.0
1171,959,239.53,1.0
1172,24,247.44,
1172,538,232.66,1.0
1172,601,189.18,2.0
1173,67,55.29,3.0
1173,510,133.23,3.0
1173,596,195.79,1.0
1173,838,124.38,2.0
1173,899,199.38,1.0
1174,253,211.86,3.0
1174,620,137.63,3.0
1174,653,82.55,3.0
1174,654,133.29,3.0
1174,854,155.1,2.0
1175,226,177.91,3.0
1175,361,82.42,2.0
1175,993,83.38,
1176,454,,3.0
1176,495,127.08,3.0
1176,511,219.43,3.0
1176,788,213.43,1.0
1176,975,187.08,1.0
1177,540,162.04,3.0
1177,541,184.84,3.0
1177,846,95.98,1.0
1177,878,50.82,2.0
1178,196,82.73,2.0
1178,216,87.98,2.0
1178,406,192.02,2.0
1178,701,209.76,3.0
1179,182,204.96,2.0
1179,318,68.99,2.0
1179,394,191.95,1.0
1179,413,207.64,2.0
1179,628,237.6,2.0
1180,129,200.64,2.0
1180,185,134.78,2.0
1180,454,155.48,1.0
1180,550,83.71,3.0
1180,586,241.2,3.0
1181,222,,2.0
1181,778,149.89,1.0
1181,974,55.39,3.0
1182,316,159.68,1.0
1182,434,199.38,2.0
1182,641,59.05,2.0
1182,743,,1.0
1182,983,78.57,2.0
1183,309,124.79,1.0
1183,651,,3.0
1183,698,86.52,3.0
1184,526,217.47,
1184,586,241.2,2.0
1184,625,71.81,1.0
1184,998,168.56,1.0
1185,153,92.66,3.0
1185,211,92.17,2.0
1185,538,232.66,1.0
1186,111,209.87,3.0
1186,170,105.05,2.0
1186,571,179.32,2.0
1186,637,,1.0
1187,728,246.11,2.0
1187,732,247.41,1.0
1187,797,220.47,3.0
1187,887,217.22,1.0
1188,313,223.73,2.0
1188,467,176.42,3.0
1188,474,224.08,3.0
1188,891,87.61,2.0
1189,627,160.87,1.0
1189,804,232.19,1.0
1189,807,198.27,2.0
1190,469,115.23,3.0
1190,522,,2.0
1190,822,132.13,
1190,895,187.0,2.0
1190,949,248.37,1.0
1191,42,226.48,3.0
1191,123,79.64,3.0
1191,747,241.7,1.0
1192,2,80.34,2.0
1192,383,203.93,1.0
1192,449,80.11,1.0
1192,782,158.46,1.0
1192,971,103.93,3.0
1193,307,197.91,3.0
1193,325,149.23,1.0
1193,439,226.19,3.0
1193,516,113.3,3.0
1193,656,168.41,3.0
1194,98,246.81,1.0
1194,134,114.43,3.0
1194,342,91.83,3.0
1194,709,92.58,3.0
1194,712,151.86,3.0
1195,19,146.71,3.0
1195,56,162.42,3.0
1195,187,125.22,2.0
1195,950,209.25,3.0
1195,980,211.03,3.0
1196,163,193.4,3.0
1196,420,55.79,3.0
1196,445,232.1,3.0
1196,517,106.05,1.0
1196,863,183.04,1.0
1197,356,144.51,2.0
1197,395,203.83,2.0
1197,538,232.66,1.0
1197,616,178.66,2.0
1197,832,119.16,1.0
1198,284,191.93,1.0
1198,584,245.83,3.0
1198,787,164.1,2.0
1199,18,66.18,2.0
1199,529,69.77,1.0
1199,893,195.69,2.0
1200,102,,3.0
1200,510,133.23,1.0
1200,698,86.52,3.0
1200,790,125.07,3.0
1201,244,204.28,2.0
1201,292,214.47,2.0
1201,580,210.06,2.0
1201,678,201.53,1.0
1201,849,54.69,1.0
1202,132,221.69,1.0
1202,282,216.11,2.0
1202,798,80.05,2.0
1203,259,57.05,2.0
1203,709,92.58,3.0
1203,760,226.3,2.0
1203,921,156.4,3.0
1204,385,78.48,1.0
1204,948,145.76,2.0
1204,974,55.39,2.0
1205,109,120.8,3.0
1205,328,93.55,3.0
1205,485,52.72,1.0
1205,945,115.38,2.0
1206,140,174.01,
1206,636,198.75,2.0
1206,875,127.14,2.0
1206,912,101.23,3.0
1206,996,196.78,3.0
1207,445,232.1,3.0
1207,463,198.51,2.0
1207,844,133.38,2.0
1207,898,208.88,1.0
1207,939,113.97,2.0
1208,395,203.83,2.0
1208,511,219.43,1.0
1208,824,170.3,2.0
1209,398,118.83,3.0
1209,578,67.16,3.0
1209,745,180.42,3.0
1209,850,232.72,1.0
1210,314,186.8,1.0
1210,379,148.21,3.0
1210,642,157.65,2.0
1210,877,,1.0
1210,966,206.2,1.0
1211,63,141.12,1.0
1211,90,180.87,1.0
1211,323,170.98,2.0
1211,780,73.93,2.0
1211,818,78.09,2.0
1212,168,62.42,1.0
1212,546,145.42,1.0
1212,694,51.93,2.0
1213,261,71.6,3.0
1213,623,118.18,1.0
1213,788,213.43,3.0
1213,789,138.29,1.0
1213,977,63.96,1.0
1214,84,225.47,2.0
1214,268,,3.0
1214,303,134.23,2.0
1214,615,85.81,1.0
1215,19,146.71,1.0
1215,153,92.66,3.0
1215,529,69.77,1.0
1215,694,51.93,3.0
1216,87,150.25,3.0
1216,305,147.13,2.0
1216,660,185.42,3.0
1216,742,153.3,3.0
1217,249,224.27,2.0
1217,269,81.71,1.0
1217,332,129.36,2.0
1217,540,162.04,2.0
1217,605,138.19,3.0
1218,173,65.65,1.0
1218,939,113.97,2.0
1218,941,60.5,2.0
1219,228,110.69,3.0
1219,466,220.25,3.0
1219,635,132.03,1.0
1219,722,134.69,1.0
1220,49,237.53,1.0
1220,183,126.36,2.0
1220,299,70.27,1.0
1220,786,110.34,2.0
1221,117,85.95,3.0
1221,132,,2.0
1221,404,95.37,3.0
1221,467,176.42,3.0
1221,489,,3.0
1222,416,141.33,1.0
1222,755,198.93,1.0
1222,976,80.22,2.0
1223,201,50.2,3.0
1223,290,168.98,3.0
1223,618,208.82,2.0
1223,719,53.18,3.0
1223,810,160.28,2.0
1224,44,93.13,3.0
1224,118,62.77,3.0
1224,687,176.38,
1224,704,50.64,1.0
1224,757,228.29,2.0
1225,153,,2.0
1225,353,247.18,3.0
1225,558,235.51,3.0
1225,889,132.36,2.0
1225,958,198.75,3.0
1226,425,235.7,3.0
1226,485,52.72,3.0
1226,569,160.56,1.0
1226,811,223.59,1.0
1227,409,121.46,1.0
1227,455,235.33,2.0
1227,557,,1.0
1227,595,56.33,1.0
1227,853,151.97,1.0
1228,43,116.23,1.0
1228,510,133.23,2.0
1228,867,92.12,2.0
1228,970,54.56,2.0
1229,726,122.98,2.0
1229,966,206.2,3.0
1229,976,80.22,1.0
1230,495,127.08,1.0
1230,756,133.58,1.0
1230,852,239.79,1.0
1230,857,60.36,2.0
1231,240,189.89,1.0
1231,584,245.83,2.0
1231,603,153.0,1.0
1231,663,130.57,3.0
1232,121,152.74,3.0
1232,205,56.5,3.0
1232,331,133.75,3.0
1232,929,197.89,2.0
1233,19,146.71,1.0
1233,599,227.54,1.0
1233,870,77.14,3.0
1233,894,88.22,1.0
1233,900,247.74,2.0
1234,81,223.52,3.0
1234,240,189.89,3.0
1234,539,,3.0
1234,630,160.61,2.0
1234,844,133.38,1.0
1235,12,114.63,3.0
1235,87,150.25,1.0
1235,121,152.74,1.0
1235,312,57.94,2.0
1235,409,121.46,2.0
1236,198,180.7,2.0
1236,572,87.01,3.0
1236,813,246.86,2.0
1237,491,214.4,1.0
1237,538,232.66,3.0
1237,561,150.52,3.0
1238,282,216.11,1.0
1238,385,78.48,2.0
1238,493,173.08,2.0
1239,170,105.05,
1239,366,106.38,1.0
1239,777,176.22,3.0
1240,49,237.53,2.0
1240,383,203.93,3.0
1240,650,65.51,3.0
1240,863,183.04,2.0
1240,876,227.05,2.0
1241,47,95.83,1.0
1241,201,50.2,2.0
1241,376,152.57,1.0
1241,532,70.73,2.0
1242,65,160.5,3.0
1242,156,204.33,3.0
1242,185,134.78,2.0
1242,407,174.05,3.0
1243,183,126.36,2.0
1243,354,85.44,2.0
1243,881,150.03,1.0
1243,890,177.49,
1243,1000,133.67,2.0
1244,336,229.24,3.0
1244,804,232.19,1.0
1244,809,66.18,2.0
1244,871,243.22,2.0
1245,9,214.61,2.0
1245,313,223.73,1.0
1245,764,184.08,2.0
1246,157,246.43,3.0
1246,271,80.13,2.0
1246,742,153.3,1.0
1246,915,239.01,2.0
1247,225,58.78,2.0
1247,600,169.99,2.0
1247,786,110.34,2.0
1248,317,132.96,2.0
1248,529,69.77,2.0
1248,916,233.11,3.0
1248,964,106.28,2.0
1249,91,176.48,1.0
1249,751,121.44,2.0
1249,786,110.34,3.0
1249,953,61.07,1.0
1250,173,65.65,2.0
1250,372,145.25,2.0
1250,586,241.2,3.0
1250,899,199.38,3.0
1251,174,141.85,3.0
1251,681,235.72,1.0
1251,688,62.79,2.0
1252,148,241.66,1.0
1252,255,248.35,2.0
1252,745,180.42,3.0
1252,761,78.05,1.0
1252,990,76.1,3.0
1253,75,154.27,2.0
1253,167,56.81,3.0
1253,904,163.76,2.0
1253,931,122.11,3.0
1254,8,63.45,2.0
1254,180,136.21,3.0
1254,477,245.15,2.0
1254,652,150.27,2.0
1255,241,69.12,1.0
1255,423,221.14,3.0
1255,543,103.79,1.0
1255,640,97.33,1.0
1255,818,78.09,2.0
1256,619,134.73,2.0
1256,649,160.83,3.0
1256,785,249.16,3.0
1256,850,232.72,2.0
1257,69,153.27,1.0
1257,192,62.03,2.0
1257,426,227.24,1.0
1257,625,71.81,1.0
1257,969,231.07,3.0
1258,286,159.85,1.0
1258,569,160.56,3.0
1258,650,65.51,3.0
1258,815,75.93,1.0
1259,125,146.21,3.0
1259,270,127.17,1.0
1259,399,166.38,2.0
1259,704,50.64,1.0
1259,770,215.18,1.0
1260,6,72.5,3.0
1260,72,143.79,1.0
1260,456,,3.0
1260,991,,1.0
1261,106,140.96,3.0
1261,126,139.84,2.0
1261,522,210.27,1.0
1262,218,215.86,2.0
1262,345,168.81,3.0
1262,407,174.05,2.0
1262,541,184.84,3.0
1262,774,226.25,2.0
1263,111,209.87,1.0
1263,342,91.83,2.0
1263,615,85.81,1.0
1263,798,80.05,2.0
1264,17,128.61,3.0
1264,91,176.48,2.0
1264,100,126.84,1.0
1264,843,218.71,3.0
1265,144,111.9,3.0
1265,282,216.11,1.0
1265,555,187.68,2.0
1266,20,237.34,
1266,416,141.33,2.0
1266,782,158.46,2.0
1266,798,80.05,
1267,100,126.84,1.0
1267,267,119.48,3.0
1267,895,187.0,
1268,313,223.73,1.0
1268,420,55.79,3.0
1268,444,,2.0
1268,741,90.08,1.0
1268,779,92.97,2.0
1269,445,,3.0
1269,510,133.23,3.0
1269,758,83.48,3.0
1269,852,239.79,1.0
1269,882,191.38,2.0
1270,120,183.66,3.0
1270,333,184.45,3.0
1270,822,132.13,2.0
1270,926,64.91,1.0
1271,275,99.56,3.0
1271,400,186.19,1.0
1271,611,177.27,3.0
1271,677,239.14,3.0
1271,787,164.1,2.0
1272,275,99.56,1.0
1272,420,55.79,2.0
1272,509,94.66,2.0
1272,600,169.99,3.0
1272,790,125.07,3.0
1273,107,123.53,2.0
1273,141,140.89,1.0
1273,235,239.95,1.0
1273,672,79.28,1.0
1274,144,111.9,1.0
1274,545,,3.0
1274,958,198.75,1.0
1275,867,92.12,1.0
1275,869,192.32,2.0
1275,870,77.14,3.0
1276,249,224.27,2.0
1276,354,85.44,3.0
1276,556,246.31,1.0
1276,722,134.69,3.0
1276,954,104.74,2.0
1277,268,80.87,1.0
1277,371,51.0,1.0
1277,449,80.11,2.0
1277,520,,2.0
1277,666,109.41,2.0
1278,374,86.56,1.0
1278,649,160.83,3.0
1278,654,133.29,3.0
1278,661,83.39,2.0
1279,3,132.41,1.0
1279,595,56.33,1.0
1279,750,149.73,3.0
1279,963,220.36,1.0
1280,748,232.9,2.0
1280,856,233.37,
1280,938,92.58,1.0
1280,968,166.73,3.0
1281,309,124.79,1.0
1281,450,148.27,1.0
1281,901,142.02,1.0
1282,86,192.31,1.0
1282,307,197.91,
1282,403,99.71,3.0
1282,537,220.97,1.0
1282,620,137.63,3.0
1283,642,157.65,2.0
1283,723,176.43,3.0
1283,830,56.52,3.0
1284,258,67.56,2.0
1284,450,148.27,3.0
1284,642,157.65,2.0
1284,675,64.53,1.0
1285,427,113.76,2.0
1285,458,243.84,3.0
1285,462,77.21,3.0
1285,608,220.66,3.0
1285,869,192.32,1.0
1286,182,204.96,3.0
1286,413,207.64,1.0
1286,606,79.36,2.0
1286,870,77.14,1.0
1287,351,,1.0
1287,817,216.7,
1287,922,246.25,2.0
1288,213,206.95,3.0
1288,332,129.36,3.0
1288,506,201.97,3.0
1288,511,219.43,1.0
1288,816,171.99,2.0
1289,134,114.43,3.0
1289,245,136.11,1.0
1289,845,225.55,3.0
1290,180,136.21,2.0
1290,240,189.89,3.0
1290,497,175.73,3.0
1290,724,53.44,1.0
1290,907,121.43,2.0
1291,69,153.27,1.0
1291,137,110.1,1.0
1291,200,230.67,3.0
1291,556,246.31,1.0
1291,697,77.43,1.0
1292,502,146.58,1.0
1292,802,158.8,3.0
1292,807,198.27,2.0
1293,1,72.66,2.0
1293,356,144.51,2.0
1293,505,120.77,3.0
1293,748,232.9,1.0
1293,899,199.38,3.0
1294,109,120.8,3.0
1294,635,132.03,2.0
1294,823,243.4,3.0
1295,123,79.64,2.0
1295,414,184.12,3.0
1295,527,157.45,3.0
1295,640,97.33,1.0
1295,665,86.52,1.0
1296,45,170.78,3.0
1296,668,88.59,2.0
1296,806,146.82,3.0
1297,10,62.55,3.0
1297,168,62.42,3.0
1297,382,138.74,1.0
1298,41,141.64,2.0
1298,418,104.84,1.0
1298,421,66.61,1.0
1298,527,157.45,
1298,568,217.68,2.0
1299,73,204.1,1.0
1299,823,243.4,1.0
1299,861,188.97,2.0
1300,709,92.58,2.0
1300,831,208.58,2.0
1300,898,208.88,2.0
1301,26,181.39,2.0
1301,430,88.19,3.0
1301,721,107.84,2.0
1301,800,76.15,1.0
1302,7,95.98,3.0
1302,135,81.29,1.0
1302,658,165.29,1.0
1303,182,204.96,2.0
1303,337,160.66,3.0
1303,548,216.83,1.0
1303,786,110.34,2.0
1304,166,192.62,3.0
1304,333,184.45,1.0
1304,380,210.24,1.0
1304,502,146.58,
1304,935,98.57,1.0
1305,565,148.85,3.0
1305,899,199.38,3.0
1305,907,121.43,3.0
1306,8,63.45,3.0
1306,11,114.72,3.0
1306,47,95.83,2.0
1306,447,83.16,3.0
1306,699,230.12,2.0
1307,21,184.17,2.0
1307,239,220.93,
1307,500,136.7,2.0
1307,503,51.95,3.0
1308,119,151.13,3.0
1308,156,204.33,2.0
1308,196,82.73,1.0
1308,390,82.52,2.0
1308,649,160.83,2.0
1309,161,109.19,2.0
1309,364,217.62,1.0
1309,544,244.85,1.0
1309,922,246.25,2.0
1310,15,,2.0
1310,188,105.53,3.0
1310,551,162.25,2.0
1310,718,153.46,2.0
1310,799,138.29,1.0
1311,72,143.79,2.0
1311,121,152.74,3.0
1311,517,106.05,3.0
1311,972,143.26,
1312,191,226.32,3.0
1312,490,134.37,1.0
1312,559,164.08,2.0
1312,593,97.97,2.0
1312,893,195.69,1.0
1313,256,114.14,1.0
1313,815,75.93,2.0
1313,846,95.98,1.0
1313,899,199.38,3.0
1314,341,125.25,2.0
1314,614,174.25,3.0
1314,793,202.22,1.0
1314,974,55.39,2.0
1315,100,126.84,1.0
1315,277,156.48,1.0
1315,348,203.33,2.0
1315,401,227.82,2.0
1315,605,,2.0
1316,260,87.94,2.0
1316,769,198.25,3.0
1316,839,124.12,2.0
1317,70,135.13,3.0
1317,146,215.92,2.0
1317,567,167.33,2.0
1318,161,109.19,1.0
1318,254,129.75,1.0
1318,342,91.83,1.0
1318,530,215.96,1.0
1318,861,188.97,2.0
1319,261,71.6,3.0
1319,849,54.69,1.0
1319,884,,2.0
1320,688,62.79,2.0
1320,749,74.3,1.0
1320,863,183.04,3.0
1320,923,149.87,3.0
1321,167,56.81,2.0
1321,400,186.19,2.0
1321,596,195.79,3.0
1322,56,162.42,1.0
1322,428,174.0,2.0
1322,715,180.14,2.0
1323,410,70.81,3.0
1323,416,141.33,2.0
1323,650,65.51,3.0
1323,738,185.7,2.0
1323,978,218.51,2.0
1324,18,66.18,2.0
1324,77,61.77,2.0
1324,117,85.95,2.0
1324,739,196.68,2.0
1325,170,105.05,2.0
1325,184,218.95,3.0
1325,238,203.38,1.0
1325,457,111.71,3.0
1325,958,198.75,1.0
1326,250,184.37,3.0
1326,333,184.45,2.0
1326,350,61.9,2.0
1326,994,59.99,2.0
1327,16,196.57,2.0
1327,571,179.32,2.0
1327,666,109.41,2.0
1327,771,76.39,2.0
1327,965,239.42,3.0
1328,479,160.63,1.0
1328,701,209.76,3.0
1328,799,138.29,1.0
1329,297,146.37,1.0
1329,463,198.51,2.0
1329,475,227.5,2.0
1329,594,196.51,1.0
1329,667,124.68,3.0
1330,38,104.28,1.0
1330,235,239.95,3.0
1330,555,187.68,1.0
1331,19,146.71,1.0
1331,762,133.63,2.0
1331,782,158.46,3.0
1332,473,196.68,1.0
1332,580,210.06,2.0
1332,919,169.1,3.0
1333,399,166.38,1.0
1333,444,,1.0
1333,622,124.39,3.0
1334,84,225.47,2.0
1334,560,124.85,1.0
1334,826,241.6,
1335,69,153.27,1.0
1335,424,246.7,2.0
1335,759,239.0,3.0
1335,799,138.29,2.0
1335,916,233.11,3.0
1336,41,141.64,1.0
1336,669,230.08,2.0
1336,843,218.71,2.0
1337,338,118.52,3.0
1337,485,52.72,1.0
1337,657,55.71,3.0
1337,681,235.72,
1337,823,243.4,2.0
1338,24,247.44,2.0
1338,154,146.97,3.0
1338,161,109.19,2.0
1338,262,,2.0
1338,537,220.97,1.0
1339,225,58.78,3.0
1339,283,124.19,1.0
1339,804,232.19,1.0
1340,229,89.49,2.0
1340,678,201.53,
1340,694,51.93,3.0
1340,824,170.3,2.0
1341,76,90.52,1.0
1341,445,232.1,2.0
1341,601,189.18,2.0
1342,255,248.35,
1342,425,235.7,1.0
1342,638,68.44,3.0
1342,828,80.98,
1342,830,56.52,2.0
1343,174,141.85,3.0
1343,177,,3.0
1343,321,129.7,1.0
1343,994,59.99,2.0
1344,40,146.27,2.0
1344,161,109.19,2.0
1344,396,195.67,
1344,464,191.8,1.0
1345,13,236.18,3.0
1345,114,,1.0
1345,211,92.17,
1345,340,67.14,1.0
1345,702,81.84,2.0
1346,63,141.12,3.0
1346,529,69.77,3.0
1346,568,217.68,1.0
1346,942,,1.0
1347,384,137.63,3.0
1347,524,67.52,1.0
1347,839,124.12,2.0
1348,129,200.64,1.0
1348,307,197.91,3.0
1348,797,220.47,2.0
1349,339,52.62,3.0
1349,649,160.83,3.0
1349,651,126.72,3.0
1349,713,120.97,3.0
1350,542,,2.0
1350,774,226.25,2.0
1350,910,142.16,1.0
1351,681,235.72,1.0
1351,735,,3.0
1351,743,,1.0
1351,911,,2.0
1352,85,169.02,1.0
1352,961,79.78,1.0
1352,976,80.22,1.0
1353,21,184.17,1.0
1353,379,148.21,2.0
1353,718,153.46,3.0
1353,818,78.09,3.0
1354,381,56.19,2.0
1354,620,137.63,3.0
1354,639,110.99,2.0
1354,657,55.71,1.0
1355,149,209.72,3.0
1355,235,239.95,2.0
1355,486,172.25,2.0
1355,645,151.87,3.0
1355,893,195.69,3.0
1356,195,153.66,3.0
1356,381,56.19,2.0
1356,481,115.71,2.0
1356,886,76.08,3.0
1357,204,124.94,3.0
1357,454,155.48,3.0
1357,516,113.3,1.0
1357,548,216.83,1.0
1357,964,106.28,1.0
1358,8,63.45,3.0
1358,51,106.86,3.0
1358,868,,1.0
1358,991,204.99,1.0
1359,156,204.33,3.0
1359,365,153.13,1.0
1359,619,134.73,1.0
1359,826,241.6,3.0
1360,6,72.5,1.0
1360,75,154.27,2.0
1360,585,178.27,3.0
1360,608,,3.0
1360,838,124.38,3.0
1361,74,172.32,1.0
1361,237,115.28,3.0
1361,695,77.45,2.0
1361,875,127.14,1.0
1362,148,241.66,2.0
1362,359,196.99,3.0
1362,508,201.16,1.0
1362,742,153.3,1.0
1363,8,63.45,3.0
1363,465,230.21,2.0
1363,523,229.28,2.0
1363,834,127.56,3.0
1363,928,235.84,1.0
1364,634,112.99,1.0
1364,648,230.35,3.0
1364,953,61.07,1.0
1365,78,166.26,1.0
1365,572,87.01,2.0
1365,769,198.25,2.0
1365,796,213.28,2.0
1366,21,184.17,3.0
1366,244,204.28,3.0
1366,361,82.42,3.0
1366,879,107.5,3.0
1367,161,109.19,2.0
1367,510,133.23,3.0
1367,828,80.98,1.0
1367,870,77.14,1.0
1367,982,,1.0
1368,160,97.07,1.0
1368,368,209.82,3.0
1368,972,143.26,1.0
1369,199,121.89,1.0
1369,541,184.84,1.0
1369,937,164.51,1.0
1370,24,247.44,2.0
1370,162,76.84,2.0
1370,270,127.17,3.0
1370,335,146.92,2.0
1370,948,145.76,1.0
1371,58,231.34,1.0
1371,80,117.92,2.0
1371,471,189.72,2.0
1371,719,,3.0
1371,981,60.43,2.0
1372,12,114.63,2.0
1372,343,70.29,3.0
1372,418,104.84,1.0
1372,656,168.41,2.0
1372,805,159.55,3.0
1373,276,245.17,2.0
1373,320,,3.0
1373,434,199.38,1.0
1373,865,150.88,2.0
1373,884,107.9,
1374,467,176.42,1.0
1374,763,68.54,1.0
1374,797,220.47,3.0
1374,848,58.97,1.0
1375,55,238.3,1.0
1375,123,79.64,3.0
1375,250,184.37,1.0
1375,903,64.48,2.0
1376,45,170.78,2.0
1376,92,168.26,1.0
1376,314,,1.0
1377,60,71.49,3.0
1377,361,82.42,3.0
1377,390,82.52,3.0
1377,779,92.97,3.0
1377,976,80.22,1.0
1378,210,208.67,3.0
1378,245,136.11,2.0
1378,377,52.08,1.0
1378,826,241.6,3.0
1379,322,245.9,2.0
1379,479,160.63,1.0
1379,629,195.26,
1380,249,224.27,1.0
1380,691,166.4,
1380,857,60.36,2.0
1380,980,211.03,2.0
1381,242,142.14,3.0
1381,611,177.27,3.0
1381,856,233.37,1.0
1381,934,84.39,3.0
1382,55,238.3,2.0
1382,185,134.78,3.0
1382,561,150.52,1.0
1382,839,124.12,2.0
1383,106,140.96,1.0
1383,251,60.23,3.0
1383,367,192.22,3.0
1383,484,199.61,
1383,613,,3.0
1384,583,150.9,2.0
1384,607,222.02,3.0
1384,743,180.58,2.0
1385,203,202.04,1.0
1385,410,70.81,3.0
1385,655,,1.0
1385,692,101.01,1.0
1385,802,158.8,3.0
1386,75,154.27,2.0
1386,223,83.22,1.0
1386,621,189.73,2.0
1387,293,168.57,1.0
1387,773,148.67,3.0
1387,816,171.99,1.0
1387,843,,2.0
1387,872,159.66,2.0
1388,224,226.21,2.0
1388,339,52.62,2.0
1388,501,125.53,2.0
1388,912,101.23,2.0
1388,980,211.03,3.0
1389,152,63.89,2.0
1389,198,180.7,2.0
1389,501,125.53,1.0
1389,588,151.91,2.0
1389,894,88.22,2.0
1390,410,70.81,2.0
1390,472,63.46,3.0
1390,661,83.39,3.0
1390,678,,2.0
1390,852,239.79,2.0
1391,577,61.76,3.0
1391,770,215.18,1.0
1391,899,199.38,1.0
1392,157,246.43,1.0
1392,297,146.37,1.0
1392,616,178.66,
1392,738,185.7,1.0
1392,753,54.32,2.0
1393,566,122.7,3.0
1393,636,198.75,2.0
1393,828,,3.0
1393,833,189.81,1.0
1394,52,147.19,3.0
1394,603,153.0,2.0
1394,761,78.05,2.0
1394,769,198.25,2.0
1394,839,124.12,2.0
1395,496,145.41,3.0
1395,621,189.73,1.0
1395,772,103.65,3.0
1395,776,225.87,1.0
1395,969,231.07,2.0
1396,447,83.16,2.0
1396,711,187.54,1.0
1396,715,,1.0
1396,909,203.1,3.0
1396,969,231.07,2.0
1397,247,207.42,2.0
1397,273,216.8,2.0
1397,609,205.56,1.0
1397,711,187.54,2.0
1397,726,122.98,2.0
1398,155,116.62,
1398,389,135.35,3.0
1398,879,107.5,2.0
1399,59,80.92,3.0
1399,455,235.33,3.0
1399,624,67.8,1.0
1399,771,76.39,2.0
1400,76,90.52,3.0
1400,222,92.66,2.0
1400,711,187.54,3.0
1401,275,99.56,2.0
1401,379,148.21,2.0
1401,639,,1.0
1402,144,111.9,3.0
1402,562,205.86,1.0
1402,698,,3.0
1403,156,204.33,3.0
1403,226,177.91,3.0
1403,273,216.8,2.0
1403,621,189.73,2.0
1403,689,132.29,3.0
1404,649,160.83,2.0
1404,707,212.57,1.0
1404,917,87.21,2.0
1405,360,125.34,2.0
1405,449,80.11,2.0
1405,513,234.35,3.0
1405,756,133.58,2.0
1406,76,90.52,2.0
1406,86,192.31,3.0
1406,130,121.41,3.0
1406,762,,1.0
1407,303,134.23,3.0
1407,326,173.51,3.0
1407,645,151.87,2.0
1407,729,233.18,1.0
1408,144,111.9,2.0
1408,304,208.6,2.0
1408,332,129.36,2.0
1408,545,128.32,
1408,1000,133.67,2.0
1409,241,69.12,1.0
1409,638,68.44,1.0
1409,840,,3.0
1409,977,63.96,3.0
1410,80,117.92,3.0
1410,83,125.49,2.0
1410,963,220.36,
1411,96,171.87,3.0
1411,176,75.79,1.0
1411,702,81.84,3.0
1412,140,174.01,3.0
1412,151,226.05,
1412,276,245.17,1.0
1412,632,218.24,3.0
1412,757,228.29,2.0
1413,229,,3.0
1413,485,52.72,2.0
1413,569,160.56,2.0
1413,649,160.83,1.0
1414,144,111.9,1.0
1414,640,,3.0
1414,844,133.38,2.0
1415,533,91.11,2.0
1415,912,101.23,
1415,981,60.43,2.0
1416,122,69.72,3.0
1416,329,137.31,2.0
1416,542,229.25,3.0
1416,1000,133.67,1.0
1417,222,92.66,1.0
1417,501,125.53,3.0
1417,825,100.58,
1417,993,83.38,2.0
1418,113,,3.0
1418,700,79.91,1.0
1418,728,246.11,3.0
1419,251,60.23,3.0
1419,399,166.38,1.0
1419,704,50.64,1.0
1419,837,249.04,1.0
1419,862,160.96,1.0
1420,17,128.61,2.0
1420,20,237.34,3.0
1420,518,232.96,2.0
1420,679,90.4,
1420,819,57.53,2.0
1421,98,,1.0
1421,214,67.39,2.0
1421,430,88.19,3.0
1421,817,216.7,
1422,219,237.76,
1422,340,67.14,3.0
1422,513,234.35,2.0
1422,911,112.85,1.0
1422,918,216.21,3.0
1423,254,129.75,3.0
1423,485,52.72,3.0
1423,788,213.43,1.0
1423,947,201.85,2.0
1424,416,141.33,2.0
1424,725,226.28,3.0
1424,876,227.05,3.0
1424,891,87.61,3.0
1425,134,114.43,2.0
1425,147,177.18,1.0
1425,268,80.87,3.0
1426,281,,3.0
1426,289,128.11,2.0
1426,321,129.7,2.0
1426,796,213.28,1.0
1426,986,94.04,3.0
1427,68,206.01,3.0
1427,199,121.89,3.0
1427,634,112.99,1.0
1427,647,99.37,1.0
1427,803,182.99,2.0
1428,234,194.51,3.0
1428,451,222.6,2.0
1428,555,187.68,1.0
1429,496,145.41,3.0
1429,645,151.87,2.0
1429,842,107.24,2.0
1429,946,226.43,1.0
1430,385,78.48,3.0
1430,623,118.18,1.0
1430,637,56.45,3.0
1430,978,218.51,2.0
1431,200,230.67,3.0
1431,319,57.58,3.0
1431,322,245.9,2.0
1431,554,228.02,2.0
1431,706,124.5,2.0
1432,193,,3.0
1432,591,61.38,1.0
1432,844,133.38,3.0
1432,908,146.12,3.0
1433,10,62.55,2.0
1433,151,226.05,2.0
1433,521,195.86,3.0
1433,551,162.25,1.0
1433,561,150.52,1.0
1434,85,169.02,1.0
1434,327,149.0,2.0
1434,483,109.71,1.0
1435,331,133.75,2.0
1435,427,113.76,2.0
1435,825,100.58,2.0
1436,306,196.65,3.0
1436,360,125.34,1.0
1436,407,174.05,1.0
1436,480,185.48,2.0
1436,684,248.13,1.0
1437,316,159.68,1.0
1437,477,245.15,3.0
1437,802,158.8,2.0
1437,850,232.72,3.0
1437,908,146.12,3.0
1438,84,225.47,3.0
1438,280,190.85,1.0
1438,818,78.09,2.0
1439,187,125.22,2.0
1439,827,172.87,2.0
1439,872,159.66,3.0
1439,983,78.57,1.0
1440,359,196.99,1.0
1440,657,55.71,1.0
1440,766,249.63,1.0
1440,961,79.78,3.0
1441,779,92.97,1.0
1441,932,,1.0
1441,950,,3.0
1442,59,80.92,3.0
1442,749,74.3,3.0
1442,778,149.89,3.0
1443,466,220.25,1.0
1443,469,115.23,3.0
1443,496,145.41,2.0
1443,730,167.65,3.0
1444,252,195.57,1.0
1444,260,87.94,1.0
1444,548,216.83,2.0
1445,156,204.33,3.0
1445,391,185.14,
1445,480,185.48,3.0
1445,559,164.08,3.0
1446,588,151.91,2.0
1446,730,167.65,3.0
1446,832,119.16,1.0
1447,128,94.73,3.0
1447,199,121.89,1.0
1447,635,132.03,3.0
1448,39,200.01,1.0
1448,783,125.75,3.0
1448,803,182.99,1.0
1448,826,241.6,1.0
1449,137,110.1,2.0
1449,189,187.35,2.0
1449,233,243.92,1.0
1449,576,227.01,3.0
1449,614,174.25,1.0
1450,124,,3.0
1450,414,184.12,3.0
1450,563,105.31,1.0
1450,801,207.59,2.0
1450,813,246.86,1.0
1451,168,62.42,2.0
1451,199,121.89,
1451,269,81.71,2.0
1452,120,,3.0
1452,298,69.9,3.0
1452,543,103.79,1.0
1452,650,65.51,3.0
1453,265,245.93,1.0
1453,295,225.4,2.0
1453,832,119.16,3.0
1454,87,150.25,1.0
1454,174,141.85,1.0
1454,256,114.14,3.0
1454,314,186.8,2.0
1454,422,120.82,3.0
1455,147,,3.0
1455,217,78.51,
1455,275,99.56,3.0
1455,500,136.7,3.0
1455,592,195.71,2.0
1456,48,,1.0
1456,338,118.52,2.0
1456,460,89.74,3.0
1456,631,183.29,1.0
1457,651,126.72,2.0
1457,842,107.24,1.0
1457,879,107.5,2.0
1458,103,67.22,1.0
1458,358,134.49,3.0
1458,435,249.48,2.0
1458,958,198.75,1.0
1459,255,248.35,3.0
1459,462,77.21,3.0
1459,868,163.34,3.0
1459,894,88.22,2.0
1459,974,55.39,1.0
1460,31,240.33,1.0
1460,401,227.82,
1460,778,149.89,1.0
1461,192,62.03,3.0
1461,296,217.57,3.0
1461,590,153.28,2.0
1461,704,50.64,1.0
1461,885,65.26,3.0
1462,62,84.49,3.0
1462,135,81.29,1.0
1462,367,,1.0
1462,386,208.73,2.0
1462,408,100.88,2.0
1463,394,191.95,2.0
1463,467,176.42,2.0
1463,610,118.1,3.0
1463,678,201.53,
1464,215,152.98,2.0
1464,284,191.93,2.0
1464,553,128.85,3.0
1464,795,127.79,2.0
1465,121,152.74,1.0
1465,359,196.99,1.0
1465,836,244.73,1.0
1465,882,,1.0
1465,891,87.61,1.0
1466,232,208.43,3.0
1466,524,67.52,3.0
1466,576,227.01,1.0
1466,814,160.37,2.0
1466,950,209.25,2.0
1467,363,87.53,3.0
1467,690,239.97,2.0
1467,743,180.58,1.0
1468,167,56.81,3.0
1468,520,171.69,3.0
1468,571,179.32,3.0
1468,630,160.61,3.0
1469,46,83.22,3.0
1469,96,171.87,2.0
1469,164,,3.0
1469,657,55.71,1.0
1469,889,132.36,
1470,50,121.44,1.0
1470,464,191.8,1.0
1470,660,185.42,2.0
1471,229,89.49,2.0
1471,301,236.73,2.0
1471,349,138.39,1.0
1472,7,95.98,3.0
1472,741,90.08,
1472,988,225.45,3.0
1473,277,156.48,1.0
1473,360,125.34,2.0
1473,715,180.14,3.0
1473,726,122.98,2.0
1474,576,227.01,1.0
1474,619,134.73,1.0
1474,653,82.55,3.0
1474,831,208.58,3.0
1475,74,172.32,
1475,219,237.76,2.0
1475,268,80.87,1.0
1475,402,101.5,2.0
1475,772,103.65,1.0
1476,151,226.05,3.0
1476,835,163.93,2.0
1476,845,225.55,3.0
1477,158,118.43,2.0
1477,171,201.72,
1477,666,109.41,1.0
1478,81,223.52,2.0
1478,209,151.17,1.0
1478,309,124.79,3.0
1478,473,196.68,3.0
1478,875,127.14,2.0
1479,307,197.91,2.0
1479,582,195.63,1.0
1479,709,92.58,2.0
1479,754,,3.0
1480,377,52.08,1.0
1480,399,,3.0
1480,575,124.4,3.0
1481,14,238.51,3.0
1481,76,90.52,2.0
1481,77,61.77,1.0
1481,738,185.7,2.0
1482,243,188.05,2.0
1482,247,207.42,1.0
1482,381,56.19,1.0
1483,196,82.73,2.0
1483,200,230.67,1.0
1483,299,70.27,3.0
1483,420,55.79,1.0
1483,447,83.16,3.0
1484,351,155.07,1.0
1484,370,176.52,3.0
1484,580,210.06,2.0
1484,627,160.87,3.0
1485,220,168.73,2.0
1485,286,159.85,1.0
1485,334,175.68,1.0
1485,524,67.52,2.0
1486,194,185.69,1.0
1486,359,196.99,2.0
1486,818,78.09,1.0
1486,857,60.36,3.0
1487,359,196.99,2.0
1487,367,192.22,2.0
1487,481,115.71,3.0
1487,484,199.61,1.0
1487,937,,1.0
1488,15,62.94,2.0
1488,45,170.78,3.0
1488,125,,3.0
1488,243,188.05,2.0
1488,413,207.64,3.0
1489,31,240.33,3.0
1489,195,153.66,3.0
1489,205,56.5,2.0
1489,222,92.66,1.0
1489,888,80.36,3.0
1490,95,222.28,1.0
1490,527,157.45,3.0
1490,920,147.21,
1491,2,80.34,2.0
1491,83,125.49,3.0
1491,707,212.57,3.0
1491,712,151.86,2.0
1491,916,233.11,2.0
1492,440,200.17,1.0
1492,542,229.25,1.0
1492,638,68.44,2.0
1492,810,160.28,3.0
1493,72,143.79,3.0
1493,212,219.1,3.0
1493,597,208.18,1.0
1493,671,204.75,3.0
1493,702,81.84,2.0
1494,93,202.8,1.0
1494,273,216.8,3.0
1494,936,157.52,1.0
1495,47,95.83,1.0
1495,496,145.41,2.0
1495,802,158.8,2.0
1495,911,112.85,3.0
1496,136,64.57,1.0
1496,575,124.4,3.0
1496,994,,1.0
1497,360,125.34,2.0
1497,790,125.07,2.0
1497,950,209.25,3.0
1498,209,151.17,1.0
1498,250,184.37,2.0
1498,784,112.27,1.0
1499,53,60.45,3.0
1499,246,64.86,2.0
1499,551,162.25,1.0
1499,755,198.93,1.0
1500,58,231.34,2.0
1500,657,55.71,2.0
1500,878,50.82,1.0
1500,999,,3.0
1501,86,192.31,2.0
1501,326,,1.0
1501,494,64.74,2.0
1501,970,54.56,3.0
1502,36,197.14,1.0
1502,188,,2.0
1502,403,99.71,2.0
1502,762,133.63,1.0
1503,549,87.59,3.0
1503,653,82.55,3.0
1503,657,55.71,1.0
1503,668,88.59,3.0
1504,274,,2.0
1504,486,172.25,3.0
1504,535,167.78,1.0
1505,116,247.88,3.0
1505,198,180.7,3.0
1505,498,174.24,3.0
1505,600,169.99,3.0
1505,885,65.26,1.0
1506,47,95.83,3.0
1506,424,246.7,3.0
1506,829,95.21,2.0
1507,51,106.86,1.0
1507,219,237.76,2.0
1507,924,196.23,1.0
1508,9,214.61,2.0
1508,604,223.98,3.0
1508,865,150.88,2.0
1509,89,81.47,2.0
1509,439,226.19,2.0
1509,709,92.58,2.0
1509,743,180.58,3.0
1510,14,238.51,3.0
1510,32,161.45,3.0
1510,276,245.17,1.0
1510,278,100.46,3.0
1510,805,159.55,2.0
1511,56,162.42,2.0
1511,345,168.81,3.0
1511,414,184.12,2.0
1511,611,177.27,3.0
1512,248,124.74,3.0
1512,559,164.08,3.0
1512,590,,1.0
1512,712,151.86,1.0
1513,331,133.75,1.0
1513,690,239.97,2.0
1513,768,230.68,1.0
1513,879,107.5,1.0
1513,958,198.75,2.0
1514,431,208.24,1.0
1514,527,157.45,3.0
1514,568,217.68,1.0
1514,891,87.61,2.0
1515,312,57.94,1.0
1515,531,51.53,3.0
1515,735,237.3,1.0
1515,757,228.29,3.0
1515,940,87.48,3.0
1516,253,211.86,3.0
1516,341,125.25,1.0
1516,453,152.15,
1516,986,,3.0
1516,989,218.85,2.0
1517,671,204.75,3.0
1517,731,207.18,2.0
1517,954,104.74,3.0
1518,64,,1.0
1518,129,200.64,2.0
1518,558,235.51,1.0
1518,941,60.5,2.0
1518,945,115.38,1.0
1519,91,176.48,
1519,291,181.87,1.0
1519,817,216.7,1.0
1519,861,188.97,3.0
1520,381,56.19,1.0
1520,504,208.11,3.0
1520,711,187.54,3.0
1520,869,192.32,1.0
1520,921,156.4,1.0
1521,358,134.49,3.0
1521,463,198.51,3.0
1521,735,237.3,2.0
1521,975,187.08,2.0
1521,985,154.3,3.0
1522,70,135.13,3.0
1522,383,203.93,3.0
1522,734,201.32,1.0
1522,821,119.15,3.0
1522,856,233.37,1.0
1523,124,139.26,1.0
1523,255,248.35,3.0
1523,627,160.87,3.0
1524,71,86.5,3.0
1524,191,226.32,2.0
1524,830,56.52,2.0
1524,986,94.04,1.0
1525,291,181.87,2.0
1525,505,120.77,2.0
1525,630,160.61,2.0
1526,63,141.12,1.0
1526,130,121.41,1.0
1526,252,195.57,2.0
1526,671,204.75,2.0
1526,983,78.57,3.0
1527,476,164.01,1.0
1527,648,230.35,2.0
1527,735,237.3,3.0
1527,880,227.92,3.0
1527,996,,3.0
1528,311,160.61,2.0
1528,403,99.71,3.0
1528,978,218.51,2.0
1529,519,180.71,
1529,523,229.28,2.0
1529,671,204.75,2.0
1529,782,158.46,3.0
1529,833,189.81,2.0
1530,56,162.42,2.0
1530,93,202.8,1.0
1530,316,159.68,2.0
1531,85,169.02,3.0
1531,334,175.68,1.0
1531,433,,2.0
1531,703,171.58,2.0
1531,845,225.55,3.0
1532,12,114.63,3.0
1532,259,57.05,2.0
1532,467,176.42,3.0
1533,437,224.5,2.0
1533,502,146.58,3.0
1533,553,128.85,3.0
1533,563,105.31,2.0
1533,815,75.93,3.0
1534,421,66.61,
1534,506,201.97,3.0
1534,632,218.24,3.0
1534,891,87.61,3.0
1535,343,70.29,3.0
1535,425,235.7,2.0
1535,463,198.51,3.0
1535,892,164.04,2.0
1536,82,95.97,2.0
1536,293,168.57,1.0
1536,393,188.3,3.0
1536,752,,3.0
1536,983,,1.0
1537,423,221.14,2.0
1537,449,80.11,2.0
1537,995,113.27,1.0
1538,328,93.55,
1538,492,218.49,3.0
1538,918,216.21,1.0
1539,57,140.97,2.0
1539,216,87.98,3.0
1539,298,69.9,1.0
1539,645,151.87,1.0
1539,929,197.89,2.0
1540,46,83.22,2.0
1540,773,148.67,
1540,967,110.73,1.0
1541,424,246.7,3.0
1541,794,112.71,1.0
1541,957,117.34,2.0
1542,133,240.19,1.0
1542,135,81.29,2.0
1542,413,207.64,2.0
1543,515,200.99,2.0
1543,593,97.97,3.0
1543,888,80.36,2.0
1543,966,206.2,1.0
1544,89,81.47,3.0
1544,252,195.57,2.0
1544,362,177.66,
1544,390,82.52,3.0
1544,821,119.15,2.0
1545,48,90.11,1.0
1545,245,136.11,3.0
1545,466,220.25,1.0
1545,535,167.78,2.0
1545,936,157.52,2.0
1546,493,173.08,1.0
1546,728,246.11,1.0
1546,954,104.74,1.0
1547,246,64.86,1.0
1547,487,141.3,1.0
1547,919,169.1,2.0
1548,230,142.07,1.0
1548,333,184.45,2.0
1548,667,124.68,2.0
1548,964,106.28,2.0
1549,72,143.79,1.0
1549,595,56.33,2.0
1549,612,152.96,1.0
1549,658,165.29,1.0
1550,9,214.61,3.0
1550,282,216.11,2.0
1550,298,69.9,2.0
1550,705,91.17,3.0
1550,807,,1.0
1551,44,93.13,1.0
1551,101,141.82,2.0
1551,405,70.71,3.0
1551,449,80.11,2.0
1551,770,215.18,1.0
1552,331,133.75,3.0
1552,336,229.24,3.0
1552,963,220.36,1.0
1553,148,241.66,1.0
1553,254,129.75,1.0
1553,261,71.6,3.0
1553,440,200.17,1.0
1553,702,81.84,2.0
1554,623,118.18,1.0
1554,834,127.56,1.0
1554,960,244.86,1.0
1554,964,106.28,3.0
1555,191,226.32,
1555,244,204.28,1.0
1555,719,53.18,2.0
1555,756,133.58,2.0
1555,950,209.25,1.0
1556,392,113.94,3.0
1556,667,124.68,2.0
1556,937,164.51,2.0
1556,977,63.96,2.0
1557,849,54.69,3.0
1557,855,146.69,2.0
1557,958,198.75,1.0
1558,246,,2.0
1558,288,101.72,
1558,667,124.68,1.0
1559,10,62.55,3.0
1559,319,57.58,3.0
1559,362,177.66,1.0
1560,404,95.37,1.0
1560,673,71.97,2.0
1560,837,249.04,
1560,883,133.41,3.0
1561,95,222.28,2.0
1561,101,141.82,3.0
1561,800,76.15,3.0
1562,84,225.47,2.0
1562,156,204.33,3.0
1562,229,89.49,1.0
1562,784,112.27,1.0
1562,851,221.01,3.0
1563,128,94.73,3.0
1563,158,118.43,1.0
1563,431,208.24,2.0
1563,543,103.79,2.0
1563,969,231.07,2.0
1564,169,116.7,1.0
1564,333,184.45,3.0
1564,446,203.34,3.0
1564,509,94.66,2.0
1564,891,87.61,
1565,467,176.42,1.0
1565,526,217.47,3.0
1565,707,212.57,2.0
1566,328,93.55,3.0
1566,481,115.71,2.0
1566,693,117.46,3.0
1566,927,195.53,1.0
1567,17,128.61,
1567,459,94.26,1.0
1567,470,244.46,3.0
1567,843,,3.0
1568,2,80.34,1.0
1568,21,184.17,1.0
1568,328,93.55,1.0
1568,412,242.29,2.0
1568,473,196.68,3.0
1569,10,62.55,1.0
1569,165,69.55,2.0
1569,379,148.21,2.0
1569,410,70.81,3.0
1570,131,157.55,2.0
1570,667,124.68,
1570,831,208.58,2.0
1570,987,182.97,1.0
1571,49,237.53,1.0
1571,211,92.17,3.0
1571,314,186.8,2.0
1571,365,153.13,2.0
1571,515,,1.0
1572,98,246.81,1.0
1572,494,64.74,1.0
1572,621,,2.0
1572,679,90.4,3.0
1572,865,150.88,1.0
1573,41,141.64,2.0
1573,257,51.04,3.0
1573,320,57.22,1.0
1574,252,195.57,1.0
1574,257,51.04,2.0
1574,322,245.9,3.0
1574,502,146.58,1.0
1574,818,78.09,2.0
1575,215,152.98,2.0
1575,217,78.51,2.0
1575,228,110.69,3.0
1576,26,181.39,2.0
1576,41,141.64,2.0
1576,256,114.14,1.0
1576,675,64.53,3.0
1577,64,183.33,1.0
1577,207,88.92,3.0
1577,231,229.82,3.0
1577,742,153.3,1.0
1577,988,225.45,3.0
1578,26,181.39,1.0
1578,328,93.55,1.0
1578,650,,3.0
1578,780,73.93,2.0
1578,991,204.99,3.0
1579,519,180.71,2.0
1579,694,,2.0
1579,732,247.41,
1579,754,,2.0
1580,310,157.3,1.0
1580,756,133.58,3.0
1580,886,76.08,3.0
1580,932,189.85,
1581,243,188.05,3.0
1581,255,248.35,2.0
1581,586,241.2,3.0
1581,726,122.98,3.0
1581,739,196.68,2.0
1582,414,184.12,1.0
1582,477,245.15,3.0
1582,522,210.27,1.0
1582,760,226.3,3.0
1582,912,,2.0
1583,287,109.88,1.0
1583,570,77.81,2.0
1583,743,180.58,
1583,935,98.57,2.0
1584,156,204.33,3.0
1584,161,109.19,3.0
1584,723,176.43,3.0
1584,890,177.49,3.0
1585,24,247.44,
1585,298,69.9,1.0
1585,462,77.21,2.0
1585,807,198.27,2.0
1586,19,146.71,3.0
1586,410,70.81,3.0
1586,803,182.99,2.0
1586,857,60.36,2.0
1587,39,200.01,2.0
1587,54,84.5,1.0
1587,284,191.93,3.0
1587,718,153.46,1.0
1587,911,112.85,1.0
1588,264,227.0,3.0
1588,378,148.58,3.0
1588,565,148.85,3.0
1588,626,95.95,3.0
1588,635,132.03,3.0
1589,219,,2.0
1589,693,117.46,3.0
1589,771,76.39,2.0
1590,56,162.42,1.0
1590,728,246.11,3.0
1590,826,241.6,2.0
1590,889,132.36,3.0
1590,992,88.48,2.0
1591,216,87.98,3.0
1591,412,242.29,3.0
1591,528,198.95,3.0
1591,833,189.81,1.0
1592,2,80.34,1.0
1592,362,,1.0
1592,853,151.97,1.0
1592,921,156.4,3.0
1592,989,218.85,1.0
1593,224,226.21,1.0
1593,434,199.38,3.0
1593,696,231.65,1.0
1593,905,98.14,2.0
1594,747,241.7,
1594,856,233.37,2.0
1594,956,212.49,2.0
1595,760,226.3,3.0
1595,762,133.63,2.0
1595,845,225.55,2.0
1596,113,102.99,3.0
1596,187,125.22,1.0
1596,424,246.7,1.0
1596,439,226.19,
1596,706,124.5,2.0
1597,60,71.49,1.0
1597,185,134.78,3.0
1597,554,228.02,3.0
1597,702,,3.0
1597,728,246.11,3.0
1598,84,225.47,
1598,278,100.46,2.0
1598,401,227.82,1.0
1598,522,210.27,2.0
1598,954,104.74,3.0
1599,71,86.5,1.0
1599,367,,1.0
1599,401,227.82,3.0
1599,554,228.02,3.0
1599,824,170.3,3.0
1600,25,195.55,3.0
1600,74,172.32,2.0
1600,747,241.7,3.0
1600,862,160.96,3.0
1601,64,183.33,2.0
1601,261,71.6,3.0
1601,370,176.52,3.0
1601,510,133.23,1.0
1601,763,68.54,
1602,195,153.66,3.0
1602,206,148.94,3.0
1602,260,87.94,1.0
1602,308,117.08,2.0
1602,448,91.2,1.0
1603,11,,1.0
1603,48,90.11,1.0
1603,553,128.85,2.0
1604,113,102.99,2.0
1604,225,58.78,1.0
1604,548,216.83,2.0
1604,760,226.3,1.0
1605,348,203.33,
1605,359,196.99,3.0
1605,666,109.41,
1606,42,226.48,1.0
1606,901,,3.0
1606,942,167.61,1.0
1607,321,129.7,1.0
1607,412,242.29,2.0
1607,804,232.19,3.0
1608,164,91.14,2.0
1608,334,175.68,1.0
1608,612,152.96,2.0
1609,276,245.17,3.0
1609,411,152.22,1.0
1609,494,64.74,1.0
1609,962,158.95,2.0
1610,95,222.28,2.0
1610,467,,1.0
1610,481,115.71,1.0
1611,30,207.25,1.0
1611,111,209.87,
1611,406,192.02,1.0
1612,2,80.34,1.0
1612,314,186.8,1.0
1612,347,136.1,2.0
1612,354,85.44,1.0
1612,636,198.75,1.0
1613,31,240.33,2.0
1613,427,113.76,1.0
1613,507,226.65,2.0
1613,733,188.04,1.0
1613,867,92.12,1.0
1614,156,204.33,2.0
1614,668,88.59,2.0
1614,937,164.51,3.0
1615,152,63.89,1.0
1615,527,157.45,2.0
1615,875,127.14,1.0
1616,129,200.64,2.0
1616,186,233.84,3.0
1616,423,221.14,2.0
1616,672,79.28,3.0
1616,822,132.13,3.0
1617,347,136.1,3.0
1617,634,112.99,3.0
1618,319,57.58,3.0
1618,470,244.46,3.0
1618,617,70.77,2.0
1619,208,57.13,1.0
1619,216,87.98,2.0
1619,578,67.16,1.0
1620,265,245.93,1.0
1620,657,55.71,1.0
1620,803,182.99,1.0
1621,358,134.49,2.0
1621,442,,3.0
1621,625,71.81,3.0
1621,649,160.83,1.0
1621,672,79.28,1.0
1622,194,185.69,3.0
1622,258,67.56,1.0
1622,438,131.49,1.0
1622,447,83.16,3.0
1623,190,99.3,3.0
1623,443,,2.0
1623,832,119.16,1.0
1623,916,233.11,3.0
1623,996,196.78,3.0
1624,349,138.39,1.0
1624,604,223.98,1.0
1624,613,163.05,1.0
1625,197,220.79,2.0
1625,423,221.14,2.0
1625,882,191.38,1.0
1626,81,223.52,2.0
1626,506,201.97,3.0
1626,579,202.8,1.0
1627,172,103.8,1.0
1627,402,101.5,2.0
1627,852,239.79,3.0
1628,73,,1.0
1628,283,124.19,3.0
1628,312,57.94,1.0
1629,561,,2.0
1629,768,230.68,3.0
1629,859,67.61,1.0
1629,940,87.48,2.0
1630,20,237.34,1.0
1630,99,224.99,3.0
1630,149,,2.0
1630,704,50.64,1.0
1631,108,66.24,1.0
1631,960,244.86,1.0
1631,988,225.45,1.0
1632,7,95.98,3.0
1632,24,247.44,3.0
1632,383,203.93,2.0
1632,434,199.38,3.0
1633,73,204.1,1.0
1633,91,176.48,1.0
1633,391,185.14,1.0
1633,441,208.41,3.0
1633,937,164.51,2.0
1634,254,129.75,1.0
1634,273,216.8,3.0
1634,371,51.0,3.0
1634,864,104.77,3.0
1635,28,96.21,2.0
1635,54,84.5,3.0
1635,221,142.79,2.0
1635,651,126.72,3.0
1635,740,111.83,1.0
1636,480,185.48,2.0
1636,757,228.29,1.0
1636,837,249.04,1.0
1637,189,187.35,3.0
1637,199,121.89,1.0
1637,238,203.38,1.0
1637,431,208.24,1.0
1638,422,120.82,
1638,451,222.6,3.0
1638,624,67.8,3.0
1638,670,60.76,2.0
1638,918,216.21,2.0
1639,411,152.22,1.0
1639,462,77.21,3.0
1639,580,210.06,1.0
1639,697,77.43,2.0
1639,988,225.45,3.0
1640,71,86.5,1.0
1640,393,188.3,2.0
1640,515,200.99,2.0
1640,781,181.2,3.0
1641,152,63.89,
1641,155,116.62,1.0
1641,342,91.83,2.0
1641,498,174.24,3.0
1641,810,,1.0
1642,12,114.63,3.0
1642,238,203.38,
1642,518,232.96,
1643,204,124.94,2.0
1643,589,62.33,3.0
1643,743,180.58,2.0
1644,141,140.89,1.0
1644,225,58.78,3.0
1644,780,73.93,1.0
1645,410,70.81,2.0
1645,527,,3.0
1645,644,102.24,3.0
1645,907,121.43,3.0
1646,122,69.72,2.0
1646,153,92.66,1.0
1646,176,75.79,3.0
1646,183,126.36,1.0
1646,316,159.68,2.0
1647,334,175.68,3.0
1647,472,63.46,2.0
1647,521,195.86,1.0
1647,763,,3.0
1647,856,,3.0
1648,229,89.49,3.0
1648,239,220.93,1.0
1648,779,92.97,2.0
1649,211,92.17,2.0
1649,535,167.78,3.0
1649,727,148.9,1.0
1649,753,,3.0
1649,901,142.02,1.0
1650,390,82.52,2.0
1650,405,70.71,1.0
1650,472,63.46,1.0
1650,759,239.0,1.0
1651,143,72.98,2.0
1651,432,56.08,2.0
1651,819,57.53,3.0
1652,224,226.21,1.0
1652,251,60.23,
1652,362,177.66,2.0
1653,144,111.9,3.0
1653,289,128.11,1.0
1653,355,140.68,2.0
1654,455,235.33,2.0
1654,531,51.53,1.0
1654,715,180.14,3.0
1654,805,159.55,3.0
1654,931,122.11,3.0
1655,531,51.53,2.0
1655,784,112.27,1.0
1655,863,183.04,1.0
1656,143,72.98,2.0
1656,233,243.92,2.0
1656,383,203.93,1.0
1656,689,132.29,2.0
1657,119,151.13,
1657,169,116.7,3.0
1657,937,164.51,3.0
1658,64,183.33,3.0
1658,250,184.37,1.0
1658,455,235.33,3.0
1658,533,91.11,1.0
1658,968,166.73,2.0
1659,73,204.1,1.0
1659,450,148.27,1.0
1659,839,124.12,1.0
1660,23,203.41,1.0
1660,151,226.05,2.0
1660,570,77.81,2.0
1660,752,208.54,1.0
1661,406,192.02,1.0
1661,465,230.21,
1661,546,145.42,1.0
1661,996,196.78,3.0
1662,10,62.55,3.0
1662,151,226.05,3.0
1662,340,67.14,2.0
1662,468,72.43,
1663,151,226.05,1.0
1663,274,189.78,2.0
1663,401,227.82,
1663,779,92.97,1.0
1664,124,139.26,1.0
1664,238,203.38,3.0
1664,258,67.56,2.0
1664,348,203.33,3.0
1664,386,208.73,1.0
1665,45,170.78,1.0
1665,211,92.17,2.0
1665,274,189.78,2.0
1665,667,124.68,3.0
1665,883,133.41,1.0
1666,57,140.97,2.0
1666,678,201.53,3.0
1666,840,135.48,3.0
1666,862,160.96,3.0
1667,279,200.37,2.0
1667,516,113.3,
1667,998,168.56,3.0
1668,115,178.84,1.0
1668,384,137.63,2.0
1668,516,113.3,1.0
1668,580,210.06,1.0
1669,299,70.27,1.0
1669,825,100.58,3.0
1669,959,239.53,3.0
1670,80,,3.0
1670,361,82.42,1.0
1670,877,202.64,2.0
1671,16,196.57,3.0
1671,635,132.03,1.0
1671,733,188.04,3.0
1671,962,158.95,2.0
1671,985,154.3,2.0
1672,118,62.77,2.0
1672,173,65.65,1.0
1672,350,61.9,2.0
1672,504,208.11,1.0
1673,276,245.17,1.0
1673,355,140.68,1.0
1673,392,113.94,1.0
1673,846,95.98,2.0
1674,1,72.66,1.0
1674,29,62.51,3.0
1674,226,177.91,2.0
1674,380,210.24,3.0
1675,380,210.24,3.0
1675,620,137.63,2.0
1675,809,66.18,1.0
1676,263,,1.0
1676,270,,2.0
1676,508,,2.0
1676,883,133.41,3.0
1676,905,98.14,3.0
1677,121,,1.0
1677,299,70.27,1.0
1677,611,177.27,1.0
1678,104,173.39,
1678,231,229.82,3.0
1678,309,124.79,2.0
1678,580,210.06,1.0
1678,632,218.24,2.0
1679,43,116.23,
1679,694,51.93,2.0
1679,724,53.44,3.0
1679,742,153.3,2.0
1679,822,132.13,3.0
1680,515,200.99,1.0
1680,623,118.18,2.0
1680,696,231.65,1.0
1681,336,229.24,1.0
1681,430,88.19,2.0
1681,462,77.21,2.0
1681,899,199.38,1.0
1681,992,88.48,1.0
1682,52,147.19,3.0
1682,267,119.48,3.0
1682,358,134.49,2.0
1682,434,199.38,2.0
1682,831,208.58,3.0
1683,258,67.56,2.0
1683,469,115.23,2.0
1683,783,125.75,3.0
1683,828,80.98,3.0
1684,44,93.13,2.0
1684,51,106.86,3.0
1684,417,,2.0
1684,602,,3.0
1684,667,124.68,3.0
1685,133,240.19,
1685,497,175.73,2.0
1685,846,95.98,1.0
1685,962,158.95,2.0
1686,157,246.43,1.0
1686,162,76.84,3.0
1686,215,152.98,1.0
1686,381,56.19,2.0
1686,651,126.72,2.0
1687,361,82.42,2.0
1687,733,188.04,2.0
1687,744,231.74,1.0
1687,810,160.28,2.0
1688,60,71.49,1.0
1688,577,61.76,1.0
1688,690,239.97,3.0
1688,1000,133.67,1.0
1689,117,,3.0
1689,241,69.12,1.0
1689,427,113.76,2.0
1689,813,246.86,
1689,866,178.4,2.0
1690,287,109.88,1.0
1690,490,,1.0
1690,691,,1.0
1690,978,218.51,3.0
1690,984,246.44,1.0
1691,322,245.9,1.0
1691,430,88.19,3.0
1691,459,94.26,2.0
1691,879,107.5,2.0
1691,981,60.43,
1692,171,201.72,2.0
1692,692,101.01,
1692,915,239.01,2.0
1693,492,218.49,3.0
1693,586,241.2,3.0
1693,983,78.57,3.0
1694,274,189.78,
1694,441,208.41,1.0
1694,584,245.83,1.0
1694,668,88.59,2.0
1694,944,77.61,3.0
1695,85,169.02,3.0
1695,436,170.1,3.0
1695,698,86.52,1.0
1695,703,171.58,2.0
1696,5,165.12,3.0
1696,114,,1.0
1696,267,119.48,3.0
1696,595,56.33,1.0
1697,75,154.27,3.0
1697,304,208.6,3.0
1697,422,120.82,1.0
1698,365,153.13,2.0
1698,427,113.76,3.0
1698,492,218.49,3.0
1698,616,,1.0
1698,636,198.75,1.0
1699,23,203.41,2.0
1699,53,60.45,2.0
1699,260,87.94,3.0
1699,655,106.97,2.0
1699,813,246.86,1.0
1700,505,120.77,1.0
1700,590,153.28,
1700,848,58.97,3.0
1701,366,106.38,3.0
1701,566,122.7,3.0
1701,920,147.21,2.0
1702,664,199.35,1.0
1702,865,150.88,2.0
1702,887,217.22,1.0
1703,218,215.86,3.0
1703,414,184.12,
1703,754,219.81,2.0
1704,235,,3.0
1704,414,184.12,2.0
1704,845,225.55,2.0
1705,459,94.26,3.0
1705,523,229.28,1.0
1705,981,60.43,3.0
1705,991,204.99,1.0
1706,253,211.86,1.0
1706,370,176.52,2.0
1706,471,189.72,3.0
1706,829,95.21,2.0
1706,895,187.0,3.0
1707,325,149.23,2.0
1707,738,,2.0
1707,832,119.16,1.0
1708,78,166.26,2.0
1708,352,226.63,
1708,411,152.22,
1708,551,162.25,2.0
1708,658,165.29,1.0
1709,15,62.94,1.0
1709,115,178.84,1.0
1709,217,78.51,2.0
1709,399,166.38,3.0
1709,966,206.2,3.0
1710,191,226.32,2.0
1710,273,216.8,
1710,595,56.33,2.0
1710,809,66.18,2.0
1711,223,83.22,2.0
1711,471,189.72,2.0
1711,828,80.98,3.0
1711,893,195.69,1.0
1712,52,,2.0
1712,126,139.84,1.0
1712,217,78.51,2.0
1712,495,127.08,2.0
1712,620,137.63,3.0
1713,119,151.13,3.0
1713,341,125.25,3.0
1713,448,91.2,3.0
1713,557,102.94,1.0
1714,294,237.5,3.0
1714,354,85.44,1.0
1714,518,232.96,2.0
1714,718,153.46,1.0
1714,796,,3.0
1715,352,226.63,3.0
1715,422,120.82,2.0
1716,260,87.94,2.0
1716,613,,1.0
1716,773,148.67,1.0
1716,906,93.79,2.0
1716,928,235.84,
1717,245,136.11,1.0
1717,273,216.8,1.0
1717,295,225.4,2.0
1717,585,178.27,2.0
1717,824,,1.0
1718,137,110.1,1.0
1718,332,129.36,2.0
1718,383,203.93,3.0
1718,505,120.77,3.0
1718,851,221.01,3.0
1719,316,159.68,2.0
1719,382,138.74,1.0
1719,436,170.1,2.0
1719,743,180.58,2.0
1720,60,71.49,1.0
1720,330,103.52,2.0
1720,701,209.76,1.0
1720,821,119.15,2.0
1720,953,61.07,1.0
1721,12,,3.0
1721,329,137.31,3.0
1721,516,113.3,2.0
1722,312,57.94,3.0
1722,334,175.68,2.0
1722,487,141.3,3.0
1722,912,101.23,3.0
1723,635,132.03,2.0
1723,689,132.29,2.0
1723,857,60.36,
1723,933,140.94,1.0
1723,992,88.48,1.0
1724,108,66.24,1.0
1724,351,155.07,1.0
1724,454,155.48,3.0
1724,864,104.77,3.0
1725,126,139.84,1.0
1725,513,234.35,2.0
1725,814,,1.0
1725,879,107.5,
1725,968,166.73,3.0
1726,174,141.85,3.0
1726,413,207.64,1.0
1726,447,83.16,
1726,469,115.23,1.0
1726,681,235.72,3.0
1727,163,193.4,2.0
1727,377,,2.0
1727,697,,1.0
1727,705,91.17,2.0
1727,815,75.93,2.0
1728,323,170.98,2.0
1728,649,160.83,3.0
1728,796,213.28,1.0
1728,888,80.36,1.0
1728,908,146.12,2.0
1729,48,90.11,2.0
1729,565,148.85,1.0
1729,649,160.83,2.0
1729,667,124.68,2.0
1729,889,132.36,
1730,153,92.66,3.0
1730,224,226.21,2.0
1730,493,173.08,1.0
1730,765,189.72,2.0
1730,929,197.89,2.0
1731,112,97.85,2.0
1731,831,208.58,2.0
1731,882,191.38,1.0
1731,947,201.85,1.0
1732,140,174.01,3.0
1732,888,80.36,3.0
1732,889,132.36,
1733,57,140.97,3.0
1733,745,180.42,2.0
1733,830,56.52,2.0
1733,859,67.61,1.0
1734,69,153.27,2.0
1734,131,157.55,3.0
1734,154,146.97,1.0
1734,666,109.41,2.0
1735,460,89.74,3.0
1735,699,,3.0
1735,849,54.69,1.0
1735,851,221.01,2.0
1736,113,102.99,1.0
1736,143,72.98,3.0
1736,637,56.45,2.0
1737,34,62.0,3.0
1737,112,,1.0
1737,697,77.43,1.0
1738,137,110.1,3.0
1738,237,115.28,3.0
1738,368,209.82,1.0
1738,404,95.37,
1738,430,88.19,3.0
1739,435,249.48,1.0
1739,539,93.75,1.0
1739,908,146.12,3.0
1740,49,,3.0
1740,86,192.31,
1740,502,146.58,1.0
1740,562,205.86,2.0
1740,703,171.58,3.0
1741,77,61.77,3.0
1741,790,125.07,3.0
1741,904,163.76,1.0
1741,986,94.04,
1742,404,95.37,3.0
1742,414,184.12,3.0
1742,699,230.12,2.0
1742,997,,2.0
1743,327,149.0,2.0
1743,421,,3.0
1743,447,83.16,1.0
1743,683,143.94,2.0
1743,749,74.3,1.0
1744,440,200.17,3.0
1744,799,138.29,1.0
1744,903,64.48,2.0
1745,493,173.08,2.0
1745,582,195.63,2.0
1745,698,86.52,1.0
1745,723,176.43,2.0
1745,822,132.13,3.0
1746,98,246.81,1.0
1746,350,61.9,2.0
1746,480,185.48,2.0
1746,886,76.08,2.0
1747,32,161.45,1.0
1747,329,137.31,1.0
1747,357,77.1,2.0
1747,371,51.0,1.0
1747,599,227.54,3.0
1748,232,208.43,3.0
1748,481,115.71,1.0
1748,502,146.58,3.0
1748,844,133.38,1.0
1749,373,160.95,3.0
1749,438,131.49,1.0
1749,527,157.45,3.0
1749,553,128.85,2.0
1749,829,95.21,2.0
1750,233,243.92,3.0
1750,768,230.68,1.0
1750,841,196.07,1.0
1750,846,95.98,1.0
1751,180,136.21,2.0
1751,316,159.68,3.0
1751,330,103.52,2.0
1751,391,185.14,2.0
1752,223,83.22,2.0
1752,331,133.75,1.0
1752,571,179.32,3.0
1752,970,54.56,1.0
1753,147,177.18,1.0
1753,240,189.89,2.0
1753,265,245.93,1.0
1753,502,146.58,1.0
1753,877,202.64,1.0
1754,103,67.22,2.0
1754,865,150.88,2.0
1754,954,,1.0
1754,959,239.53,2.0
1755,257,51.04,2.0
1755,391,185.14,3.0
1755,651,126.72,1.0
1756,218,215.86,1.0
1756,248,,1.0
1756,889,132.36,2.0
1757,267,119.48,2.0
1757,353,247.18,2.0
1757,499,165.93,3.0
1757,728,246.11,1.0
1758,15,62.94,1.0
1758,186,233.84,2.0
1758,494,64.74,1.0
1758,745,180.42,1.0
1759,98,246.81,
1759,455,235.33,1.0
1759,567,167.33,1.0
1759,568,217.68,2.0
1760,110,87.63,3.0
1760,378,148.58,1.0
1760,414,184.12,3.0
1760,611,177.27,1.0
1760,907,121.43,1.0
1761,344,85.83,1.0
1761,506,201.97,3.0
1761,766,249.63,1.0
1762,115,178.84,2.0
1762,202,214.72,2.0
1762,934,84.39,1.0
1763,305,147.13,2.0
1763,322,245.9,2.0
1763,992,88.48,3.0
1764,317,132.96,2.0
1764,410,70.81,3.0
1764,434,199.38,1.0
1764,603,,3.0
1764,945,115.38,1.0
1765,116,247.88,
1765,506,201.97,1.0
1765,521,195.86,2.0
1765,896,238.61,2.0
1765,923,149.87,
1766,40,146.27,3.0
1766,324,231.64,1.0
1766,536,162.12,2.0
1766,720,225.01,3.0
1767,21,184.17,3.0
1767,623,118.18,3.0
1767,951,81.4,3.0
1768,73,204.1,2.0
1768,367,192.22,3.0
1768,647,99.37,3.0
1768,816,171.99,1.0
1769,309,124.79,2.0
1769,439,226.19,3.0
1769,618,208.82,2.0
1769,651,126.72,2.0
1770,53,60.45,1.0
1770,177,131.35,1.0
1770,731,207.18,1.0
1770,829,95.21,2.0
1770,839,124.12,2.0
1771,335,146.92,1.0
1771,594,196.51,1.0
1771,731,207.18,1.0
1772,239,220.93,3.0
1772,475,227.5,1.0
1772,770,,3.0
1772,864,104.77,2.0
1772,899,199.38,1.0
1773,351,155.07,3.0
1773,436,170.1,1.0
1773,494,64.74,2.0
1773,520,171.69,2.0
1773,959,239.53,3.0
1774,78,166.26,1.0
1774,359,196.99,2.0
1774,775,131.39,3.0
1775,163,193.4,2.0
1775,622,124.39,1.0
1775,743,180.58,2.0
1775,771,76.39,3.0
1776,143,72.98,2.0
1776,447,83.16,1.0
1776,494,64.74,3.0
1776,817,216.7,2.0
1777,51,106.86,2.0
1777,394,191.95,1.0
1777,407,174.05,3.0
1777,751,121.44,2.0
1777,968,166.73,2.0
1778,126,139.84,3.0
1778,148,241.66,2.0
1778,626,95.95,3.0
1778,967,110.73,2.0
1779,3,132.41,1.0
1779,203,202.04,1.0
1779,204,124.94,1.0
1779,370,,3.0
1779,676,141.76,
1780,50,121.44,1.0
1780,77,61.77,2.0
1780,426,227.24,1.0
1780,484,199.61,2.0
1780,525,201.26,
1781,101,141.82,2.0
1781,197,220.79,
1781,719,53.18,3.0
1781,819,57.53,1.0
1781,873,148.67,1.0
1782,377,52.08,3.0
1782,542,229.25,3.0
1782,784,112.27,3.0
1782,924,,3.0
1783,165,69.55,3.0
1783,543,103.79,
1783,903,64.48,2.0
1784,77,,2.0
1784,580,,2.0
1784,753,54.32,3.0
1784,773,148.67,1.0
1784,985,154.3,2.0
1785,132,221.69,3.0
1785,307,197.91,1.0
1785,427,113.76,2.0
1785,948,145.76,1.0
1786,771,76.39,2.0
1786,818,78.09,2.0
1786,894,88.22,
1787,48,90.11,3.0
1787,626,95.95,2.0
1787,732,247.41,
1788,142,56.89,2.0
1788,488,80.54,1.0
1788,612,152.96,2.0
1788,656,168.41,2.0
1789,159,170.35,1.0
1789,346,96.77,2.0
1789,545,128.32,1.0
1789,611,177.27,3.0
1789,853,151.97,3.0
1790,292,214.47,3.0
1790,389,135.35,2.0
1790,439,226.19,2.0
1791,281,242.32,1.0
1791,372,145.25,1.0
1791,449,80.11,2.0
1792,330,103.52,2.0
1792,423,221.14,2.0
1792,493,173.08,3.0
1792,873,148.67,1.0
1792,908,146.12,2.0
1793,205,56.5,1.0
1793,327,149.0,2.0
1793,423,221.14,
1793,596,195.79,3.0
1793,850,232.72,2.0
1794,50,121.44,3.0
1794,850,232.72,2.0
1795,68,206.01,3.0
1795,322,245.9,2.0
1795,674,155.82,1.0
1795,799,138.29,1.0
1796,9,214.61,3.0
1796,29,62.51,3.0
1796,227,234.63,2.0
1796,751,121.44,3.0
1797,127,,1.0
1797,299,70.27,1.0
1797,369,83.25,2.0
1797,787,164.1,3.0
1798,132,221.69,3.0
1798,275,99.56,3.0
1798,452,125.45,3.0
1798,701,209.76,3.0
1799,244,204.28,1.0
1799,291,181.87,2.0
1799,390,82.52,1.0
1799,502,146.58,2.0
1799,797,220.47,2.0
1800,189,187.35,2.0
1800,549,87.59,3.0
1800,690,239.97,2.0
1800,773,148.67,
1801,9,214.61,3.0
1801,104,173.39,1.0
1801,471,189.72,3.0
1801,719,53.18,3.0
1802,299,70.27,3.0
1802,315,125.67,3.0
1802,569,160.56,3.0
1802,898,208.88,3.0
1803,167,56.81,1.0
1803,779,92.97,3.0
1803,782,158.46,1.0
1804,312,57.94,2.0
1804,342,91.83,3.0
1804,540,162.04,
1804,599,227.54,2.0
1804,758,83.48,1.0
1805,125,146.21,2.0
1805,404,95.37,2.0
1805,629,195.26,2.0
1806,255,248.35,3.0
1806,434,199.38,3.0
1806,973,79.62,1.0
1807,273,216.8,3.0
1807,427,113.76,2.0
1807,485,52.72,2.0
1807,678,,1.0
1807,805,159.55,2.0
1808,61,112.13,3.0
1808,266,200.67,
1808,511,219.43,1.0
1808,656,168.41,3.0
1808,821,119.15,2.0
1809,48,90.11,1.0
1809,451,222.6,1.0
1809,550,83.71,3.0
1809,673,71.97,1.0
1809,696,231.65,3.0
1810,98,246.81,3.0
1810,320,57.22,3.0
1810,618,,1.0
1810,756,133.58,1.0
1810,955,151.86,2.0
1811,226,177.91,3.0
1811,389,135.35,1.0
1811,866,178.4,3.0
1812,77,,1.0
1812,331,133.75,2.0
1812,777,176.22,2.0
1813,121,152.74,1.0
1813,208,57.13,3.0
1813,273,216.8,1.0
1813,801,207.59,3.0
1814,309,124.79,1.0
1814,363,87.53,3.0
1814,538,232.66,3.0
1814,842,,1.0
1815,10,62.55,3.0
1815,330,103.52,3.0
1815,680,,3.0
1816,27,76.78,3.0
1816,215,152.98,1.0
1816,551,162.25,2.0
1816,970,54.56,
1817,243,188.05,3.0
1817,538,232.66,3.0
1817,612,152.96,3.0
1817,693,117.46,1.0
1818,136,64.57,2.0
1818,445,232.1,1.0
1818,820,51.21,2.0
1819,514,247.43,3.0
1819,640,97.33,1.0
1819,810,160.28,1.0
1820,88,183.78,2.0
1820,375,216.37,2.0
1820,449,80.11,3.0
1820,535,167.78,3.0
1821,260,87.94,2.0
1821,452,125.45,2.0
1821,624,67.8,1.0
1821,653,82.55,2.0
1822,723,,1.0
1822,858,219.38,3.0
1822,900,247.74,2.0
1823,171,201.72,1.0
1823,571,179.32,3.0
1823,627,160.87,2.0
1823,790,125.07,2.0
1824,231,229.82,2.0
1824,263,93.74,1.0
1824,346,96.77,2.0
1824,534,190.45,3.0
1824,698,86.52,3.0
1825,3,132.41,3.0
1825,92,168.26,3.0
1825,559,164.08,1.0
1825,646,191.41,2.0
1825,868,163.34,3.0
1826,101,141.82,1.0
1826,149,209.72,1.0
1826,790,125.07,2.0
1826,861,188.97,2.0
1826,910,142.16,3.0
1827,364,217.62,2.0
1827,625,71.81,1.0
1827,642,157.65,1.0
1827,647,99.37,3.0
1828,416,,3.0
1828,501,,3.0
1828,571,179.32,3.0
1828,853,,2.0
1829,653,82.55,2.0
1829,857,60.36,3.0
1829,994,59.99,1.0
1830,131,157.55,1.0
1830,508,201.16,3.0
1830,575,124.4,2.0
1830,619,134.73,
1831,410,70.81,3.0
1831,641,59.05,2.0
1831,675,64.53,3.0
1832,125,146.21,1.0
1832,400,186.19,1.0
1832,759,239.0,2.0
1833,127,108.62,1.0
1833,158,118.43,3.0
1833,231,229.82,2.0
1833,938,92.58,2.0
1833,963,220.36,2.0
1834,241,69.12,3.0
1834,916,233.11,1.0
1834,917,87.21,
1835,365,153.13,1.0
1835,710,139.0,1.0
1835,776,225.87,1.0
1835,881,150.03,3.0
1836,135,81.29,1.0
1836,148,241.66,3.0
1836,384,137.63,1.0
1836,417,224.94,3.0
1836,822,132.13,1.0
1837,47,95.83,3.0
1837,71,86.5,3.0
1837,118,62.77,1.0
1837,472,63.46,1.0
1837,850,232.72,1.0
1838,570,77.81,
1838,724,53.44,3.0
1838,857,,1.0
1839,457,111.71,1.0
1839,728,246.11,3.0
1839,754,219.81,2.0
1839,787,164.1,2.0
1840,210,208.67,2.0
1840,459,94.26,3.0
1840,770,215.18,2.0
1840,781,181.2,3.0
1841,317,132.96,2.0
1841,468,72.43,1.0
1841,831,208.58,1.0
1841,986,,1.0
1842,14,238.51,2.0
1842,244,204.28,2.0
1842,346,96.77,2.0
1842,365,153.13,1.0
1842,426,227.24,3.0
1843,173,65.65,2.0
1843,439,226.19,1.0
1843,612,152.96,3.0
1844,344,85.83,3.0
1844,666,109.41,2.0
1844,877,202.64,2.0
1845,245,136.11,2.0
1845,379,148.21,1.0
1845,449,80.11,1.0
1845,856,233.37,3.0
1845,907,121.43,
1846,345,168.81,2.0
1846,586,241.2,1.0
1846,783,125.75,2.0
1846,797,,3.0
1846,811,223.59,2.0
1847,53,60.45,3.0
1847,76,90.52,3.0
1847,151,226.05,3.0
1847,297,146.37,1.0
1847,938,92.58,1.0
1848,125,146.21,1.0
1848,150,213.11,2.0
1848,836,244.73,1.0
1849,7,95.98,1.0
1849,279,200.37,3.0
1849,300,173.53,2.0
1849,763,,3.0
1850,195,153.66,2.0
1850,205,56.5,3.0
1850,492,218.49,1.0
1851,143,72.98,3.0
1851,712,151.86,1.0
1851,726,122.98,1.0
1851,838,124.38,3.0
1852,356,144.51,3.0
1852,370,176.52,
1852,426,227.24,2.0
1852,471,189.72,1.0
1853,25,195.55,2.0
1853,207,88.92,3.0
1853,359,196.99,2.0
1853,360,125.34,1.0
1854,262,114.64,1.0
1854,308,,3.0
1854,477,245.15,1.0
1854,647,99.37,3.0
1854,686,138.01,3.0
1855,156,204.33,2.0
1855,329,137.31,1.0
1855,861,188.97,3.0
1855,933,140.94,1.0
1856,305,147.13,2.0
1856,423,221.14,3.0
1856,525,201.26,1.0
1857,83,125.49,3.0
1857,346,96.77,
1857,537,220.97,3.0
1857,543,103.79,2.0
1857,662,175.98,2.0
1858,5,165.12,2.0
1858,305,147.13,3.0
1858,397,238.21,2.0
1858,573,61.97,2.0
1858,881,150.03,1.0
1859,66,167.64,3.0
1859,168,,1.0
1859,489,65.95,2.0
1860,435,249.48,3.0
1860,499,165.93,3.0
1860,538,232.66,2.0
1860,634,112.99,1.0
1860,746,98.77,1.0
1861,278,100.46,1.0
1861,329,137.31,2.0
1861,393,188.3,3.0
1861,490,134.37,1.0
1861,676,141.76,2.0
1862,260,87.94,3.0
1862,521,195.86,2.0
1862,819,57.53,1.0
1863,39,200.01,1.0
1863,254,129.75,2.0
1863,364,217.62,1.0
1863,609,205.56,2.0
1864,464,191.8,2.0
1864,692,101.01,3.0
1864,870,77.14,1.0
1865,242,142.14,3.0
1865,248,124.74,
1865,772,103.65,3.0
1865,870,77.14,2.0
1866,16,196.57,1.0
1866,30,207.25,1.0
1866,31,240.33,1.0
1866,358,134.49,3.0
1867,329,137.31,2.0
1867,709,92.58,2.0
1867,983,78.57,2.0
1868,90,180.87,2.0
1868,443,244.96,
1868,613,163.05,3.0
1868,984,246.44,1.0
1869,170,105.05,1.0
1869,443,244.96,1.0
1869,1000,133.67,3.0
1870,326,173.51,2.0
1870,430,88.19,3.0
1870,794,112.71,2.0
1871,370,176.52,3.0
1871,385,78.48,1.0
1871,466,220.25,3.0
1871,469,115.23,1.0
1871,576,227.01,2.0
1872,137,110.1,1.0
1872,424,246.7,2.0
1872,434,199.38,2.0
1873,83,125.49,2.0
1873,252,195.57,1.0
1873,794,112.71,2.0
1874,148,241.66,3.0
1874,153,92.66,2.0
1874,408,,2.0
1874,684,248.13,3.0
1875,337,160.66,3.0
1875,351,155.07,
1875,383,,3.0
1875,468,72.43,2.0
1875,482,129.89,2.0
1876,269,81.71,1.0
1876,425,,3.0
1876,766,249.63,1.0
1877,56,162.42,3.0
1877,79,182.33,3.0
1877,220,168.73,1.0
1877,488,80.54,3.0
1877,641,59.05,3.0
1878,223,83.22,1.0
1878,527,157.45,2.0
1878,730,167.65,1.0
1879,84,225.47,1.0
1879,153,92.66,2.0
1879,300,173.53,3.0
1879,776,225.87,2.0
1879,820,51.21,1.0
1880,6,72.5,1.0
1880,459,94.26,2.0
1880,812,119.48,1.0
1881,59,80.92,2.0
1881,255,248.35,2.0
1881,332,129.36,2.0
1881,601,189.18,1.0
1881,880,227.92,2.0
1882,93,202.8,1.0
1882,316,159.68,2.0
1882,848,58.97,3.0
1883,278,100.46,1.0
1883,295,225.4,2.0
1883,794,112.71,1.0
1884,762,,3.0
1884,888,80.36,2.0
1884,909,203.1,2.0
1885,64,183.33,3.0
1885,522,210.27,2.0
1885,751,121.44,2.0
1886,232,208.43,1.0
1886,432,56.08,1.0
1886,640,97.33,3.0
1886,777,176.22,1.0
1886,803,182.99,2.0
1887,568,217.68,3.0
1887,593,97.97,1.0
1887,927,195.53,1.0
1887,977,63.96,2.0
1888,96,171.87,1.0
1888,308,117.08,2.0
1888,597,208.18,1.0
1888,683,143.94,2.0
1889,530,215.96,3.0
1889,661,83.39,2.0
1889,670,60.76,3.0
1889,777,176.22,3.0
1889,801,207.59,2.0
1890,722,134.69,2.0
1890,764,184.08,1.0
1890,786,110.34,3.0
1890,800,76.15,3.0
1890,841,196.07,3.0
1891,567,167.33,3.0
1891,875,127.14,2.0
1891,883,133.41,1.0
1891,994,59.99,3.0
1892,22,74.05,1.0
1892,437,224.5,3.0
1892,666,109.41,2.0
1892,911,112.85,1.0
1892,942,167.61,3.0
1893,179,174.38,2.0
1893,191,226.32,2.0
1893,380,210.24,
1893,740,111.83,3.0
1894,44,93.13,3.0
1894,682,103.7,2.0
1894,686,138.01,1.0
1895,34,62.0,1.0
1895,146,215.92,3.0
1895,336,229.24,1.0
1895,458,243.84,1.0
1895,466,220.25,2.0
1896,48,90.11,1.0
1896,409,121.46,3.0
1896,619,134.73,2.0
1896,778,,2.0
1896,906,,2.0
1897,328,93.55,2.0
1897,370,176.52,1.0
1897,490,134.37,1.0
1897,903,64.48,3.0
1898,24,247.44,1.0
1898,59,80.92,3.0
1898,171,201.72,1.0
1898,370,176.52,1.0
1898,398,118.83,2.0
1899,122,69.72,3.0
1899,325,149.23,2.0
1899,411,152.22,1.0
1899,608,220.66,2.0
1900,4,102.01,3.0
1900,96,171.87,1.0
1900,656,168.41,2.0
1901,84,225.47,1.0
1901,596,195.79,1.0
1901,880,227.92,1.0
1901,895,187.0,3.0
1902,48,90.11,2.0
1902,78,166.26,1.0
1902,418,104.84,3.0
1902,632,218.24,3.0
1903,122,69.72,3.0
1903,678,201.53,3.0
1903,696,231.65,3.0
1904,167,56.81,2.0
1904,198,,1.0
1904,629,195.26,3.0
1904,771,76.39,3.0
1904,847,163.66,1.0
1905,408,100.88,2.0
1905,414,184.12,3.0
1905,735,237.3,
1905,777,176.22,1.0
1905,990,76.1,3.0
1906,56,162.42,3.0
1906,293,168.57,1.0
1906,542,229.25,3.0
1906,657,55.71,1.0
1906,865,150.88,2.0
1907,31,240.33,1.0
1907,56,162.42,1.0
1907,385,78.48,3.0
1907,899,199.38,
1908,27,76.78,3.0
1908,640,97.33,2.0
1908,948,145.76,3.0
1909,167,56.81,2.0
1909,275,99.56,1.0
1909,345,168.81,2.0
1909,532,70.73,2.0
1909,793,202.22,2.0
1910,126,139.84,3.0
1910,173,65.65,2.0
1910,355,140.68,2.0
1910,511,219.43,1.0
1910,869,192.32,1.0
1911,172,103.8,3.0
1911,311,160.61,1.0
1911,439,226.19,2.0
1911,584,245.83,3.0
1912,483,109.71,1.0
1912,682,103.7,2.0
1912,691,166.4,3.0
1912,722,134.69,3.0
1913,86,192.31,2.0
1913,505,120.77,3.0
1913,626,95.95,1.0
1914,337,160.66,1.0
1914,598,119.08,1.0
1914,939,113.97,2.0
1915,212,219.1,3.0
1915,410,70.81,1.0
1915,686,138.01,1.0
1916,78,166.26,1.0
1916,377,52.08,3.0
1916,576,,2.0
1916,792,237.91,1.0
1917,142,56.89,
1917,249,224.27,2.0
1917,975,187.08,3.0
1918,182,204.96,3.0
1918,377,52.08,1.0
1918,612,152.96,2.0
1918,662,175.98,3.0
1918,700,79.91,1.0
1919,249,224.27,2.0
1919,425,235.7,2.0
1919,554,228.02,1.0
1920,364,217.62,2.0
1920,492,218.49,3.0
1920,737,127.14,2.0
1920,768,230.68,1.0
1920,786,110.34,1.0
1921,480,185.48,1.0
1921,771,76.39,3.0
1921,947,201.85,1.0
1922,222,92.66,1.0
1922,448,91.2,3.0
1922,489,65.95,1.0
1922,617,70.77,3.0
1923,100,126.84,1.0
1923,317,132.96,2.0
1923,970,54.56,3.0
1924,157,246.43,2.0
1924,323,170.98,2.0
1924,354,85.44,2.0
1924,381,56.19,3.0
1924,630,160.61,3.0
1925,159,170.35,2.0
1925,511,219.43,3.0
1925,674,155.82,1.0
1925,875,127.14,2.0
1925,884,107.9,
1926,88,183.78,1.0
1926,303,134.23,2.0
1926,921,156.4,3.0
1927,41,141.64,1.0
1927,479,160.63,1.0
1927,971,103.93,3.0
1928,474,224.08,2.0
1928,725,226.28,3.0
1928,991,204.99,3.0
1929,146,215.92,2.0
1929,549,,1.0
1929,955,151.86,3.0
1929,989,218.85,3.0
1930,1,,2.0
1930,96,171.87,3.0
1930,460,89.74,3.0
1930,569,160.56,2.0
1930,585,178.27,
1931,14,238.51,1.0
1931,284,,3.0
1931,814,160.37,1.0
1931,911,112.85,1.0
1932,101,141.82,1.0
1932,539,93.75,1.0
1932,633,116.68,2.0
1933,66,167.64,3.0
1933,258,67.56,1.0
1933,717,207.78,3.0
1933,850,232.72,2.0
1934,130,121.41,1.0
1934,474,224.08,2.0
1934,574,118.2,2.0
1934,687,176.38,3.0
1934,894,88.22,2.0
1935,233,243.92,2.0
1935,366,106.38,3.0
1935,537,220.97,2.0
1935,868,163.34,3.0
1935,883,133.41,3.0
1936,610,118.1,2.0
1936,853,151.97,1.0
1936,941,60.5,1.0
1937,252,195.57,2.0
1937,723,176.43,3.0
1937,820,51.21,2.0
1937,894,88.22,
1938,619,134.73,2.0
1938,823,243.4,3.0
1938,852,239.79,3.0
1938,853,151.97,3.0
1939,36,197.14,2.0
1939,108,66.24,2.0
1939,640,97.33,2.0
1939,738,185.7,2.0
1939,897,153.0,2.0
1940,2,80.34,3.0
1940,251,60.23,1.0
1940,349,138.39,3.0
1940,614,174.25,2.0
1940,944,77.61,3.0
1941,579,,3.0
1941,620,137.63,2.0
1941,907,121.43,2.0
1942,18,66.18,2.0
1942,135,81.29,3.0
1942,682,103.7,1.0
1942,880,227.92,2.0
1942,915,239.01,1.0
1943,299,70.27,2.0
1943,350,61.9,3.0
1943,644,102.24,3.0
1944,610,118.1,3.0
1944,616,178.66,2.0
1944,802,158.8,2.0
1945,651,126.72,3.0
1945,823,243.4,2.0
1945,918,216.21,1.0
1946,121,152.74,2.0
1946,140,174.01,2.0
1946,245,136.11,2.0
1946,902,98.7,3.0
1946,953,61.07,3.0
1947,137,110.1,2.0
1947,209,151.17,3.0
1947,268,80.87,3.0
1947,350,61.9,3.0
1948,53,,3.0
1948,571,179.32,2.0
1948,952,245.6,3.0
1949,95,222.28,2.0
1949,378,148.58,3.0
1949,492,218.49,2.0
1949,662,175.98,1.0
1949,695,77.45,2.0
1950,311,,1.0
1950,684,248.13,1.0
1950,734,201.32,2.0
1950,741,90.08,2.0
1951,666,109.41,2.0
1951,678,201.53,1.0
1951,953,61.07,1.0
1952,160,97.07,2.0
1952,394,191.95,
1952,679,90.4,3.0
1952,952,245.6,3.0
1953,381,56.19,2.0
1953,632,218.24,2.0
1953,650,65.51,2.0
1953,910,142.16,2.0
1954,140,174.01,2.0
1954,341,125.25,2.0
1954,494,64.74,2.0
1954,549,87.59,2.0
1954,973,79.62,3.0
1955,95,222.28,1.0
1955,621,189.73,2.0
1955,740,111.83,2.0
1955,826,241.6,2.0
1956,160,97.07,1.0
1956,226,177.91,1.0
1956,326,173.51,3.0
1956,543,103.79,1.0
1957,481,115.71,2.0
1957,680,149.96,3.0
1957,760,226.3,1.0
1957,868,163.34,2.0
1958,231,229.82,2.0
1958,276,245.17,1.0
1958,308,117.08,1.0
1958,806,146.82,2.0
1958,885,65.26,3.0
1959,134,114.43,3.0
1959,358,134.49,1.0
1959,456,199.14,1.0
1959,504,208.11,3.0
1959,531,51.53,3.0
1960,230,142.07,1.0
1960,357,77.1,2.0
1960,671,204.75,1.0
1960,810,160.28,1.0
1961,156,,2.0
1961,388,231.18,2.0
1961,497,175.73,2.0
1961,834,127.56,
1962,501,125.53,2.0
1962,566,122.7,1.0
1962,658,165.29,3.0
1963,250,184.37,1.0
1963,341,125.25,2.0
1963,394,191.95,3.0
1964,98,246.81,
1964,325,149.23,3.0
1964,957,117.34,1.0
1965,293,168.57,3.0
1965,415,92.65,2.0
1965,749,74.3,2.0
1965,814,160.37,1.0
1965,847,163.66,2.0
1966,168,62.42,1.0
1966,320,57.22,2.0
1966,700,79.91,2.0
1966,880,227.92,2.0
1967,149,209.72,1.0
1967,590,153.28,1.0
1967,986,94.04,1.0
1968,237,115.28,1.0
1968,713,120.97,2.0
1968,715,180.14,1.0
1968,804,232.19,3.0
1968,817,216.7,2.0
1969,164,91.14,3.0
1969,211,92.17,1.0
1969,608,220.66,3.0
1970,392,113.94,2.0
1970,515,200.99,3.0
1970,649,160.83,3.0
1971,21,184.17,2.0
1971,101,141.82,3.0
1971,169,116.7,3.0
1971,502,146.58,2.0
1971,893,195.69,3.0
1972,212,219.1,3.0
1972,339,52.62,2.0
1972,815,75.93,3.0
1972,866,178.4,2.0
1972,988,225.45,3.0
1973,6,72.5,2.0
1973,241,69.12,3.0
1973,539,93.75,3.0
1973,666,109.41,2.0
1973,789,138.29,1.0
1974,30,207.25,3.0
1974,114,164.82,3.0
1974,212,219.1,3.0
1975,235,239.95,2.0
1975,514,247.43,1.0
1975,602,86.81,2.0
1976,136,64.57,2.0
1976,148,241.66,2.0
1976,200,230.67,2.0
1976,313,223.73,2.0
1976,527,157.45,1.0
1977,45,170.78,2.0
1977,175,150.13,2.0
1977,215,152.98,2.0
1977,310,157.3,1.0
1978,40,146.27,2.0
1978,338,118.52,3.0
1978,415,92.65,1.0
1978,566,122.7,2.0
1979,225,58.78,1.0
1979,253,211.86,3.0
1979,822,132.13,
1980,134,114.43,3.0
1980,414,184.12,1.0
1980,484,199.61,2.0
1980,611,177.27,1.0
1980,821,119.15,2.0
1981,359,196.99,3.0
1981,459,94.26,1.0
1981,594,196.51,2.0
1981,895,187.0,3.0
1982,263,93.74,3.0
1982,379,148.21,1.0
1982,777,176.22,3.0
1983,242,142.14,2.0
1983,420,55.79,2.0
1983,451,222.6,1.0
1983,515,200.99,1.0
1983,882,191.38,3.0
1984,171,201.72,3.0
1984,190,99.3,
1984,271,80.13,1.0
1984,664,199.35,3.0
1984,987,182.97,3.0
1985,114,164.82,2.0
1985,142,56.89,1.0
1985,176,75.79,1.0
1985,209,151.17,1.0
1985,385,78.48,2.0
1986,137,110.1,2.0
1986,379,148.21,1.0
1986,657,55.71,3.0
1986,820,51.21,3.0
1986,924,196.23,1.0
1987,46,,3.0
1987,363,87.53,2.0
1987,393,188.3,1.0
1987,525,201.26,2.0
1987,647,99.37,2.0
1988,313,223.73,1.0
1988,564,228.93,3.0
1988,743,180.58,2.0
1988,938,92.58,3.0
1989,89,81.47,1.0
1989,254,129.75,2.0
1989,501,125.53,1.0
1989,703,171.58,2.0
1990,8,63.45,3.0
1990,456,199.14,3.0
1990,530,215.96,2.0
1991,54,84.5,1.0
1991,411,152.22,2.0
1991,710,139.0,2.0
1992,664,,1.0
1992,701,209.76,1.0
1992,809,66.18,3.0
1993,171,201.72,2.0
1993,441,208.41,3.0
1993,494,64.74,2.0
1993,799,138.29,1.0
1993,806,146.82,3.0
1994,148,241.66,2.0
1994,525,201.26,2.0
1994,597,208.18,3.0
1994,674,155.82,3.0
1994,892,164.04,2.0
1995,194,185.69,2.0
1995,402,101.5,1.0
1995,542,229.25,1.0
1995,616,178.66,3.0
1995,716,63.71,3.0
1996,249,224.27,2.0
1996,540,162.04,3.0
1996,865,150.88,3.0
1997,328,,1.0
1997,452,125.45,1.0
1997,521,195.86,2.0
1997,816,171.99,2.0
1998,579,202.8,1.0
1998,654,133.29,3.0
1998,802,158.8,1.0
1999,617,70.77,3.0
1999,750,149.73,1.0
1999,921,156.4,3.0
2000,135,81.29,3.0
2000,552,96.49,2.0
2000,616,178.66,3.0
2000,996,196.78,2.0
2001,47,95.83,1.0
2001,166,192.62,2.0
2001,241,69.12,2.0
2001,381,56.19,2.0
2001,613,163.05,
2002,10,62.55,3.0
2002,98,246.81,1.0
2002,297,146.37,3.0
2002,483,109.71,
2002,959,239.53,2.0
2003,169,116.7,2.0
2003,206,148.94,2.0
2003,373,160.95,3.0
2003,401,227.82,2.0
2003,930,232.52,3.0
2004,296,217.57,1.0
2004,320,57.22,2.0
2004,557,102.94,1.0
2005,374,86.56,2.0
2005,386,208.73,1.0
2005,672,79.28,2.0
2005,731,207.18,3.0
2005,950,209.25,3.0
2006,257,51.04,1.0
2006,307,197.91,3.0
2006,781,181.2,1.0
2007,117,85.95,2.0
2007,446,203.34,2.0
2007,678,201.53,1.0
2008,103,67.22,1.0
2008,121,152.74,1.0
2008,208,57.13,2.0
2008,358,134.49,3.0
2008,729,233.18,3.0
2009,59,80.92,3.0
2009,148,241.66,3.0
2009,520,171.69,3.0
2010,22,74.05,3.0
2010,275,99.56,
2010,793,202.22,3.0
2011,71,86.5,3.0
2011,120,183.66,2.0
2011,305,147.13,1.0
2011,861,188.97,2.0
2012,81,223.52,3.0
2012,360,125.34,3.0
2012,426,227.24,1.0
2012,548,216.83,2.0
2012,564,228.93,3.0
2013,264,227.0,1.0
2013,373,160.95,3.0
2013,833,189.81,2.0
2013,967,110.73,1.0
2014,66,167.64,2.0
2014,214,67.39,3.0
2014,269,81.71,2.0
2014,567,167.33,2.0
2014,853,151.97,3.0
2015,153,92.66,3.0
2015,164,91.14,2.0
2015,585,178.27,
2016,682,103.7,2.0
2016,741,90.08,1.0
2016,935,98.57,1.0
2017,240,189.89,2.0
2017,461,171.34,3.0
2017,578,67.16,1.0
2017,801,207.59,1.0
2018,2,80.34,
2018,119,151.13,1.0
2018,799,138.29,1.0
2018,881,150.03,1.0
2019,92,168.26,1.0
2019,282,216.11,2.0
2019,439,226.19,2.0
2019,629,195.26,2.0
2019,700,79.91,1.0
2020,257,51.04,2.0
2020,317,132.96,3.0
2020,391,185.14,1.0
2020,862,160.96,2.0
2020,987,182.97,1.0
2021,132,221.69,1.0
2021,252,195.57,2.0
2021,481,115.71,1.0
2021,743,180.58,2.0
2021,900,247.74,3.0
2022,305,147.13,2.0
2022,364,217.62,3.0
2022,896,238.61,2.0
2022,902,98.7,2.0
2023,92,168.26,2.0
2023,557,102.94,2.0
2023,607,222.02,3.0
2024,678,201.53,2.0
2024,956,212.49,2.0
2024,959,239.53,2.0
2025,63,141.12,3.0
2025,202,214.72,1.0
2025,333,184.45,1.0
2025,823,,1.0
2025,864,104.77,2.0
2026,2,80.34,2.0
2026,34,62.0,1.0
2026,163,,3.0
2026,317,132.96,1.0
2027,130,121.41,3.0
2027,225,58.78,2.0
2027,771,,1.0
2027,857,60.36,1.0
2028,51,106.86,3.0
2028,414,184.12,1.0
2028,783,,2.0
2029,189,187.35,1.0
2029,937,164.51,2.0
2029,957,117.34,2.0
2030,92,168.26,2.0
2030,590,153.28,3.0
2030,989,218.85,1.0
2031,271,80.13,2.0
2031,383,203.93,1.0
2031,618,208.82,3.0
2031,638,68.44,3.0
2031,960,244.86,1.0
2032,396,195.67,1.0
2032,405,70.71,2.0
2032,464,191.8,2.0
2033,614,174.25,1.0
2033,700,79.91,3.0
2033,719,53.18,1.0
2033,982,96.15,2.0
2034,195,153.66,1.0
2034,455,235.33,3.0
2034,686,138.01,1.0
2034,989,218.85,3.0
2035,82,95.97,2.0
2035,85,,1.0
2035,249,224.27,1.0
2035,303,134.23,2.0
2036,31,240.33,3.0
2036,542,,1.0
2036,692,101.01,1.0
2036,777,176.22,1.0
2037,30,207.25,2.0
2037,115,,1.0
2037,323,170.98,1.0
2037,896,238.61,3.0
2037,922,246.25,2.0
2038,18,66.18,2.0
2038,160,97.07,2.0
2038,189,187.35,3.0
2038,768,230.68,1.0
2038,810,160.28,1.0
2039,14,238.51,1.0
2039,128,94.73,1.0
2039,467,176.42,2.0
2039,486,172.25,1.0
2040,191,226.32,2.0
2040,733,188.04,2.0
2040,774,226.25,2.0
2040,780,,1.0
2041,246,64.86,3.0
2041,500,136.7,3.0
2041,553,128.85,1.0
2041,824,170.3,1.0
2041,946,226.43,2.0
2042,349,138.39,1.0
2042,468,72.43,1.0
2042,716,63.71,3.0
2043,120,183.66,3.0
2043,235,239.95,1.0
2043,496,145.41,3.0
2043,998,168.56,2.0
2044,131,157.55,3.0
2044,154,146.97,3.0
2044,919,169.1,3.0
2045,170,105.05,2.0
2045,295,225.4,1.0
2045,531,51.53,1.0
2045,942,167.61,1.0
2046,412,242.29,3.0
2046,472,63.46,2.0
2046,999,66.5,3.0
2047,88,183.78,1.0
2047,604,223.98,1.0
2047,670,60.76,3.0
2048,257,51.04,2.0
2048,317,132.96,1.0
2048,385,78.48,2.0
2048,521,195.86,2.0
2049,394,191.95,2.0
2049,507,226.65,2.0
2049,558,235.51,3.0
2049,762,133.63,2.0
2049,978,218.51,2.0
2050,74,172.32,1.0
2050,511,219.43,1.0
2050,522,210.27,1.0
2050,907,121.43,1.0
2051,8,63.45,2.0
2051,414,184.12,2.0
2051,846,95.98,1.0
2052,55,238.3,2.0
2052,735,237.3,2.0
2052,932,189.85,3.0
2053,122,69.72,2.0
2053,639,110.99,1.0
2053,686,138.01,1.0
2053,722,134.69,3.0
2053,738,185.7,2.0
2054,155,116.62,1.0
2054,475,227.5,2.0
2054,561,150.52,1.0
2054,900,247.74,1.0
2055,20,237.34,
2055,320,57.22,2.0
2055,463,198.51,2.0
2056,527,157.45,1.0
2056,637,56.45,1.0
2056,646,191.41,2.0
2056,767,106.78,3.0
2057,24,247.44,3.0
2057,717,207.78,2.0
2057,812,119.48,1.0
2057,867,92.12,
2057,887,217.22,2.0
2058,218,215.86,3.0
2058,381,56.19,1.0
2058,602,86.81,
2059,10,62.55,1.0
2059,112,97.85,1.0
2059,328,93.55,2.0
2060,162,76.84,1.0
2060,566,122.7,1.0
2060,980,,1.0
2061,45,170.78,2.0
2061,932,189.85,2.0
2061,992,88.48,2.0
2062,322,245.9,2.0
2062,382,138.74,2.0
2062,397,238.21,3.0
2062,410,70.81,1.0
2063,73,204.1,3.0
2063,201,50.2,1.0
2063,296,217.57,1.0
2063,904,163.76,3.0
2064,526,217.47,1.0
2064,622,124.39,1.0
2064,716,63.71,2.0
2065,143,72.98,3.0
2065,364,217.62,3.0
2065,469,115.23,3.0
2065,665,86.52,2.0
2065,874,173.76,3.0
2066,11,114.72,1.0
2066,439,226.19,2.0
2066,470,244.46,3.0
2066,790,125.07,3.0
2067,129,200.64,2.0
2067,218,215.86,3.0
2067,874,,1.0
2068,411,152.22,2.0
2068,736,173.14,2.0
2068,810,160.28,2.0
2069,47,95.83,
2069,620,137.63,1.0
2069,768,230.68,2.0
2069,813,246.86,2.0
2070,570,77.81,1.0
2070,655,106.97,3.0
2070,998,168.56,1.0
2071,340,67.14,2.0
2071,667,124.68,2.0
2071,756,133.58,3.0
2072,35,146.61,1.0
2072,91,176.48,2.0
2072,347,136.1,1.0
2073,244,204.28,3.0
2073,390,82.52,2.0
2073,521,195.86,1.0
2073,646,191.41,1.0
2074,504,208.11,2.0
2074,643,98.94,2.0
2074,679,90.4,3.0
2074,801,,3.0
2075,262,114.64,3.0
2075,317,,3.0
2075,433,242.72,1.0
2075,917,87.21,2.0
2075,1000,133.67,1.0
2076,6,72.5,1.0
2076,462,77.21,1.0
2076,537,220.97,2.0
2077,664,199.35,1.0
2077,726,122.98,1.0
2077,939,113.97,2.0
2078,144,111.9,1.0
2078,380,210.24,1.0
2078,383,203.93,3.0
2078,521,195.86,3.0
2079,224,226.21,1.0
2079,241,69.12,1.0
2079,884,107.9,1.0
2079,957,117.34,1.0
2080,105,232.06,2.0
2080,257,51.04,2.0
2080,553,128.85,1.0
2080,563,105.31,2.0
2081,75,154.27,3.0
2081,91,176.48,2.0
2081,515,200.99,3.0
2081,883,133.41,3.0
2082,203,202.04,2.0
2082,745,180.42,3.0
2082,756,133.58,3.0
2082,851,221.01,1.0
2082,870,77.14,2.0
2083,43,116.23,3.0
2083,66,167.64,2.0
2083,336,229.24,2.0
2083,464,191.8,1.0
2083,649,160.83,2.0
2084,199,121.89,2.0
2084,228,110.69,2.0
2084,243,188.05,2.0
2084,476,164.01,1.0
2084,986,,3.0
2085,19,146.71,3.0
2085,305,147.13,3.0
2085,307,197.91,3.0
2085,709,92.58,2.0
2086,850,232.72,1.0
2086,892,164.04,1.0
2086,979,205.27,3.0
2087,478,155.47,3.0
2087,802,158.8,2.0
2087,988,225.45,2.0
2088,154,146.97,1.0
2088,753,54.32,1.0
2088,804,232.19,1.0
2088,993,83.38,3.0
2089,391,185.14,2.0
2089,396,195.67,1.0
2089,795,127.79,2.0
2089,829,95.21,1.0
2090,410,70.81,2.0
2090,489,65.95,3.0
2090,494,64.74,3.0
2091,157,246.43,3.0
2091,378,148.58,3.0
2091,600,169.99,3.0
2091,982,96.15,2.0
2092,228,110.69,
2092,294,237.5,3.0
2092,590,153.28,2.0
2093,211,92.17,1.0
2093,552,96.49,1.0
2093,944,77.61,2.0
2094,107,123.53,
2094,597,208.18,2.0
2094,643,98.94,2.0
2094,914,108.92,3.0
2094,991,204.99,3.0
2095,118,62.77,3.0
2095,613,163.05,2.0
2095,714,113.33,2.0
2095,814,160.37,2.0
2096,173,65.65,1.0
2096,303,134.23,1.0
2096,952,245.6,2.0
2096,995,113.27,1.0
2097,538,232.66,3.0
2097,659,163.96,1.0
2097,680,149.96,1.0
2098,544,244.85,2.0
2098,574,118.2,2.0
2098,579,,3.0
2098,943,173.92,2.0
2099,305,147.13,2.0
2099,345,168.81,2.0
2099,680,149.96,2.0
2099,804,232.19,2.0
2099,857,60.36,
2100,496,145.41,2.0
2100,731,207.18,1.0
2100,933,140.94,
2101,522,,2.0
2101,700,,3.0
2101,767,106.78,1.0
2101,844,133.38,1.0
2102,86,192.31,3.0
2102,266,200.67,3.0
2102,317,132.96,3.0
2102,643,98.94,2.0
2102,915,239.01,1.0
2103,366,106.38,
2103,728,246.11,3.0
2103,874,,2.0
2104,96,171.87,2.0
2104,118,62.77,2.0
2104,574,118.2,3.0
2104,679,90.4,
2104,988,225.45,2.0
2105,285,177.93,1.0
2105,741,90.08,1.0
2105,971,103.93,3.0
2106,157,246.43,2.0
2106,272,73.28,
2106,634,112.99,3.0
2107,274,189.78,3.0
2107,313,223.73,2.0
2107,420,55.79,
2107,657,55.71,1.0
2108,133,240.19,2.0
2108,301,236.73,1.0
2108,652,150.27,2.0
2108,700,79.91,1.0
2109,72,143.79,2.0
2109,321,129.7,3.0
2109,419,183.25,
2109,559,164.08,1.0
2109,708,191.55,1.0
2110,63,141.12,2.0
2110,495,127.08,1.0
2110,651,126.72,3.0
2110,795,127.79,3.0
2110,1000,133.67,1.0
2111,297,146.37,1.0
2111,791,169.28,1.0
2111,879,107.5,3.0
2111,963,220.36,3.0
2112,193,142.88,3.0
2112,263,93.74,3.0
2112,265,245.93,1.0
2112,333,184.45,1.0
2112,772,103.65,1.0
2113,90,180.87,3.0
2113,868,163.34,1.0
2113,995,113.27,2.0
2114,92,168.26,1.0
2114,138,221.92,2.0
2114,379,148.21,2.0
2114,729,233.18,1.0
2114,948,145.76,2.0
2115,87,150.25,2.0
2115,314,186.8,1.0
2115,342,91.83,3.0
2115,758,83.48,2.0
2115,947,201.85,1.0
2116,132,221.69,1.0
2116,382,138.74,1.0
2116,734,201.32,3.0
2116,897,153.0,3.0
2117,27,76.78,2.0
2117,96,171.87,3.0
2117,701,209.76,2.0
2117,922,246.25,3.0
2118,44,93.13,3.0
2118,327,149.0,3.0
2118,869,192.32,2.0
2118,947,201.85,2.0
2118,1000,133.67,1.0
2119,123,79.64,3.0
2119,292,214.47,1.0
2119,349,138.39,3.0
2119,993,83.38,
2120,398,118.83,
2120,438,131.49,3.0
2120,809,66.18,1.0
2120,918,216.21,3.0
2121,29,62.51,3.0
2121,403,99.71,3.0
2121,427,113.76,3.0
2121,430,88.19,1.0
2122,233,,1.0
2122,522,210.27,1.0
2122,629,195.26,2.0
2122,633,116.68,3.0
2122,945,115.38,1.0
2123,157,246.43,3.0
2123,851,221.01,1.0
2123,980,211.03,2.0
2124,135,81.29,3.0
2124,190,99.3,2.0
2124,309,124.79,2.0
2124,558,235.51,3.0
2124,835,163.93,3.0
2125,737,127.14,2.0
2125,746,98.77,2.0
2125,768,,1.0
2125,871,243.22,2.0
2125,915,239.01,1.0
2126,160,97.07,3.0
2126,441,208.41,2.0
2126,457,111.71,3.0
2126,748,232.9,1.0
2126,784,112.27,2.0
2127,89,81.47,1.0
2127,91,176.48,3.0
2127,411,152.22,3.0
2127,716,63.71,2.0
2127,916,233.11,2.0
2128,505,120.77,2.0
2128,650,65.51,3.0
2128,726,122.98,3.0
2128,731,207.18,2.0
2128,987,182.97,2.0
2129,89,81.47,3.0
2129,411,152.22,2.0
2129,945,115.38,1.0
2130,53,60.45,3.0
2130,434,199.38,2.0
2130,847,163.66,3.0
2130,921,156.4,2.0
2131,7,95.98,1.0
2131,133,240.19,2.0
2131,331,,1.0
2131,552,96.49,3.0
2131,754,219.81,2.0
2132,476,164.01,3.0
2132,485,52.72,3.0
2132,972,143.26,3.0
2133,130,121.41,3.0
2133,192,62.03,
2133,272,73.28,1.0
2133,349,,1.0
2133,557,102.94,3.0
2134,433,242.72,1.0
2134,786,110.34,3.0
2134,847,163.66,3.0
2134,880,227.92,3.0
2134,881,150.03,3.0
2135,19,146.71,3.0
2135,230,142.07,3.0
2135,321,129.7,2.0
2135,349,138.39,2.0
2136,37,65.77,3.0
2136,270,127.17,1.0
2136,778,149.89,2.0
2137,111,,3.0
2137,268,80.87,1.0
2137,273,216.8,3.0
2137,443,244.96,3.0
2137,980,211.03,
2138,454,155.48,1.0
2138,597,208.18,3.0
2138,612,152.96,1.0
2138,913,156.18,3.0
2138,937,164.51,3.0
2139,316,159.68,3.0
2139,539,93.75,2.0
2139,934,84.39,3.0
2139,944,77.61,3.0
2140,225,58.78,3.0
2140,522,210.27,1.0
2140,531,51.53,3.0
2140,577,61.76,3.0
2140,978,218.51,3.0
2141,31,240.33,2.0
2141,560,124.85,2.0
2141,969,231.07,
2142,116,247.88,2.0
2142,168,62.42,3.0
2142,198,180.7,1.0
2142,256,114.14,1.0
2143,4,102.01,1.0
2143,32,,2.0
2143,310,157.3,2.0
2143,346,96.77,2.0
2143,872,159.66,1.0
2144,154,146.97,
2144,399,166.38,2.0
2144,690,239.97,3.0
2144,831,208.58,2.0
2144,932,189.85,
2145,60,71.49,1.0
2145,754,219.81,1.0
2145,954,104.74,1.0
2146,69,153.27,2.0
2146,377,52.08,3.0
2146,427,113.76,3.0
2146,654,133.29,2.0
2147,316,159.68,
2147,338,118.52,2.0
2147,370,176.52,1.0
2147,605,138.19,1.0
2147,695,77.45,3.0
2148,209,151.17,1.0
2148,444,62.33,2.0
2148,642,157.65,3.0
2148,878,50.82,3.0
2149,434,199.38,2.0
2149,630,160.61,1.0
2149,717,207.78,1.0
2150,134,114.43,
2150,304,208.6,2.0
2150,610,,2.0
2150,804,232.19,1.0
2150,901,142.02,1.0
2151,458,243.84,3.0
2151,780,73.93,3.0
2151,840,135.48,3.0
2151,874,173.76,2.0
2152,173,65.65,2.0
2152,435,249.48,3.0
2152,909,203.1,3.0
2153,320,57.22,2.0
2153,688,62.79,1.0
2153,694,51.93,3.0
2153,730,167.65,1.0
2153,810,160.28,
2154,227,234.63,2.0
2154,357,,1.0
2154,665,86.52,2.0
2154,930,232.52,3.0
2155,88,183.78,1.0
2155,90,180.87,3.0
2155,928,235.84,2.0
2156,329,137.31,1.0
2156,401,227.82,2.0
2156,780,73.93,3.0
2156,979,205.27,3.0
2157,92,168.26,1.0
2157,108,66.24,2.0
2157,712,151.86,3.0
2157,896,238.61,3.0
2158,193,142.88,3.0
2158,274,189.78,1.0
2158,593,97.97,1.0
2158,602,86.81,3.0
2159,190,99.3,3.0
2159,380,210.24,1.0
2159,500,136.7,2.0
2160,590,153.28,1.0
2160,777,,2.0
2160,809,66.18,2.0
2160,897,153.0,1.0
2161,310,157.3,2.0
2161,345,168.81,
2161,632,218.24,1.0
2161,822,132.13,1.0
2162,40,146.27,
2162,285,,2.0
2162,690,239.97,
2163,169,116.7,1.0
2163,279,200.37,2.0
2163,655,106.97,3.0
2163,878,50.82,2.0
2164,93,202.8,1.0
2164,104,173.39,2.0
2164,708,191.55,3.0
2164,756,133.58,3.0
2165,65,160.5,1.0
2165,141,140.89,2.0
2165,832,119.16,3.0
2166,1,72.66,3.0
2166,81,223.52,1.0
2166,332,129.36,1.0
2166,378,148.58,1.0
2167,180,136.21,2.0
2167,502,146.58,1.0
2167,778,149.89,2.0
2167,890,177.49,1.0
2167,950,,1.0
2168,202,214.72,1.0
2168,732,247.41,2.0
2168,921,156.4,2.0
2169,183,126.36,2.0
2169,675,64.53,2.0
2169,939,113.97,1.0
2169,967,,2.0
2169,994,59.99,3.0
2170,364,,1.0
2170,460,89.74,3.0
2170,697,77.43,3.0
2170,924,196.23,2.0
2171,378,148.58,3.0
2171,383,203.93,3.0
2171,758,,2.0
2171,811,223.59,3.0
2172,115,178.84,3.0
2172,684,248.13,3.0
2172,714,113.33,2.0
2172,799,138.29,1.0
2173,561,150.52,1.0
2173,753,54.32,3.0
2173,794,112.71,2.0
2173,797,220.47,2.0
2173,893,195.69,3.0
2174,486,172.25,2.0
2174,673,71.97,2.0
2174,698,86.52,2.0
2175,168,62.42,2.0
2175,300,173.53,3.0
2175,916,233.11,1.0
2176,189,,1.0
2176,303,134.23,1.0
2176,564,228.93,2.0
2176,956,212.49,1.0
2177,65,160.5,1.0
2177,199,121.89,1.0
2177,716,63.71,1.0
2178,251,60.23,2.0
2178,717,207.78,3.0
2178,880,227.92,3.0
2178,956,,3.0
2178,967,110.73,3.0
2179,76,90.52,2.0
2179,86,192.31,2.0
2179,349,138.39,1.0
2180,91,176.48,2.0
2180,181,120.56,1.0
2180,475,227.5,3.0
2180,523,229.28,1.0
2180,636,,2.0
2181,13,236.18,2.0
2181,193,142.88,2.0
2181,342,91.83,2.0
2181,678,201.53,2.0
2182,22,74.05,2.0
2182,204,124.94,2.0
2182,268,80.87,3.0
2182,283,124.19,3.0
2182,549,87.59,1.0
2183,59,80.92,1.0
2183,392,113.94,2.0
2183,433,242.72,1.0
2184,11,114.72,3.0
2184,757,228.29,3.0
2184,810,160.28,3.0
2184,839,124.12,2.0
2185,68,206.01,2.0
2185,96,171.87,1.0
2185,221,142.79,3.0
2185,498,174.24,2.0
2185,586,241.2,1.0
2186,30,207.25,3.0
2186,130,121.41,3.0
2186,288,101.72,
2186,608,220.66,3.0
2186,610,118.1,3.0
2187,24,247.44,1.0
2187,281,242.32,2.0
2187,596,195.79,1.0
2187,623,118.18,1.0
2188,27,76.78,1.0
2188,126,139.84,
2188,276,245.17,3.0
2188,649,,2.0
2188,675,64.53,3.0
2189,258,67.56,3.0
2189,330,103.52,2.0
2189,947,201.85,1.0
2189,961,79.78,
2189,999,66.5,2.0
2190,53,60.45,3.0
2190,523,229.28,2.0
2190,596,195.79,2.0
2190,746,98.77,3.0
2190,785,249.16,2.0
2191,335,146.92,1.0
2191,630,160.61,2.0
2191,678,201.53,1.0
2191,836,,3.0
2192,19,146.71,1.0
2192,276,245.17,1.0
2192,506,201.97,3.0
2192,560,124.85,3.0
2192,999,,3.0
2193,329,137.31,3.0
2193,509,94.66,2.0
2193,613,163.05,2.0
2194,138,221.92,
2194,238,203.38,1.0
2194,502,146.58,2.0
2194,822,132.13,2.0
2195,37,,1.0
2195,111,209.87,1.0
2195,475,227.5,1.0
2195,602,86.81,2.0
2195,966,206.2,1.0
2196,114,164.82,1.0
2196,178,186.24,1.0
2196,906,93.79,3.0
2197,335,146.92,
2197,475,227.5,1.0
2197,673,,3.0
2198,393,188.3,
2198,408,100.88,1.0
2198,705,,3.0
2198,964,106.28,2.0
2199,353,247.18,3.0
2199,708,,1.0
2199,808,233.39,1.0
2200,34,62.0,3.0
2200,507,226.65,3.0
2200,526,217.47,1.0
2200,799,138.29,
2201,205,56.5,2.0
2201,228,,3.0
2201,714,113.33,3.0
2201,788,213.43,2.0
2201,914,108.92,2.0
2202,371,51.0,2.0
2202,382,138.74,3.0
2202,801,207.59,2.0
2203,362,177.66,3.0
2203,387,200.4,3.0
2203,826,241.6,3.0
2203,909,203.1,2.0
2204,375,216.37,3.0
2204,527,157.45,2.0
2204,603,153.0,3.0
2205,288,101.72,2.0
2205,430,88.19,
2205,885,65.26,3.0
2206,133,240.19,2.0
2206,593,97.97,3.0
2206,914,108.92,1.0
2207,132,221.69,
2207,207,,1.0
2207,212,219.1,1.0
2207,355,140.68,3.0
2207,535,167.78,1.0
2208,38,104.28,2.0
2208,86,192.31,3.0
2208,496,145.41,3.0
2208,717,207.78,3.0
2208,857,60.36,1.0
2209,131,157.55,1.0
2209,419,183.25,2.0
2209,433,242.72,1.0
2209,557,102.94,1.0
2210,162,76.84,1.0
2210,778,149.89,2.0
2210,814,160.37,3.0
2210,879,107.5,1.0
2211,324,231.64,
2211,793,202.22,2.0
2211,866,178.4,3.0
2212,340,67.14,2.0
2212,560,124.85,1.0
2212,650,65.51,3.0
2212,732,247.41,3.0
2212,887,217.22,3.0
2213,106,140.96,2.0
2213,443,244.96,2.0
2213,614,174.25,2.0
2213,833,189.81,2.0
2213,998,168.56,2.0
2214,116,247.88,1.0
2214,341,125.25,3.0
2214,684,248.13,2.0
2214,787,164.1,2.0
2214,997,75.45,3.0
2215,136,64.57,1.0
2215,430,88.19,3.0
2215,610,118.1,2.0
2215,700,79.91,3.0
2216,191,226.32,2.0
2216,357,77.1,3.0
2216,644,102.24,
2217,42,226.48,3.0
2217,192,62.03,1.0
2217,252,195.57,2.0
2218,89,81.47,1.0
2218,327,149.0,3.0
2218,359,196.99,1.0
2218,672,79.28,3.0
2219,11,,2.0
2219,652,150.27,1.0
2219,686,138.01,3.0
2219,881,150.03,3.0
2220,105,232.06,3.0
2220,373,160.95,2.0
2220,855,146.69,2.0
2221,585,178.27,2.0
2221,942,167.61,2.0
2221,980,211.03,2.0
2222,1,72.66,3.0
2222,386,208.73,1.0
2222,896,238.61,1.0
2223,114,164.82,1.0
2223,494,64.74,2.0
2223,554,228.02,3.0
2224,37,65.77,
2224,45,170.78,2.0
2224,63,141.12,2.0
2224,440,200.17,
2224,577,61.76,3.0
2225,123,79.64,2.0
2225,193,142.88,1.0
2225,300,173.53,3.0
2225,322,245.9,1.0
2225,909,203.1,1.0
2226,175,150.13,2.0
2226,379,148.21,2.0
2226,852,239.79,3.0
2226,913,,2.0
2227,75,154.27,3.0
2227,237,115.28,1.0
2227,403,99.71,2.0
2228,120,183.66,1.0
2228,836,244.73,3.0
2228,862,160.96,2.0
2229,8,63.45,1.0
2229,186,233.84,3.0
2229,404,95.37,1.0
2229,635,132.03,3.0
2230,552,96.49,3.0
2230,704,50.64,1.0
2230,717,207.78,1.0
2230,744,231.74,2.0
2231,34,62.0,1.0
2231,166,192.62,3.0
2231,510,,3.0
2231,720,225.01,1.0
2231,837,249.04,1.0
2232,285,177.93,3.0
2232,300,173.53,3.0
2232,442,105.37,3.0
2232,708,191.55,
2233,56,162.42,1.0
2233,373,160.95,2.0
2233,474,224.08,2.0
2233,626,95.95,1.0
2233,851,221.01,2.0
2234,102,227.13,3.0
2234,321,129.7,1.0
2234,357,77.1,1.0
2234,520,171.69,3.0
2234,829,95.21,2.0
2235,345,168.81,3.0
2235,581,165.07,2.0
2235,599,227.54,2.0
2235,837,249.04,
2235,848,58.97,2.0
2236,92,168.26,3.0
2236,269,,2.0
2236,318,68.99,3.0
2236,465,230.21,1.0
2236,596,195.79,
2237,26,181.39,1.0
2237,62,84.49,2.0
2237,98,246.81,1.0
2237,248,124.74,1.0
2237,279,200.37,1.0
2238,324,231.64,3.0
2238,643,98.94,3.0
2238,890,177.49,2.0
2238,983,,1.0
2239,52,147.19,
2239,216,87.98,2.0
2239,358,,2.0
2239,474,224.08,1.0
2239,528,,1.0
2240,55,238.3,1.0
2240,332,129.36,1.0
2240,652,150.27,1.0
2240,777,176.22,1.0
2241,137,110.1,2.0
2241,162,76.84,3.0
2241,414,184.12,2.0
2242,238,203.38,
2242,322,245.9,2.0
2242,487,141.3,3.0
2242,651,126.72,1.0
2243,87,150.25,2.0
2243,351,155.07,3.0
2243,488,80.54,
2243,910,142.16,3.0
2243,994,59.99,3.0
2244,7,95.98,2.0
2244,307,197.91,1.0
2244,732,247.41,1.0
2244,881,150.03,
2245,319,57.58,1.0
2245,676,141.76,1.0
2245,778,149.89,3.0
2246,124,139.26,3.0
2246,352,226.63,2.0
2246,544,244.85,2.0
2246,857,60.36,3.0
2246,861,,3.0
2247,217,78.51,3.0
2247,286,159.85,3.0
2247,679,90.4,2.0
2248,163,193.4,2.0
2248,231,229.82,2.0
2248,286,159.85,2.0
2248,909,203.1,2.0
2249,716,63.71,1.0
2249,767,106.78,1.0
2249,850,,1.0
2249,885,,1.0
2250,330,103.52,1.0
2250,557,102.94,1.0
2250,650,65.51,2.0
2250,814,160.37,1.0
2251,85,169.02,3.0
2251,270,,2.0
2251,327,149.0,3.0
2251,548,216.83,1.0
2251,698,86.52,3.0
2252,88,183.78,1.0
2252,353,247.18,3.0
2252,712,151.86,2.0
2252,758,83.48,1.0
2253,305,147.13,1.0
2253,729,233.18,1.0
2253,774,226.25,1.0
2254,10,62.55,3.0
2254,56,162.42,2.0
2254,806,146.82,1.0
2255,132,221.69,2.0
2255,168,62.42,3.0
2255,539,93.75,3.0
2255,606,79.36,2.0
2255,787,164.1,3.0
2256,156,204.33,2.0
2256,169,116.7,2.0
2256,747,241.7,3.0
2256,876,227.05,3.0
2256,879,107.5,3.0
2257,358,134.49,3.0
2257,466,,2.0
2257,496,145.41,2.0
2257,669,230.08,2.0
2258,247,207.42,2.0
2258,306,196.65,2.0
2258,387,200.4,3.0
2258,638,68.44,1.0
2258,745,180.42,1.0
2259,215,152.98,2.0
2259,305,147.13,1.0
2259,339,52.62,3.0
2260,54,84.5,
2260,697,77.43,2.0
2260,874,173.76,2.0
2261,128,94.73,2.0
2261,167,56.81,2.0
2261,574,118.2,2.0
2261,829,95.21,1.0
2262,181,120.56,1.0
2262,219,237.76,1.0
2262,281,242.32,2.0
2262,410,70.81,2.0
2262,917,87.21,2.0
2263,277,156.48,2.0
2263,285,177.93,1.0
2263,485,52.72,1.0
2263,675,64.53,3.0
2264,39,200.01,2.0
2264,230,142.07,1.0
2264,480,185.48,2.0
2264,699,230.12,2.0
2264,917,87.21,1.0
2265,121,152.74,1.0
2265,493,173.08,2.0
2265,758,83.48,1.0
2265,763,68.54,2.0
2265,906,93.79,1.0
2266,181,120.56,3.0
2266,208,57.13,2.0
2266,438,131.49,
2266,706,124.5,2.0
2266,864,104.77,1.0
2267,37,65.77,1.0
2267,577,61.76,3.0
2267,675,64.53,1.0
2268,246,,2.0
2268,425,235.7,3.0
2268,849,54.69,1.0
2269,196,82.73,2.0
2269,589,62.33,1.0
2269,664,,1.0
2269,818,78.09,2.0
2270,200,230.67,
2270,404,,3.0
2270,498,174.24,3.0
2271,219,237.76,2.0
2271,693,117.46,2.0
2271,712,151.86,1.0
2271,772,103.65,1.0
2272,124,139.26,2.0
2272,661,83.39,1.0
2272,676,141.76,3.0
2272,810,,3.0
2273,183,126.36,3.0
2273,517,106.05,3.0
2273,723,176.43,2.0
2274,125,146.21,1.0
2274,153,92.66,2.0
2274,210,208.67,1.0
2274,795,,2.0
2275,33,116.23,3.0
2275,538,232.66,3.0
2275,871,243.22,2.0
2276,70,135.13,3.0
2276,423,221.14,3.0
2276,671,204.75,3.0
2276,699,230.12,1.0
2276,734,201.32,3.0
2277,315,125.67,1.0
2277,642,157.65,1.0
2277,705,91.17,1.0
2278,249,224.27,3.0
2278,634,112.99,1.0
2278,777,176.22,3.0
2279,109,120.8,3.0
2279,231,229.82,1.0
2279,254,129.75,3.0
2279,695,77.45,3.0
2279,794,112.71,2.0
2280,216,87.98,1.0
2280,561,150.52,3.0
2280,967,110.73,2.0
2281,106,140.96,2.0
2281,580,210.06,2.0
2281,677,239.14,3.0
2281,686,138.01,3.0
2282,5,165.12,3.0
2282,683,143.94,3.0
2282,826,241.6,2.0
2283,28,96.21,1.0
2283,152,63.89,2.0
2283,504,,3.0
2283,506,201.97,2.0
2283,827,,3.0
2284,867,92.12,3.0
2284,929,197.89,3.0
2284,930,232.52,3.0
2285,43,116.23,1.0
2285,167,56.81,1.0
2285,259,57.05,3.0
2285,666,109.41,2.0
2285,790,125.07,2.0
2286,774,226.25,3.0
2286,894,88.22,1.0
2286,921,156.4,2.0
2287,90,180.87,2.0
2287,324,,1.0
2287,341,125.25,2.0
2287,463,198.51,3.0
2287,605,138.19,3.0
2288,42,226.48,3.0
2288,69,153.27,1.0
2288,224,226.21,3.0
2288,957,117.34,2.0
2289,72,143.79,2.0
2289,694,51.93,1.0
2289,849,54.69,3.0
2289,858,219.38,3.0
2289,897,153.0,
2290,102,227.13,1.0
2290,474,224.08,2.0
2290,608,220.66,2.0
2290,629,195.26,1.0
2291,256,114.14,2.0
2291,260,87.94,3.0
2291,538,232.66,3.0
2291,815,75.93,3.0
2292,417,224.94,3.0
2292,657,55.71,2.0
2292,958,198.75,3.0
2293,5,165.12,2.0
2293,22,74.05,1.0
2293,443,244.96,2.0
2293,546,145.42,2.0
2293,898,208.88,2.0
2294,104,173.39,2.0
2294,195,153.66,3.0
2294,532,70.73,2.0
2294,673,71.97,3.0
2294,827,172.87,2.0
2295,136,64.57,3.0
2295,427,113.76,3.0
2295,485,52.72,1.0
2295,908,146.12,2.0
2295,936,157.52,2.0
2296,45,170.78,1.0
2296,317,132.96,
2296,334,175.68,1.0
2296,731,207.18,
2297,24,,1.0
2297,56,162.42,2.0
2297,288,101.72,2.0
2297,545,,1.0
2297,628,237.6,3.0
2298,15,62.94,1.0
2298,348,203.33,3.0
2298,484,199.61,
2298,586,241.2,2.0
2298,918,216.21,2.0
2299,233,243.92,3.0
2299,294,237.5,3.0
2299,311,160.61,3.0
2299,884,107.9,1.0
2300,17,128.61,1.0
2300,268,80.87,2.0
2300,408,100.88,3.0
2300,589,62.33,2.0
2300,890,,1.0
2301,43,,2.0
2301,210,208.67,3.0
2301,622,124.39,1.0
2302,13,236.18,2.0
2302,342,91.83,2.0
2302,691,166.4,2.0
2302,764,184.08,2.0
2303,350,61.9,1.0
2303,466,220.25,2.0
2303,572,87.01,1.0
2304,433,242.72,1.0
2304,537,220.97,2.0
2304,681,235.72,2.0
2304,833,189.81,3.0
2304,883,133.41,2.0
2305,303,134.23,2.0
2305,333,184.45,1.0
2305,736,173.14,3.0
2305,765,189.72,1.0
2305,999,66.5,1.0
2306,104,,3.0
2306,409,121.46,1.0
2306,684,248.13,3.0
2306,953,61.07,1.0
2307,8,63.45,1.0
2307,59,80.92,1.0
2307,350,61.9,2.0
2308,520,171.69,3.0
2308,573,61.97,1.0
2308,785,249.16,2.0
2308,849,54.69,2.0
2309,75,154.27,2.0
2309,876,227.05,1.0
2309,978,218.51,1.0
2310,667,124.68,1.0
2310,679,90.4,1.0
2310,703,171.58,1.0
2310,731,207.18,1.0
2310,812,119.48,1.0
2311,478,155.47,2.0
2311,633,116.68,1.0
2311,977,63.96,1.0
2312,124,139.26,2.0
2312,393,188.3,1.0
2312,481,115.71,3.0
2312,849,54.69,1.0
2313,307,197.91,3.0
2313,485,52.72,1.0
2313,817,216.7,3.0
2314,395,,1.0
2314,402,101.5,1.0
2314,513,234.35,1.0
2314,854,155.1,2.0
2314,936,157.52,1.0
2315,133,240.19,1.0
2315,582,195.63,3.0
2315,858,219.38,3.0
2315,976,80.22,2.0
2315,987,182.97,3.0
2316,173,65.65,1.0
2316,332,129.36,
2316,373,,3.0
2316,429,99.3,3.0
2316,473,,3.0
2317,86,192.31,2.0
2317,198,180.7,2.0
2317,373,160.95,2.0
2317,403,99.71,2.0
2317,445,232.1,
2318,21,184.17,1.0
2318,47,95.83,3.0
2318,70,135.13,2.0
2318,790,125.07,3.0
2319,659,163.96,2.0
2319,892,164.04,1.0
2319,939,113.97,1.0
2320,214,67.39,3.0
2320,251,,1.0
2320,781,,1.0
2320,979,205.27,3.0
2321,40,146.27,3.0
2321,129,200.64,3.0
2321,326,173.51,3.0
2321,541,184.84,2.0
2321,609,205.56,1.0
2322,101,141.82,2.0
2322,438,131.49,2.0
2322,630,160.61,2.0
2323,228,110.69,1.0
2323,277,156.48,1.0
2323,291,181.87,3.0
2323,531,51.53,2.0
2323,869,192.32,2.0
2324,223,83.22,2.0
2324,244,204.28,2.0
2324,384,137.63,1.0
2324,679,90.4,3.0
2325,540,162.04,3.0
2325,895,187.0,2.0
2325,996,196.78,
2326,83,125.49,
2326,399,166.38,3.0
2326,572,87.01,2.0
2326,609,205.56,3.0
2326,819,57.53,3.0
2327,203,,2.0
2327,656,168.41,1.0
2327,774,,3.0
2327,973,,3.0
2328,335,146.92,1.0
2328,419,183.25,2.0
2328,923,149.87,3.0
2329,24,247.44,1.0
2329,186,233.84,3.0
2329,228,110.69,2.0
2329,514,247.43,1.0
2329,750,149.73,3.0
2330,223,83.22,2.0
2330,288,101.72,2.0
2330,303,134.23,2.0
2330,497,,3.0
2330,498,174.24,1.0
2331,98,246.81,3.0
2331,271,80.13,2.0
2331,376,152.57,3.0
2331,380,210.24,3.0
2331,914,108.92,3.0
2332,61,112.13,2.0
2332,64,183.33,3.0
2332,230,142.07,1.0
2333,144,111.9,1.0
2333,248,124.74,1.0
2333,821,119.15,2.0
2333,925,64.95,
2334,374,86.56,2.0
2334,593,97.97,3.0
2334,975,187.08,2.0
2335,5,165.12,2.0
2335,161,109.19,1.0
2335,371,51.0,1.0
2335,423,221.14,3.0
2335,765,189.72,1.0
2336,336,229.24,3.0
2336,639,110.99,1.0
2336,741,90.08,3.0
2336,749,,2.0
2337,196,82.73,
2337,310,157.3,2.0
2337,591,61.38,1.0
2337,981,60.43,2.0
2338,16,,2.0
2338,163,,3.0
2338,261,71.6,3.0
2338,658,165.29,2.0
2339,456,199.14,3.0
2339,568,217.68,2.0
2339,600,169.99,2.0
2339,739,196.68,3.0
2340,101,141.82,1.0
2340,528,198.95,1.0
2340,656,168.41,3.0
2340,946,226.43,1.0
2341,3,132.41,1.0
2341,72,143.79,3.0
2341,78,166.26,3.0
2341,470,244.46,3.0
2341,912,101.23,1.0
2342,36,197.14,1.0
2342,94,85.78,1.0
2342,248,124.74,3.0
2342,259,,1.0
2343,571,179.32,1.0
2343,914,108.92,1.0
2343,958,198.75,2.0
2344,120,183.66,2.0
2344,125,146.21,1.0
2344,556,246.31,3.0
2344,609,205.56,1.0
2344,924,196.23,2.0
2345,40,146.27,2.0
2345,91,176.48,2.0
2345,369,83.25,3.0
2346,545,128.32,2.0
2346,654,133.29,2.0
2346,796,213.28,3.0
2347,714,113.33,3.0
2347,908,146.12,1.0
2347,922,246.25,1.0
2348,319,57.58,1.0
2348,438,131.49,2.0
2348,996,196.78,
2349,647,99.37,1.0
2349,733,188.04,1.0
2349,739,196.68,1.0
2350,383,203.93,1.0
2350,656,168.41,2.0
2350,788,213.43,2.0
2351,12,114.63,3.0
2351,363,87.53,2.0
2351,703,171.58,
2351,767,106.78,3.0
2351,938,92.58,3.0
2352,35,146.61,1.0
2352,637,56.45,3.0
2352,724,53.44,1.0
2352,822,132.13,3.0
2352,936,157.52,1.0
2353,297,146.37,3.0
2353,573,61.97,1.0
2353,848,58.97,1.0
2354,570,77.81,2.0
2354,601,189.18,1.0
2354,865,150.88,2.0
2355,257,51.04,3.0
2355,652,150.27,1.0
2355,663,130.57,
2356,642,157.65,3.0
2356,801,207.59,3.0
2356,869,,2.0
2356,872,159.66,3.0
2356,977,63.96,2.0
2357,230,142.07,3.0
2357,494,64.74,2.0
2357,536,162.12,
2357,881,150.03,2.0
2358,383,203.93,2.0
2358,598,119.08,1.0
2358,688,62.79,3.0
2358,879,107.5,2.0
2358,994,59.99,3.0
2359,497,175.73,2.0
2359,504,,1.0
2359,738,185.7,1.0
2359,959,239.53,3.0
2359,960,244.86,2.0
2360,213,206.95,3.0
2360,292,214.47,2.0
2360,429,99.3,1.0
2360,430,88.19,2.0
2361,275,99.56,1.0
2361,487,141.3,1.0
2361,715,180.14,1.0
2361,875,127.14,1.0
2362,146,215.92,
2362,326,173.51,3.0
2362,795,127.79,2.0
2362,928,235.84,3.0
2363,70,135.13,3.0
2363,556,246.31,3.0
2363,922,246.25,1.0
2364,714,113.33,2.0
2364,730,167.65,3.0
2364,933,140.94,3.0
2365,93,202.8,3.0
2365,472,63.46,2.0
2365,656,168.41,
2366,73,204.1,1.0
2366,354,85.44,3.0
2366,521,195.86,2.0
2366,910,142.16,3.0
2366,911,112.85,3.0
2367,157,246.43,1.0
2367,187,,2.0
2367,619,134.73,2.0
2367,633,116.68,1.0
2367,666,109.41,3.0
2368,55,238.3,2.0
2368,230,142.07,3.0
2368,279,200.37,3.0
2368,615,85.81,2.0
2369,18,66.18,
2369,216,87.98,1.0
2369,357,77.1,2.0
2369,960,244.86,3.0
2370,213,,3.0
2370,440,200.17,2.0
2370,542,229.25,1.0
2371,14,238.51,
2371,615,85.81,2.0
2371,644,102.24,2.0
2372,212,219.1,3.0
2372,534,190.45,3.0
2372,959,239.53,1.0
2373,9,214.61,
2373,205,56.5,
2373,448,91.2,2.0
2373,844,133.38,3.0
2374,82,95.97,1.0
2374,115,178.84,3.0
2374,246,64.86,3.0
2374,982,96.15,2.0
2375,126,139.84,2.0
2375,306,196.65,2.0
2375,328,93.55,1.0
2375,635,132.03,3.0
2375,839,124.12,3.0
2376,298,69.9,3.0
2376,379,148.21,1.0
2376,453,152.15,1.0
2376,572,87.01,1.0
2377,489,65.95,1.0
2377,600,169.99,1.0
2377,871,243.22,3.0
2378,179,174.38,2.0
2378,246,64.86,2.0
2378,326,173.51,3.0
2378,688,62.79,1.0
2378,691,166.4,1.0
2379,80,117.92,3.0
2379,506,201.97,1.0
2379,881,150.03,3.0
2380,47,95.83,1.0
2380,273,216.8,3.0
2380,302,124.05,3.0
2380,441,208.41,2.0
2380,498,174.24,1.0
2381,61,112.13,1.0
2381,289,128.11,1.0
2381,839,124.12,
2381,889,132.36,3.0
2382,246,64.86,2.0
2382,393,188.3,2.0
2382,542,229.25,2.0
2382,658,165.29,2.0
2383,16,196.57,1.0
2383,449,80.11,2.0
2383,534,190.45,2.0
2383,559,164.08,3.0
2383,577,61.76,2.0
2384,62,84.49,3.0
2384,364,217.62,1.0
2384,890,177.49,1.0
2384,984,246.44,3.0
2385,209,151.17,2.0
2385,210,208.67,2.0
2385,317,132.96,1.0
2385,406,192.02,1.0
2385,676,141.76,1.0
2386,358,134.49,3.0
2386,434,199.38,3.0
2386,692,101.01,3.0
2386,986,94.04,3.0
2387,64,183.33,1.0
2387,697,77.43,1.0
2387,890,177.49,1.0
2388,33,116.23,1.0
2388,775,131.39,2.0
2388,943,173.92,3.0
2389,99,224.99,2.0
2389,163,193.4,2.0
2389,245,136.11,1.0
2389,330,103.52,
2389,624,67.8,1.0
2390,62,84.49,3.0
2390,112,97.85,3.0
2390,362,177.66,1.0
2390,666,109.41,1.0
2391,179,174.38,3.0
2391,222,92.66,3.0
2391,402,101.5,2.0
2391,483,109.71,3.0
2391,907,121.43,2.0
2392,8,63.45,3.0
2392,370,176.52,1.0
2392,723,176.43,1.0
2392,980,211.03,
2393,144,111.9,1.0
2393,518,232.96,1.0
2393,652,150.27,2.0
2394,96,171.87,1.0
2394,164,91.14,2.0
2394,215,152.98,1.0
2394,499,165.93,3.0
2395,61,112.13,3.0
2395,553,128.85,1.0
2395,810,160.28,
2395,814,160.37,1.0
2396,593,97.97,1.0
2396,743,180.58,2.0
2396,927,195.53,3.0
2397,71,86.5,3.0
2397,221,142.79,1.0
2397,248,124.74,3.0
2397,336,229.24,3.0
2397,571,179.32,2.0
2398,483,109.71,2.0
2398,671,204.75,3.0
2398,785,249.16,2.0
2399,317,132.96,3.0
2399,506,201.97,2.0
2399,612,152.96,2.0
2399,915,239.01,2.0
2400,149,209.72,2.0
2400,702,,1.0
2400,736,173.14,3.0
2400,903,64.48,3.0
2401,105,232.06,3.0
2401,815,75.93,1.0
2401,927,195.53,3.0
2402,417,224.94,3.0
2402,477,245.15,1.0
2402,901,142.02,3.0
2402,963,220.36,1.0
2403,5,165.12,3.0
2403,547,186.62,3.0
2403,989,,1.0
2404,672,79.28,1.0
2404,783,125.75,3.0
2404,802,,1.0
2405,291,,2.0
2405,729,233.18,1.0
2405,893,195.69,1.0
2405,903,64.48,1.0
2405,980,211.03,1.0
2406,216,87.98,2.0
2406,339,52.62,3.0
2406,409,121.46,2.0
2406,719,,2.0
2406,814,160.37,2.0
2407,219,237.76,2.0
2407,422,120.82,2.0
2407,482,129.89,3.0
2407,823,243.4,1.0
2407,918,216.21,2.0
2408,39,200.01,3.0
2408,230,142.07,3.0
2408,509,94.66,1.0
2408,812,119.48,1.0
2408,890,177.49,2.0
2409,285,177.93,2.0
2409,393,188.3,3.0
2409,608,220.66,2.0
2409,614,174.25,1.0
2409,925,64.95,1.0
2410,35,146.61,2.0
2410,498,174.24,3.0
2410,795,127.79,3.0
2410,807,198.27,2.0
2411,236,185.64,2.0
2411,291,181.87,3.0
2411,397,238.21,2.0
2411,444,62.33,2.0
2411,468,72.43,1.0
2412,299,,2.0
2412,670,60.76,2.0
2412,852,239.79,3.0
2412,857,60.36,2.0
2413,269,81.71,2.0
2413,338,118.52,2.0
2413,638,68.44,
2413,853,151.97,1.0
2414,17,128.61,2.0
2414,89,81.47,1.0
2414,542,229.25,1.0
2414,779,92.97,1.0
2414,814,160.37,2.0
2415,141,140.89,2.0
2415,143,72.98,3.0
2415,256,114.14,1.0
2415,527,157.45,1.0
2416,113,102.99,
2416,285,177.93,1.0
2416,391,185.14,1.0
2416,635,132.03,2.0
2416,853,151.97,3.0
2417,35,146.61,2.0
2417,253,211.86,1.0
2417,439,226.19,3.0
2417,881,150.03,3.0
2418,305,147.13,
2418,472,63.46,1.0
2418,944,77.61,1.0
2419,265,245.93,1.0
2419,428,174.0,1.0
2419,571,,2.0
2419,994,59.99,3.0
2420,164,91.14,
2420,263,93.74,2.0
2420,271,80.13,3.0
2420,864,104.77,3.0
2421,176,75.79,3.0
2421,203,202.04,3.0
2421,336,229.24,3.0
2421,381,56.19,2.0
2421,774,226.25,1.0
2422,132,221.69,2.0
2422,736,173.14,3.0
2422,780,73.93,2.0
2423,413,207.64,2.0
2423,428,174.0,3.0
2423,786,,2.0
2424,99,224.99,2.0
2424,121,152.74,3.0
2424,363,87.53,1.0
2424,432,56.08,1.0
2425,468,72.43,3.0
2425,946,,2.0
2425,994,59.99,2.0
2426,274,189.78,1.0
2426,531,51.53,3.0
2426,656,168.41,2.0
2426,826,241.6,1.0
2427,206,148.94,1.0
2427,261,71.6,2.0
2427,357,77.1,3.0
2427,730,167.65,1.0
2427,910,142.16,2.0
2428,38,104.28,1.0
2428,227,234.63,2.0
2428,798,80.05,
2428,903,64.48,1.0
2429,55,238.3,3.0
2429,432,56.08,1.0
2429,473,,3.0
2430,68,206.01,3.0
2430,92,168.26,2.0
2430,139,106.94,1.0
2431,33,,1.0
2431,582,,2.0
2431,689,132.29,2.0
2431,931,122.11,3.0
2431,979,205.27,2.0
2432,355,140.68,1.0
2432,830,56.52,2.0
2432,943,173.92,2.0
2433,78,166.26,3.0
2433,327,149.0,
2433,556,246.31,2.0
2433,925,64.95,1.0
2434,122,69.72,1.0
2434,698,86.52,3.0
2434,812,119.48,2.0
2434,936,,2.0
2435,238,203.38,1.0
2435,476,164.01,1.0
2435,722,134.69,2.0
2436,334,175.68,2.0
2436,387,200.4,3.0
2436,638,68.44,2.0
2436,746,98.77,3.0
2437,56,162.42,
2437,121,152.74,1.0
2437,722,134.69,1.0
2438,218,215.86,3.0
2438,585,178.27,1.0
2438,747,241.7,1.0
2438,887,217.22,
2439,107,123.53,1.0
2439,221,142.79,3.0
2439,541,184.84,2.0
2439,620,137.63,1.0
2440,94,85.78,2.0
2440,260,87.94,3.0
2440,583,150.9,1.0
2441,414,184.12,1.0
2441,431,208.24,1.0
2441,594,196.51,
2441,666,109.41,2.0
2441,992,88.48,2.0
2442,276,245.17,3.0
2442,480,185.48,2.0
2442,650,65.51,3.0
2442,995,113.27,1.0
2443,4,102.01,1.0
2443,272,73.28,2.0
2443,295,225.4,
2443,379,148.21,2.0
2444,196,82.73,3.0
2444,268,80.87,1.0
2444,271,80.13,3.0
2444,311,160.61,1.0
2444,632,218.24,1.0
2445,749,74.3,3.0
2445,911,112.85,2.0
2445,972,143.26,1.0
2446,142,56.89,3.0
2446,155,116.62,2.0
2446,624,67.8,2.0
2446,776,225.87,2.0
2447,19,146.71,2.0
2447,259,57.05,1.0
2447,380,210.24,1.0
2448,72,143.79,1.0
2448,364,217.62,3.0
2448,931,122.11,
2449,107,123.53,3.0
2449,218,,2.0
2449,420,55.79,
2449,572,87.01,1.0
2449,820,51.21,2.0
2450,144,111.9,3.0
2450,302,124.05,1.0
2450,466,220.25,1.0
2450,514,247.43,1.0
2450,551,162.25,2.0
2451,154,146.97,1.0
2451,489,65.95,
2451,512,185.45,3.0
2451,551,162.25,3.0
2451,728,246.11,3.0
2452,667,124.68,2.0
2452,786,110.34,1.0
2452,928,235.84,3.0
2453,92,168.26,1.0
2453,459,94.26,1.0
2453,565,148.85,2.0
2454,266,200.67,3.0
2454,331,133.75,3.0
2454,882,191.38,1.0
2454,930,232.52,3.0
2455,7,95.98,3.0
2455,212,219.1,1.0
2455,758,83.48,2.0
2455,772,103.65,3.0
2456,152,63.89,2.0
2456,201,50.2,1.0
2456,300,173.53,3.0
2456,966,,3.0
2457,92,168.26,1.0
2457,172,103.8,1.0
2457,398,118.83,1.0
2458,147,177.18,3.0
2458,304,208.6,3.0
2458,383,203.93,1.0
2458,949,248.37,2.0
2459,169,116.7,3.0
2459,841,196.07,3.0
2459,997,75.45,2.0
2460,209,151.17,3.0
2460,314,186.8,1.0
2460,410,70.81,
2460,595,56.33,2.0
2460,833,189.81,2.0
2461,102,227.13,2.0
2461,320,57.22,2.0
2461,675,64.53,2.0
2461,952,245.6,3.0
2462,314,186.8,3.0
2462,370,176.52,3.0
2462,886,76.08,3.0
2462,900,247.74,3.0
2463,125,146.21,1.0
2463,705,91.17,2.0
2463,973,,2.0
2464,186,233.84,3.0
2464,262,114.64,1.0
2464,712,151.86,1.0
2464,909,203.1,3.0
2465,38,104.28,3.0
2465,49,237.53,1.0
2465,205,56.5,1.0
2465,552,96.49,3.0
2466,236,,2.0
2466,420,55.79,2.0
2466,560,124.85,3.0
2466,682,103.7,1.0
2466,909,203.1,
2467,587,62.1,2.0
2467,686,138.01,3.0
2467,981,60.43,3.0
2468,152,63.89,3.0
2468,159,170.35,3.0
2468,635,132.03,1.0
2468,958,198.75,1.0
2469,127,108.62,1.0
2469,163,193.4,3.0
2469,388,231.18,1.0
2469,813,246.86,3.0
2470,78,166.26,3.0
2470,513,234.35,2.0
2470,684,248.13,1.0
2471,408,100.88,2.0
2471,550,83.71,3.0
2471,756,133.58,3.0
2471,782,158.46,2.0
2471,842,107.24,3.0
2472,120,183.66,1.0
2472,136,64.57,3.0
2472,308,117.08,3.0
2472,458,243.84,2.0
2473,183,126.36,3.0
2473,207,88.92,1.0
2473,453,152.15,3.0
2473,787,164.1,3.0
2473,836,244.73,1.0
2474,483,109.71,3.0
2474,557,102.94,3.0
2474,696,231.65,3.0
2474,854,155.1,2.0
2474,864,104.77,3.0
2475,230,142.07,3.0
2475,388,231.18,3.0
2475,525,201.26,1.0
2475,610,118.1,2.0
2476,44,93.13,2.0
2476,353,247.18,2.0
2476,491,214.4,2.0
2476,819,57.53,2.0
2477,63,141.12,3.0
2477,604,223.98,3.0
2477,820,51.21,2.0
2478,61,112.13,3.0
2478,429,99.3,2.0
2478,583,150.9,2.0
2478,822,132.13,1.0
2479,36,197.14,1.0
2479,224,226.21,3.0
2479,924,196.23,2.0
2480,185,,2.0
2480,535,167.78,2.0
2480,577,61.76,2.0
2480,604,223.98,1.0
2481,60,71.49,2.0
2481,471,189.72,2.0
2481,933,140.94,3.0
2482,44,93.13,1.0
2482,331,133.75,3.0
2482,601,189.18,3.0
2482,682,103.7,1.0
2482,966,206.2,1.0
2483,192,62.03,1.0
2483,417,,2.0
2483,540,162.04,3.0
2483,939,113.97,
2484,256,114.14,
2484,311,,3.0
2484,407,174.05,2.0
2485,158,118.43,3.0
2485,386,208.73,2.0
2485,627,160.87,2.0
2485,941,60.5,2.0
2486,56,162.42,3.0
2486,119,151.13,1.0
2486,179,174.38,1.0
2486,631,183.29,1.0
2486,838,124.38,1.0
2487,268,80.87,1.0
2487,472,63.46,1.0
2487,500,136.7,2.0
2487,794,112.71,2.0
2487,982,96.15,2.0
2488,592,195.71,2.0
2488,807,198.27,3.0
2488,888,80.36,1.0
2489,8,63.45,2.0
2489,69,153.27,1.0
2489,371,51.0,2.0
2490,327,149.0,1.0
2490,376,152.57,3.0
2490,483,109.71,1.0
2490,674,155.82,1.0
2491,516,113.3,1.0
2491,697,77.43,1.0
2491,973,79.62,2.0
2492,312,57.94,3.0
2492,363,87.53,3.0
2492,471,189.72,3.0
2492,503,51.95,1.0
2492,575,,1.0
2493,27,76.78,1.0
2493,73,204.1,1.0
2493,168,62.42,3.0
2493,680,149.96,2.0
2493,779,92.97,1.0
2494,232,208.43,1.0
2494,752,208.54,3.0
2494,777,176.22,2.0
2494,964,106.28,3.0
2495,238,203.38,1.0
2495,431,208.24,3.0
2495,439,226.19,1.0
2495,463,198.51,2.0
2495,880,227.92,1.0
2496,52,147.19,3.0
2496,323,170.98,
2496,385,78.48,1.0
2496,776,,3.0
2497,85,169.02,3.0
2497,124,139.26,1.0
2497,517,106.05,1.0
2497,990,76.1,3.0
2498,120,183.66,2.0
2498,149,209.72,1.0
2498,573,61.97,1.0
2498,827,172.87,3.0
2498,963,220.36,1.0
2499,272,73.28,3.0
2499,276,245.17,1.0
2499,477,245.15,3.0
2499,606,79.36,2.0
2500,36,197.14,2.0
2500,232,208.43,3.0
2500,545,128.32,3.0
2501,11,114.72,3.0
2501,272,73.28,2.0
2501,428,174.0,3.0
2501,441,208.41,2.0
2501,867,92.12,3.0
2502,23,203.41,
2502,37,65.77,2.0
2502,478,155.47,3.0
2502,506,201.97,3.0
2502,787,164.1,3.0
2503,47,95.83,2.0
2503,183,126.36,1.0
2503,585,178.27,3.0
2504,387,200.4,3.0
2504,535,167.78,2.0
2504,583,150.9,1.0
2504,785,249.16,3.0
2504,951,81.4,3.0
2505,195,153.66,1.0
2505,272,73.28,2.0
2505,616,178.66,2.0
2505,687,176.38,1.0
2505,890,177.49,2.0
2506,14,238.51,1.0
2506,80,117.92,1.0
2506,205,56.5,2.0
2506,331,133.75,2.0
2507,506,201.97,2.0
2507,929,197.89,1.0
2507,964,106.28,1.0
2508,36,197.14,3.0
2508,73,204.1,3.0
2508,306,,1.0
2508,393,188.3,1.0
2508,985,154.3,2.0
2509,94,85.78,3.0
2509,326,173.51,3.0
2509,338,118.52,2.0
2509,747,241.7,3.0
2510,109,120.8,1.0
2510,219,237.76,3.0
2510,247,207.42,3.0
2510,499,,1.0
2510,819,57.53,1.0
2511,146,215.92,3.0
2511,506,201.97,3.0
2511,778,149.89,2.0
2511,831,208.58,1.0
2511,961,79.78,1.0
2512,250,184.37,
2512,289,128.11,1.0
2512,440,200.17,2.0
2512,590,153.28,2.0
2512,842,107.24,3.0
2513,3,132.41,2.0
2513,670,60.76,2.0
2513,684,248.13,3.0
2513,797,220.47,2.0
2514,215,152.98,3.0
2514,229,89.49,3.0
2514,399,166.38,1.0
2514,430,88.19,1.0
2514,482,129.89,1.0
2515,205,56.5,1.0
2515,550,83.71,1.0
2515,722,134.69,
2515,778,149.89,3.0
2516,659,163.96,2.0
2516,874,173.76,3.0
2516,919,169.1,2.0
2517,447,83.16,2.0
2517,668,88.59,1.0
2517,756,133.58,3.0
2518,171,201.72,3.0
2518,406,192.02,1.0
2518,437,224.5,1.0
2518,470,244.46,3.0
2518,855,146.69,1.0
2519,160,97.07,3.0
2519,184,218.95,3.0
2519,194,185.69,2.0
2519,739,196.68,3.0
2520,51,106.86,3.0
2520,118,62.77,3.0
2520,142,,1.0
2520,179,174.38,1.0
2521,445,232.1,1.0
2521,780,73.93,1.0
2521,834,127.56,1.0
2522,585,178.27,1.0
2522,906,93.79,2.0
2522,934,84.39,3.0
2523,265,245.93,3.0
2523,535,167.78,1.0
2523,560,124.85,3.0
2523,733,188.04,2.0
2524,391,185.14,3.0
2524,530,,2.0
2524,611,177.27,3.0
2525,219,237.76,1.0
2525,486,172.25,2.0
2525,491,214.4,1.0
2525,779,92.97,3.0
2525,852,239.79,
2526,81,223.52,3.0
2526,238,203.38,2.0
2526,917,87.21,2.0
2527,132,221.69,1.0
2527,144,,1.0
2527,500,136.7,3.0
2527,856,233.37,
2528,282,216.11,1.0
2528,397,238.21,1.0
2528,401,227.82,1.0
2528,511,219.43,3.0
2528,908,146.12,3.0
2529,193,142.88,
2529,240,189.89,1.0
2529,753,54.32,2.0
2530,387,,3.0
2530,454,155.48,3.0
2530,523,229.28,2.0
2530,716,63.71,2.0
2530,805,159.55,1.0
2531,199,121.89,1.0
2531,211,92.17,
2531,274,189.78,
2531,620,137.63,1.0
2531,706,124.5,3.0
2532,49,237.53,2.0
2532,155,116.62,1.0
2532,290,168.98,1.0
2532,884,,1.0
2533,49,237.53,
2533,58,231.34,1.0
2533,285,177.93,2.0
2533,360,125.34,3.0
2533,556,246.31,1.0
2534,25,195.55,1.0
2534,434,199.38,3.0
2534,551,162.25,3.0
2534,552,96.49,2.0
2535,193,142.88,1.0
2535,442,105.37,1.0
2535,458,243.84,2.0
2535,671,,3.0
2536,154,146.97,1.0
2536,266,200.67,3.0
2536,835,163.93,
2536,945,115.38,1.0
2536,996,196.78,1.0
2537,373,160.95,2.0
2537,516,113.3,3.0
2537,600,169.99,2.0
2537,612,152.96,3.0
2538,212,,3.0
2538,839,124.12,3.0
2538,898,208.88,2.0
2538,991,204.99,3.0
2539,393,188.3,3.0
2539,427,113.76,3.0
2539,461,171.34,2.0
2539,659,163.96,1.0
2540,278,100.46,3.0
2540,526,217.47,2.0
2540,806,146.82,3.0
2541,153,92.66,3.0
2541,513,234.35,2.0
2541,751,121.44,2.0
2541,756,133.58,2.0
2541,990,,2.0
2542,20,237.34,3.0
2542,348,203.33,1.0
2542,689,,1.0
2542,819,57.53,
2543,377,,1.0
2543,532,,1.0
2543,576,227.01,2.0
2543,858,219.38,1.0
2544,72,143.79,1.0
2544,148,241.66,3.0
2544,583,150.9,3.0
2544,822,,3.0
2544,906,93.79,3.0
2545,238,203.38,1.0
2545,340,67.14,2.0
2545,499,165.93,3.0
2545,718,,3.0
2545,967,110.73,3.0
2546,140,174.01,1.0
2546,309,124.79,2.0
2546,805,159.55,3.0
2547,292,214.47,1.0
2547,893,195.69,1.0
2547,899,199.38,3.0
2548,586,241.2,2.0
2548,693,117.46,3.0
2548,715,180.14,2.0
2548,789,138.29,1.0
2549,822,132.13,1.0
2549,898,208.88,3.0
2549,952,245.6,3.0
2550,5,165.12,3.0
2550,663,130.57,1.0
2550,702,81.84,2.0
2550,999,66.5,1.0
2551,34,62.0,3.0
2551,122,69.72,
2551,204,124.94,2.0
2551,315,125.67,2.0
2551,646,191.41,1.0
2552,65,160.5,1.0
2552,83,125.49,3.0
2552,120,183.66,1.0
2553,129,200.64,2.0
2553,266,200.67,1.0
2553,596,195.79,1.0
2553,737,127.14,2.0
2553,739,196.68,3.0
2554,188,105.53,3.0
2554,352,226.63,3.0
2554,950,209.25,3.0
2555,145,69.03,1.0
2555,844,133.38,2.0
2555,901,142.02,3.0
2555,970,54.56,1.0
2556,263,93.74,3.0
2556,532,70.73,3.0
2556,609,,3.0
2556,930,232.52,1.0
2556,961,79.78,3.0
2557,136,64.57,1.0
2557,241,69.12,1.0
2557,372,145.25,3.0
2557,577,61.76,3.0
2557,770,215.18,1.0
2558,119,151.13,3.0
2558,299,70.27,3.0
2558,491,214.4,
2558,751,121.44,1.0
2558,781,181.2,2.0
2559,70,135.13,
2559,703,171.58,1.0
2559,847,163.66,1.0
2560,55,238.3,3.0
2560,443,,2.0
2560,563,105.31,2.0
2560,878,50.82,1.0
2561,102,227.13,2.0
2561,410,70.81,2.0
2561,726,122.98,2.0
2561,786,110.34,2.0
2561,913,156.18,1.0
2562,53,60.45,1.0
2562,412,242.29,1.0
2562,573,61.97,2.0
2563,253,211.86,2.0
2563,631,183.29,3.0
2563,688,62.79,1.0
2563,831,208.58,3.0
2564,35,146.61,2.0
2564,130,121.41,3.0
2564,186,,3.0
2564,772,103.65,1.0
2564,939,113.97,3.0
2565,13,236.18,2.0
2565,209,151.17,2.0
2565,736,173.14,2.0
2565,869,192.32,2.0
2566,51,106.86,2.0
2566,573,61.97,3.0
2566,676,141.76,1.0
2567,247,207.42,3.0
2567,516,113.3,3.0
2567,630,160.61,3.0
2567,820,51.21,2.0
2568,62,84.49,1.0
2568,523,,2.0
2568,904,163.76,1.0
2569,14,238.51,3.0
2569,94,85.78,2.0
2569,426,227.24,
2569,910,142.16,3.0
2569,938,92.58,2.0
2570,320,57.22,1.0
2570,414,184.12,1.0
2570,584,245.83,1.0
2570,946,226.43,1.0
2571,353,247.18,
2571,392,113.94,2.0
2571,395,203.83,2.0
2571,539,93.75,3.0
2571,640,97.33,
2572,93,202.8,3.0
2572,285,177.93,1.0
2572,403,99.71,1.0
2573,100,126.84,1.0
2573,225,58.78,
2573,298,69.9,1.0
2573,869,192.32,3.0
2574,258,67.56,3.0
2574,364,217.62,3.0
2574,770,215.18,2.0
2574,798,80.05,1.0
2575,112,97.85,2.0
2575,252,195.57,1.0
2575,340,67.14,1.0
2575,675,64.53,2.0
2576,63,,1.0
2576,127,108.62,1.0
2576,520,171.69,2.0
2576,613,163.05,2.0
2576,989,218.85,3.0
2577,227,234.63,
2577,382,138.74,3.0
2577,498,174.24,1.0
2577,843,218.71,2.0
2577,982,96.15,1.0
2578,61,112.13,3.0
2578,349,,3.0
2578,642,157.65,3.0
2578,801,207.59,2.0
2578,812,119.48,3.0
2579,15,62.94,3.0
2579,311,160.61,2.0
2579,498,174.24,3.0
2579,518,232.96,2.0
2579,935,98.57,1.0
2580,523,229.28,3.0
2580,682,103.7,2.0
2580,823,243.4,3.0
2580,874,173.76,1.0
2581,18,66.18,2.0
2581,262,114.64,3.0
2581,754,219.81,2.0
2582,157,246.43,2.0
2582,313,223.73,1.0
2582,369,83.25,2.0
2582,789,138.29,3.0
2582,951,81.4,3.0
2583,9,214.61,3.0
2583,762,133.63,2.0
2583,961,79.78,1.0
2583,993,83.38,2.0
2584,17,128.61,2.0
2584,305,147.13,3.0
2584,652,150.27,3.0
2585,127,108.62,2.0
2585,239,220.93,2.0
2585,382,138.74,2.0
2585,507,226.65,3.0
2586,133,240.19,3.0
2586,205,56.5,2.0
2586,960,244.86,2.0
2587,45,170.78,1.0
2587,87,150.25,2.0
2587,297,146.37,2.0
2587,491,214.4,1.0
2587,599,227.54,
2588,61,112.13,3.0
2588,441,,1.0
2588,756,133.58,2.0
2588,771,76.39,1.0
2588,959,,3.0
2589,149,209.72,2.0
2589,195,153.66,1.0
2589,363,87.53,3.0
2589,753,54.32,1.0
2590,383,203.93,3.0
2590,436,170.1,1.0
2590,776,225.87,3.0
2591,204,124.94,3.0
2591,468,72.43,1.0
2591,601,189.18,3.0
2591,894,88.22,3.0
2592,13,236.18,1.0
2592,327,149.0,1.0
2592,458,243.84,1.0
2592,566,122.7,1.0
2592,902,98.7,2.0
2593,108,66.24,2.0
2593,279,200.37,3.0
2593,880,227.92,3.0
2593,919,169.1,2.0
2593,926,64.91,1.0
2594,70,135.13,3.0
2594,544,244.85,1.0
2594,930,,1.0
2595,229,89.49,1.0
2595,398,118.83,2.0
2595,676,141.76,3.0
2595,903,64.48,3.0
2595,961,79.78,2.0
2596,423,221.14,1.0
2596,555,187.68,2.0
2596,764,184.08,1.0
2596,865,150.88,3.0
2597,53,60.45,2.0
2597,435,249.48,3.0
2597,472,63.46,1.0
2597,546,145.42,1.0
2597,608,220.66,2.0
2598,193,,3.0
2598,339,52.62,1.0
2598,597,208.18,2.0
2598,606,79.36,
2598,790,125.07,1.0
2599,69,153.27,1.0
2599,75,154.27,2.0
2599,314,186.8,1.0
2599,661,,1.0
2600,635,132.03,1.0
2600,833,189.81,3.0
2600,886,,1.0
2600,896,238.61,3.0
2601,588,151.91,2.0
2601,649,,2.0
2601,702,81.84,1.0
2601,751,121.44,3.0
2602,173,65.65,2.0
2602,350,61.9,3.0
2602,534,190.45,2.0
2603,187,125.22,3.0
2603,204,124.94,3.0
2603,739,196.68,1.0
2603,976,80.22,2.0
2603,986,94.04,2.0
2604,102,227.13,1.0
2604,178,186.24,3.0
2604,807,198.27,3.0
2605,161,109.19,1.0
2605,904,163.76,1.0
2605,976,80.22,3.0
2606,271,80.13,1.0
2606,427,113.76,2.0
2606,556,246.31,1.0
2607,62,84.49,3.0
2607,178,186.24,2.0
2607,195,153.66,
2607,502,146.58,3.0
2607,774,226.25,3.0
2608,161,109.19,3.0
2608,663,130.57,
2608,767,106.78,2.0
2609,293,168.57,3.0
2609,366,106.38,2.0
2609,408,100.88,3.0
2609,440,200.17,2.0
2609,790,125.07,1.0
2610,574,118.2,2.0
2610,856,233.37,2.0
2610,869,192.32,3.0
2610,950,209.25,1.0
2610,995,113.27,1.0
2611,277,156.48,2.0
2611,298,69.9,2.0
2611,428,174.0,3.0
2612,102,227.13,2.0
2612,157,246.43,3.0
2612,211,92.17,2.0
2613,358,134.49,1.0
2613,641,59.05,3.0
2613,741,90.08,2.0
2614,644,102.24,3.0
2614,821,119.15,2.0
2615,44,93.13,3.0
2615,498,174.24,2.0
2615,652,150.27,2.0
2615,761,78.05,2.0
2615,980,211.03,3.0
2616,384,137.63,
2616,570,77.81,2.0
2616,590,153.28,3.0
2616,658,165.29,3.0
2616,688,62.79,2.0
2617,291,181.87,1.0
2617,435,249.48,3.0
2617,478,155.47,2.0
2618,96,171.87,3.0
2618,154,146.97,1.0
2618,469,115.23,3.0
2618,950,209.25,2.0
2619,61,112.13,2.0
2619,579,202.8,3.0
2619,889,132.36,2.0
2620,66,167.64,1.0
2620,481,115.71,1.0
2620,483,109.71,3.0
2620,881,150.03,1.0
2620,909,203.1,2.0
2621,129,,2.0
2621,307,197.91,1.0
2621,408,100.88,1.0
2621,467,176.42,3.0
2621,489,65.95,2.0
2622,169,116.7,1.0
2622,489,65.95,1.0
2622,787,164.1,2.0
2622,837,249.04,3.0
2623,209,151.17,1.0
2623,627,160.87,2.0
2623,694,51.93,3.0
2623,896,238.61,3.0
2624,15,62.94,2.0
2624,354,85.44,2.0
2624,409,121.46,2.0
2624,416,141.33,
2624,545,128.32,2.0
2625,474,224.08,3.0
2625,557,102.94,3.0
2625,669,230.08,3.0
2626,167,56.81,
2626,224,226.21,2.0
2626,541,184.84,1.0
2627,460,89.74,
2627,649,160.83,2.0
2627,907,121.43,3.0
2628,139,106.94,2.0
2628,469,115.23,3.0
2628,561,150.52,2.0
2629,50,121.44,3.0
2629,51,106.86,2.0
2629,197,220.79,2.0
2629,519,180.71,
2630,73,204.1,1.0
2630,372,145.25,1.0
2630,601,,1.0
2630,693,117.46,1.0
2631,119,151.13,2.0
2631,366,106.38,2.0
2631,848,58.97,1.0
2632,214,,2.0
2632,242,142.14,1.0
2632,779,92.97,2.0
2633,501,125.53,1.0
2633,806,146.82,1.0
2633,856,233.37,1.0
2634,106,,3.0
2634,196,82.73,2.0
2634,357,77.1,2.0
2634,537,220.97,2.0
2635,442,105.37,1.0
2635,663,130.57,2.0
2635,875,127.14,2.0
2635,899,199.38,3.0
2636,154,146.97,2.0
2636,349,138.39,3.0
2636,659,163.96,1.0
2636,979,205.27,1.0
2637,204,124.94,1.0
2637,616,178.66,2.0
2637,966,206.2,2.0
2638,151,226.05,3.0
2638,415,92.65,2.0
2638,594,196.51,3.0
2638,597,,1.0
2638,893,195.69,3.0
2639,137,110.1,2.0
2639,350,61.9,3.0
2639,367,192.22,3.0
2639,415,92.65,3.0
2639,526,217.47,3.0
2640,73,204.1,3.0
2640,203,202.04,3.0
2640,410,70.81,
2640,1000,133.67,2.0
2641,207,88.92,2.0
2641,718,153.46,1.0
2641,768,230.68,2.0
2642,462,77.21,
2642,611,177.27,1.0
2643,172,103.8,1.0
2643,253,211.86,2.0
2643,737,127.14,2.0
2643,764,184.08,1.0
2644,16,196.57,1.0
2644,189,187.35,2.0
2644,561,150.52,2.0
2644,591,61.38,2.0
2644,594,196.51,2.0
2645,425,235.7,1.0
2645,537,220.97,1.0
2645,609,205.56,2.0
2645,729,,3.0
2646,207,88.92,1.0
2646,426,,3.0
2646,687,176.38,2.0
2647,185,134.78,3.0
2647,336,229.24,3.0
2647,362,177.66,3.0
2647,715,180.14,1.0
2647,788,213.43,1.0
2648,159,170.35,1.0
2648,393,188.3,3.0
2648,690,239.97,3.0
2649,150,213.11,3.0
2649,683,143.94,3.0
2649,827,172.87,3.0
2649,929,197.89,
2650,34,62.0,1.0
2650,56,162.42,1.0
2650,382,138.74,3.0
2650,564,228.93,2.0
2650,681,235.72,1.0
2651,92,168.26,2.0
2651,234,194.51,3.0
2651,248,124.74,1.0
2651,594,,1.0
2651,621,189.73,2.0
2652,657,55.71,2.0
2652,761,78.05,3.0
2652,871,243.22,1.0
2652,934,84.39,1.0
2653,111,209.87,3.0
2653,261,71.6,2.0
2653,777,176.22,3.0
2654,147,177.18,2.0
2654,255,248.35,1.0
2654,856,233.37,1.0
2654,952,245.6,1.0
2655,66,167.64,2.0
2655,236,185.64,3.0
2655,255,248.35,2.0
2655,335,146.92,1.0
2655,435,249.48,1.0
2656,291,181.87,1.0
2656,352,,2.0
2656,722,134.69,1.0
2656,816,171.99,
2657,377,52.08,2.0
2657,615,85.81,2.0
2657,766,249.63,
2658,175,150.13,1.0
2658,587,62.1,3.0
2658,928,235.84,2.0
2659,653,82.55,3.0
2659,772,103.65,2.0
2659,874,173.76,1.0
2660,2,80.34,
2660,170,105.05,2.0
2660,418,104.84,2.0
2660,794,112.71,
2660,889,132.36,3.0
2661,61,112.13,2.0
2661,269,81.71,3.0
2661,625,71.81,3.0
2662,41,141.64,1.0
2662,128,94.73,2.0
2662,366,106.38,1.0
2662,827,172.87,2.0
2662,886,76.08,2.0
2663,237,115.28,2.0
2663,646,191.41,2.0
2663,740,111.83,3.0
2663,887,217.22,3.0
2663,953,61.07,
2664,474,224.08,1.0
2664,477,245.15,1.0
2664,730,167.65,3.0
2665,250,184.37,1.0
2665,495,127.08,3.0
2665,734,201.32,2.0
2666,34,62.0,3.0
2666,165,69.55,1.0
2666,200,230.67,1.0
2666,761,78.05,1.0
2667,28,96.21,2.0
2667,114,164.82,3.0
2667,314,186.8,3.0
2667,811,223.59,1.0
2668,16,196.57,1.0
2668,75,154.27,2.0
2668,118,62.77,3.0
2668,382,138.74,3.0
2669,69,153.27,2.0
2669,175,150.13,1.0
2669,816,171.99,1.0
2669,858,219.38,1.0
2669,905,98.14,3.0
2670,584,245.83,2.0
2670,674,155.82,1.0
2670,747,241.7,1.0
2670,770,215.18,2.0
2670,851,221.01,3.0
2671,297,146.37,2.0
2671,550,83.71,3.0
2671,770,215.18,1.0
2671,889,132.36,2.0
2672,172,103.8,2.0
2672,182,204.96,3.0
2672,603,153.0,3.0
2672,873,148.67,3.0
2673,60,71.49,3.0
2673,201,50.2,3.0
2673,350,61.9,3.0
2673,509,94.66,1.0
2673,910,142.16,2.0
2674,368,209.82,1.0
2674,574,118.2,1.0
2674,957,117.34,2.0
2675,384,137.63,3.0
2675,513,234.35,2.0
2675,819,57.53,1.0
2675,830,56.52,1.0
2675,998,168.56,2.0
2676,691,166.4,1.0
2676,804,232.19,2.0
2676,821,119.15,2.0
2676,922,246.25,1.0
2677,54,84.5,1.0
2677,83,125.49,2.0
2677,425,235.7,3.0
2677,616,178.66,1.0
2677,684,248.13,3.0
2678,175,150.13,1.0
2678,378,148.58,1.0
2678,480,185.48,2.0
2678,615,85.81,2.0
2678,856,233.37,3.0
2679,35,146.61,2.0
2679,580,210.06,1.0
2679,793,202.22,
2680,567,,2.0
2680,652,150.27,3.0
2680,833,189.81,3.0
2681,201,50.2,3.0
2681,749,74.3,1.0
2681,772,103.65,3.0
2681,789,138.29,1.0
2681,983,78.57,3.0
2682,97,83.87,2.0
2682,381,56.19,3.0
2682,550,83.71,2.0
2682,626,95.95,2.0
2682,728,246.11,1.0
2683,145,,3.0
2683,380,210.24,1.0
2683,410,70.81,3.0
2683,429,99.3,2.0
2684,253,211.86,3.0
2684,705,91.17,2.0
2684,808,233.39,1.0
2685,65,160.5,2.0
2685,381,56.19,1.0
2685,903,64.48,3.0
2685,920,147.21,2.0
2686,290,168.98,3.0
2686,404,95.37,3.0
2686,485,52.72,1.0
2686,556,246.31,2.0
2686,908,146.12,1.0
2687,146,,1.0
2687,568,217.68,2.0
2687,682,103.7,3.0
2688,425,235.7,1.0
2688,441,208.41,3.0
2688,520,171.69,3.0
2688,664,,2.0
2688,741,90.08,2.0
2689,161,109.19,2.0
2689,573,61.97,1.0
2689,607,222.02,2.0
2690,111,209.87,1.0
2690,175,150.13,2.0
2690,258,67.56,
2690,308,117.08,1.0
2690,998,168.56,1.0
2691,55,238.3,3.0
2691,450,148.27,1.0
2691,501,125.53,2.0
2691,546,145.42,2.0
2692,318,68.99,1.0
2692,424,246.7,1.0
2692,488,80.54,1.0
2693,5,165.12,3.0
2693,39,200.01,2.0
2693,126,139.84,2.0
2693,798,80.05,2.0
2693,940,,2.0
2694,272,73.28,1.0
2694,556,246.31,3.0
2694,626,95.95,3.0
2694,923,149.87,2.0
2695,426,227.24,3.0
2695,563,105.31,2.0
2695,588,151.91,3.0
2695,633,116.68,1.0
2695,980,211.03,3.0
2696,257,51.04,1.0
2696,456,199.14,2.0
2696,484,,1.0
2696,758,83.48,3.0
2696,824,170.3,1.0
2697,192,62.03,2.0
2697,448,91.2,
2697,602,86.81,2.0
2698,99,224.99,3.0
2698,559,164.08,3.0
2698,586,241.2,1.0
2698,941,60.5,1.0
2699,173,65.65,2.0
2699,285,177.93,3.0
2699,347,136.1,2.0
2699,789,138.29,3.0
2699,997,75.45,2.0
2700,294,237.5,1.0
2700,322,245.9,1.0
2700,650,65.51,2.0
2700,716,63.71,2.0
2700,886,76.08,2.0
2701,73,204.1,3.0
2701,612,152.96,1.0
2701,634,112.99,1.0
2702,278,100.46,1.0
2702,680,149.96,1.0
2702,712,151.86,1.0
2703,110,87.63,2.0
2703,817,216.7,2.0
2703,896,238.61,1.0
2704,306,196.65,2.0
2704,340,67.14,3.0
2704,666,109.41,1.0
2704,970,54.56,2.0
2705,659,163.96,3.0
2705,758,,1.0
2705,912,101.23,
2706,41,141.64,3.0
2706,234,194.51,1.0
2706,547,186.62,3.0
2706,644,102.24,3.0
2707,14,238.51,3.0
2707,415,92.65,3.0
2707,542,229.25,2.0
2707,882,191.38,
2708,123,79.64,2.0
2708,584,245.83,2.0
2708,591,61.38,3.0
2708,678,201.53,2.0
2708,732,247.41,1.0
2709,31,240.33,2.0
2709,250,184.37,1.0
2709,334,175.68,1.0
2709,710,139.0,1.0
2709,815,75.93,2.0
2710,577,61.76,3.0
2710,632,218.24,2.0
2710,980,211.03,3.0
2711,129,200.64,
2711,278,100.46,2.0
2711,420,55.79,
2711,906,93.79,2.0
2712,482,,2.0
2712,878,50.82,1.0
2712,966,206.2,1.0
2713,129,200.64,1.0
2713,606,79.36,3.0
2713,946,226.43,1.0
2713,973,79.62,3.0
2714,420,55.79,1.0
2714,555,187.68,3.0
2714,912,101.23,3.0
2715,111,209.87,1.0
2715,440,200.17,2.0
2715,845,225.55,1.0
2716,207,88.92,
2716,319,57.58,
2716,913,156.18,3.0
2717,353,247.18,2.0
2717,761,78.05,1.0
2717,812,119.48,3.0
2717,895,187.0,1.0
2717,994,59.99,2.0
2718,216,87.98,2.0
2718,230,142.07,1.0
2718,907,121.43,2.0
2719,304,208.6,1.0
2719,460,89.74,1.0
2719,841,196.07,3.0
2720,231,229.82,1.0
2720,581,165.07,3.0
2720,586,241.2,2.0
2720,882,191.38,2.0
2720,990,76.1,3.0
2721,17,128.61,1.0
2721,343,70.29,2.0
2721,609,205.56,1.0
2721,709,92.58,
2722,270,127.17,3.0
2722,736,173.14,
2722,776,225.87,2.0
2722,960,244.86,1.0
2722,985,154.3,
2723,183,126.36,1.0
2723,272,73.28,1.0
2723,352,226.63,3.0
2723,489,65.95,2.0
2723,628,,3.0
2724,153,92.66,3.0
2724,216,87.98,1.0
2724,483,109.71,3.0
2724,809,66.18,2.0
2724,921,156.4,3.0
2725,348,,3.0
2725,352,226.63,3.0
2725,531,51.53,2.0
2725,573,61.97,3.0
2726,56,162.42,3.0
2726,57,,1.0
2726,146,215.92,1.0
2726,967,110.73,3.0
2726,976,80.22,3.0
2727,58,231.34,2.0
2727,151,226.05,1.0
2727,212,219.1,1.0
2727,637,56.45,1.0
2728,74,,2.0
2728,350,61.9,1.0
2728,489,65.95,1.0
2728,894,88.22,2.0
2729,106,140.96,
2729,517,106.05,3.0
2729,657,55.71,
2730,8,63.45,2.0
2730,32,161.45,2.0
2730,429,99.3,2.0
2730,984,246.44,2.0
2731,117,85.95,1.0
2731,555,187.68,2.0
2731,798,80.05,3.0
2732,360,125.34,1.0
2732,482,129.89,2.0
2732,614,174.25,1.0
2732,661,83.39,2.0
2732,784,112.27,3.0
2733,56,162.42,2.0
2733,445,232.1,1.0
2733,865,150.88,1.0
2733,903,64.48,1.0
2734,32,,2.0
2734,800,76.15,1.0
2734,806,146.82,3.0
2735,69,153.27,2.0
2735,721,107.84,1.0
2735,765,189.72,1.0
2736,61,112.13,
2736,315,125.67,1.0
2736,948,145.76,2.0
2737,22,74.05,3.0
2737,65,160.5,
2737,615,85.81,2.0
2737,669,230.08,3.0
2737,879,107.5,2.0
2738,399,166.38,3.0
2738,607,222.02,1.0
2738,784,112.27,3.0
2738,849,54.69,3.0
2739,253,211.86,1.0
2739,408,100.88,1.0
2739,747,241.7,1.0
2739,790,125.07,2.0
2740,416,141.33,2.0
2740,432,56.08,2.0
2740,533,91.11,3.0
2740,979,,2.0
2741,232,208.43,2.0
2741,237,,1.0
2741,602,86.81,1.0
2741,718,153.46,1.0
2741,765,189.72,1.0
2742,115,178.84,3.0
2742,567,167.33,3.0
2742,840,135.48,2.0
2742,908,146.12,3.0
2743,112,97.85,
2743,733,,1.0
2743,785,249.16,1.0
2743,988,225.45,2.0
2744,261,71.6,3.0
2744,325,149.23,1.0
2744,328,93.55,1.0
2744,348,203.33,2.0
2744,357,77.1,2.0
2745,185,134.78,2.0
2745,225,58.78,1.0
2745,357,77.1,2.0
2746,68,206.01,3.0
2746,273,216.8,2.0
2746,312,57.94,1.0
2746,364,217.62,3.0
2746,502,146.58,2.0
2747,83,125.49,2.0
2747,143,72.98,1.0
2747,414,184.12,2.0
2747,453,152.15,2.0
2747,647,99.37,3.0
2748,485,52.72,3.0
2748,746,98.77,2.0
2748,965,239.42,3.0
2749,276,245.17,1.0
2749,353,247.18,1.0
2749,504,208.11,2.0
2749,917,87.21,2.0
2749,962,158.95,2.0
2750,371,51.0,3.0
2750,581,165.07,3.0
2750,768,230.68,3.0
2750,987,182.97,1.0
2750,994,59.99,1.0
2751,132,221.69,1.0
2751,271,80.13,3.0
2751,443,244.96,2.0
2751,464,191.8,3.0
2751,941,60.5,1.0
2752,288,101.72,3.0
2752,614,174.25,3.0
2752,898,,2.0
2752,918,216.21,
2753,184,218.95,2.0
2753,187,125.22,1.0
2753,203,202.04,1.0
2753,525,201.26,2.0
2754,86,192.31,2.0
2754,335,146.92,2.0
2754,807,198.27,2.0
2754,878,50.82,1.0
2755,768,230.68,1.0
2755,921,156.4,2.0
2755,922,246.25,1.0
2756,18,66.18,1.0
2756,138,221.92,1.0
2756,289,128.11,1.0
2756,494,64.74,1.0
2756,664,199.35,2.0
2757,49,237.53,1.0
2757,391,185.14,3.0
2757,789,138.29,1.0
2758,158,118.43,1.0
2758,688,62.79,2.0
2758,740,111.83,3.0
2758,919,169.1,1.0
2759,384,137.63,1.0
2759,473,196.68,1.0
2759,715,180.14,3.0
2760,106,140.96,3.0
2760,199,121.89,3.0
2760,750,149.73,3.0
2760,764,184.08,2.0
2761,65,160.5,1.0
2761,163,193.4,1.0
2761,404,95.37,1.0
2761,532,70.73,2.0
2761,643,98.94,1.0
2762,72,143.79,3.0
2762,345,,3.0
2762,603,153.0,3.0
2762,922,246.25,2.0
2763,153,92.66,2.0
2763,294,237.5,2.0
2763,678,201.53,3.0
2763,717,207.78,3.0
2763,729,233.18,1.0
2764,601,189.18,2.0
2764,649,160.83,1.0
2764,671,204.75,3.0
2765,94,85.78,2.0
2765,288,101.72,2.0
2765,981,60.43,2.0
2766,130,121.41,2.0
2766,644,102.24,3.0
2766,716,63.71,3.0
2767,92,168.26,1.0
2767,661,83.39,3.0
2767,837,,2.0
2767,860,91.93,1.0
2767,954,,2.0
2768,100,126.84,2.0
2768,103,67.22,2.0
2768,733,188.04,1.0
2768,786,110.34,2.0
2769,73,204.1,2.0
2769,396,195.67,3.0
2769,510,133.23,3.0
2770,102,227.13,
2770,145,69.03,3.0
2770,316,159.68,3.0
2771,342,91.83,3.0
2771,612,152.96,2.0
2771,776,225.87,2.0
2772,111,209.87,3.0
2772,406,192.02,1.0
2772,575,124.4,3.0
2773,59,80.92,3.0
2773,118,62.77,2.0
2773,210,208.67,1.0
2773,354,85.44,3.0
2773,416,141.33,1.0
2774,209,151.17,1.0
2774,392,113.94,2.0
2774,662,175.98,1.0
2774,965,239.42,3.0
2775,70,135.13,1.0
2775,781,181.2,1.0
2775,803,182.99,1.0
2775,994,59.99,1.0
2776,101,141.82,2.0
2776,117,85.95,2.0
2776,705,91.17,
2776,992,88.48,1.0
2777,2,80.34,3.0
2777,492,218.49,2.0
2777,847,163.66,1.0
2777,987,182.97,1.0
2778,317,132.96,3.0
2778,384,137.63,
2778,579,202.8,2.0
2779,314,186.8,2.0
2779,967,,3.0
2779,993,83.38,2.0
2780,307,197.91,3.0
2780,316,159.68,2.0
2780,363,87.53,1.0
2781,223,83.22,2.0
2781,432,56.08,2.0
2781,779,92.97,1.0
2781,910,142.16,3.0
2782,458,243.84,2.0
2782,710,139.0,2.0
2782,824,170.3,2.0
2783,155,116.62,2.0
2783,523,229.28,3.0
2783,605,138.19,3.0
2783,811,223.59,2.0
2784,273,216.8,2.0
2784,312,57.94,1.0
2784,315,125.67,3.0
2784,545,128.32,3.0
2784,707,212.57,1.0
2785,28,96.21,3.0
2785,183,126.36,1.0
2785,235,239.95,2.0
2785,727,148.9,3.0
2785,850,232.72,1.0
2786,390,82.52,2.0
2786,708,191.55,3.0
2786,731,207.18,1.0
2786,901,142.02,1.0
2787,204,124.94,2.0
2787,396,195.67,3.0
2787,534,190.45,3.0
2787,607,222.02,2.0
2788,257,51.04,3.0
2788,320,,1.0
2788,392,113.94,3.0
2789,95,222.28,3.0
2789,181,120.56,3.0
2789,372,145.25,2.0
2789,626,95.95,1.0
2790,394,191.95,3.0
2790,921,156.4,3.0
2790,961,79.78,1.0
2791,71,86.5,1.0
2791,284,191.93,1.0
2791,346,96.77,1.0
2791,802,158.8,1.0
2791,934,84.39,1.0
2792,273,216.8,3.0
2792,349,138.39,3.0
2792,375,216.37,2.0
2792,719,53.18,1.0
2792,971,103.93,1.0
2793,22,74.05,3.0
2793,98,246.81,2.0
2793,199,121.89,2.0
2794,82,95.97,2.0
2794,792,237.91,2.0
2794,879,107.5,1.0
2795,62,84.49,2.0
2795,137,110.1,2.0
2795,461,171.34,3.0
2795,738,185.7,1.0
2796,17,128.61,1.0
2796,96,171.87,1.0
2796,917,87.21,1.0
2797,165,69.55,2.0
2797,439,226.19,3.0
2797,475,227.5,3.0
2797,978,218.51,3.0
2798,357,77.1,1.0
2798,647,99.37,1.0
2798,675,64.53,1.0
2799,228,110.69,2.0
2799,660,185.42,2.0
2799,702,81.84,2.0
2799,857,60.36,2.0
2800,96,171.87,2.0
2800,304,,3.0
2800,310,157.3,3.0
2800,606,79.36,1.0
2800,831,208.58,1.0
2801,267,,2.0
2801,412,242.29,2.0
2801,579,202.8,3.0
2802,250,184.37,2.0
2802,453,152.15,1.0
2802,538,232.66,2.0
2802,560,124.85,1.0
2803,215,152.98,1.0
2803,775,131.39,1.0
2803,783,125.75,
2804,91,,2.0
2804,162,76.84,3.0
2804,334,175.68,
2804,366,106.38,3.0
2804,770,215.18,2.0
2805,29,62.51,1.0
2805,390,82.52,2.0
2805,498,174.24,3.0
2806,178,186.24,3.0
2806,412,242.29,2.0
2806,716,63.71,1.0
2807,261,71.6,1.0
2807,374,86.56,3.0
2807,756,133.58,1.0
2808,272,,1.0
2808,480,185.48,2.0
2808,486,172.25,3.0
2808,758,83.48,
2809,111,209.87,2.0
2809,333,184.45,2.0
2809,526,217.47,3.0
2809,567,167.33,
2809,908,146.12,3.0
2810,198,180.7,2.0
2810,454,155.48,3.0
2810,539,93.75,1.0
2810,588,151.91,3.0
2810,624,,2.0
2811,261,71.6,1.0
2811,373,160.95,3.0
2811,379,148.21,3.0
2811,802,158.8,
2811,882,191.38,3.0
2812,232,208.43,2.0
2812,932,189.85,3.0
2812,934,84.39,3.0
2813,376,152.57,1.0
2813,479,160.63,1.0
2813,880,227.92,3.0
2814,125,146.21,1.0
2814,132,221.69,2.0
2814,328,93.55,3.0
2815,247,207.42,3.0
2815,259,57.05,1.0
2815,495,127.08,1.0
2815,598,119.08,3.0
2815,613,163.05,1.0
2816,323,170.98,3.0
2816,617,70.77,3.0
2816,673,71.97,3.0
2816,971,103.93,1.0
2817,142,56.89,3.0
2817,296,217.57,3.0
2817,459,94.26,1.0
2817,479,160.63,2.0
2817,667,124.68,2.0
2818,122,69.72,3.0
2818,293,168.57,1.0
2818,426,227.24,2.0
2818,499,165.93,1.0
2818,770,215.18,2.0
2819,28,96.21,1.0
2819,83,125.49,1.0
2819,605,138.19,1.0
2819,720,225.01,3.0
2820,88,,1.0
2820,204,124.94,3.0
2820,215,152.98,2.0
2820,443,,3.0
2820,723,176.43,1.0
2821,184,218.95,2.0
2821,260,87.94,1.0
2821,327,149.0,2.0
2821,562,205.86,1.0
2821,864,104.77,2.0
2822,12,,2.0
2822,281,242.32,3.0
2822,455,235.33,2.0
2822,742,153.3,3.0
2823,412,242.29,1.0
2823,711,187.54,3.0
2823,784,112.27,1.0
2824,343,70.29,3.0
2824,470,244.46,2.0
2824,475,227.5,2.0
2824,956,212.49,2.0
2824,978,,3.0
2825,465,230.21,1.0
2825,870,77.14,3.0
2825,874,173.76,3.0
2826,150,213.11,1.0
2826,568,217.68,1.0
2826,802,158.8,3.0
2827,643,98.94,2.0
2827,644,102.24,1.0
2827,853,151.97,3.0
2827,994,59.99,1.0
2828,291,181.87,3.0
2828,295,225.4,
2828,311,160.61,1.0
2828,535,,3.0
2828,747,241.7,1.0
2829,336,229.24,3.0
2829,413,207.64,1.0
2829,520,171.69,3.0
2829,974,55.39,2.0
2830,209,151.17,2.0
2830,440,200.17,3.0
2830,914,108.92,3.0
2831,278,100.46,3.0
2831,534,,1.0
2831,604,,2.0
2832,158,118.43,3.0
2832,509,94.66,1.0
2832,691,166.4,2.0
2832,965,239.42,2.0
2833,71,86.5,1.0
2833,321,129.7,3.0
2833,605,138.19,
2833,955,151.86,2.0
2834,174,141.85,3.0
2834,347,136.1,2.0
2834,800,76.15,3.0
2835,305,147.13,3.0
2835,354,85.44,1.0
2835,397,238.21,3.0
2835,517,106.05,1.0
2836,454,155.48,1.0
2836,546,145.42,2.0
2836,824,170.3,2.0
2836,927,195.53,1.0
2837,198,180.7,2.0
2837,288,101.72,3.0
2837,312,57.94,3.0
2837,403,99.71,2.0
2837,575,124.4,2.0
2838,512,185.45,2.0
2838,753,54.32,
2838,926,64.91,3.0
2838,944,77.61,
2838,978,218.51,2.0
2839,209,151.17,3.0
2839,300,173.53,3.0
2839,354,,2.0
2840,239,220.93,2.0
2840,581,165.07,3.0
2840,791,169.28,2.0
2840,875,127.14,1.0
2841,11,114.72,3.0
2841,107,123.53,3.0
2841,161,109.19,1.0
2841,437,224.5,
2842,247,207.42,2.0
2842,531,51.53,2.0
2842,864,104.77,1.0
2842,981,60.43,2.0
2843,327,149.0,2.0
2843,492,218.49,3.0
2843,575,124.4,2.0
2843,630,160.61,3.0
2843,922,246.25,3.0
2844,150,213.11,3.0
2844,228,110.69,2.0
2844,345,168.81,3.0
2844,400,186.19,1.0
2845,203,202.04,2.0
2845,592,195.71,1.0
2845,755,198.93,1.0
2846,428,174.0,2.0
2846,538,232.66,2.0
2846,735,237.3,3.0
2846,773,148.67,2.0
2846,898,208.88,3.0
2847,169,116.7,2.0
2847,472,63.46,1.0
2847,757,228.29,3.0
2847,776,225.87,3.0
2848,129,,3.0
2848,616,178.66,3.0
2848,701,209.76,
2848,763,68.54,1.0
2849,256,114.14,3.0
2849,592,195.71,
2849,786,,3.0
2850,102,227.13,3.0
2850,578,67.16,1.0
2850,596,195.79,
2850,721,107.84,1.0
2850,739,196.68,3.0
2851,125,146.21,1.0
2851,482,129.89,3.0
2851,601,189.18,2.0
2852,396,195.67,
2852,451,222.6,2.0
2852,480,185.48,1.0
2853,298,69.9,1.0
2853,429,99.3,2.0
2853,816,171.99,1.0
2853,978,218.51,
2854,257,51.04,3.0
2854,381,56.19,1.0
2854,662,175.98,1.0
2855,303,134.23,2.0
2855,306,196.65,2.0
2855,555,187.68,3.0
2855,622,124.39,3.0
2856,7,95.98,3.0
2856,38,104.28,2.0
2856,191,226.32,3.0
2856,194,185.69,1.0
2857,179,174.38,2.0
2857,605,138.19,1.0
2857,878,50.82,1.0
2858,132,221.69,1.0
2858,205,56.5,1.0
2858,740,111.83,1.0
2858,859,67.61,3.0
2858,884,107.9,3.0
2859,153,92.66,1.0
2859,354,85.44,2.0
2859,776,225.87,1.0
2859,847,163.66,2.0
2860,398,118.83,3.0
2860,653,,3.0
2860,912,101.23,2.0
2861,323,170.98,3.0
2861,542,229.25,2.0
2861,879,107.5,3.0
2861,994,59.99,3.0
2862,57,140.97,2.0
2862,347,136.1,2.0
2862,551,162.25,1.0
2862,613,163.05,3.0
2862,640,97.33,3.0
2863,96,171.87,2.0
2863,374,86.56,3.0
2863,729,233.18,2.0
2863,738,185.7,
2863,783,125.75,1.0
2864,45,170.78,1.0
2864,67,,2.0
2864,884,107.9,2.0
2864,930,232.52,2.0
2865,200,230.67,1.0
2865,216,87.98,1.0
2865,477,245.15,2.0
2866,98,246.81,2.0
2866,337,,1.0
2866,462,77.21,1.0
2866,766,249.63,2.0
2866,970,54.56,1.0
2867,30,207.25,1.0
2867,536,162.12,2.0
2867,710,139.0,2.0
2868,29,62.51,2.0
2868,235,239.95,1.0
2868,278,100.46,3.0
2868,682,,2.0
2868,734,201.32,2.0
2869,150,213.11,2.0
2869,384,,3.0
2869,403,99.71,2.0
2869,573,61.97,2.0
2870,121,,2.0
2870,477,245.15,1.0
2870,498,174.24,3.0
2870,880,227.92,3.0
2870,923,,2.0
2871,128,,2.0
2871,188,105.53,1.0
2871,256,114.14,3.0
2872,202,214.72,1.0
2872,369,83.25,1.0
2872,676,141.76,3.0
2873,177,131.35,1.0
2873,195,153.66,1.0
2873,872,159.66,3.0
2874,45,170.78,3.0
2874,84,225.47,
2874,87,150.25,1.0
2874,91,176.48,1.0
2874,216,87.98,2.0
2875,549,87.59,2.0
2875,763,68.54,2.0
2875,835,163.93,2.0
2876,283,124.19,2.0
2876,504,208.11,1.0
2876,739,,1.0
2876,765,189.72,1.0
2876,796,213.28,2.0
2877,167,56.81,2.0
2877,448,91.2,1.0
2877,472,63.46,3.0
2877,945,115.38,1.0
2878,342,91.83,3.0
2878,390,82.52,2.0
2878,921,156.4,1.0
2879,359,196.99,3.0
2879,661,83.39,3.0
2879,759,239.0,1.0
2880,111,209.87,3.0
2880,260,87.94,1.0
2880,354,85.44,3.0
2880,574,118.2,3.0
2880,802,158.8,1.0
2881,78,,3.0
2881,557,102.94,3.0
2881,712,,1.0
2881,852,239.79,3.0
2882,18,66.18,1.0
2882,635,132.03,1.0
2882,793,202.22,1.0
2883,660,185.42,1.0
2883,763,68.54,1.0
2883,871,243.22,2.0
2883,917,87.21,2.0
2884,283,124.19,2.0
2884,479,160.63,
2884,584,245.83,3.0
2884,841,196.07,1.0
2885,5,165.12,2.0
2885,372,145.25,2.0
2885,592,,1.0
2885,831,,3.0
2886,5,,2.0
2886,219,237.76,
2886,485,52.72,2.0
2886,657,55.71,2.0
2886,975,187.08,3.0
2887,31,240.33,1.0
2887,49,237.53,2.0
2887,607,222.02,2.0
2887,624,67.8,3.0
2888,364,217.62,1.0
2888,393,188.3,3.0
2888,666,109.41,3.0
2889,58,231.34,3.0
2889,768,230.68,2.0
2889,990,76.1,1.0
2890,101,141.82,1.0
2890,442,105.37,3.0
2890,946,226.43,1.0
2890,964,106.28,2.0
2891,135,81.29,3.0
2891,137,110.1,2.0
2891,571,179.32,2.0
2891,663,,3.0
2891,901,142.02,2.0
2892,68,206.01,1.0
2892,169,116.7,3.0
2892,663,130.57,2.0
2892,873,148.67,2.0
2892,904,163.76,3.0
2893,653,82.55,3.0
2893,655,106.97,2.0
2893,750,149.73,3.0
2893,794,112.71,3.0
2893,857,60.36,2.0
2894,163,193.4,1.0
2894,271,80.13,3.0
2894,512,185.45,2.0
2894,929,197.89,2.0
2895,167,56.81,3.0
2895,225,58.78,1.0
2895,320,57.22,1.0
2895,736,173.14,1.0
2895,764,184.08,2.0
2896,17,128.61,1.0
2896,603,153.0,3.0
2896,966,206.2,2.0
2897,112,97.85,
2897,471,189.72,
2897,535,167.78,1.0
2897,633,116.68,3.0
2897,730,167.65,3.0
2898,595,56.33,2.0
2898,694,51.93,1.0
2898,872,159.66,
2899,94,85.78,2.0
2899,314,186.8,1.0
2899,677,239.14,1.0
2900,49,237.53,3.0
2900,112,97.85,3.0
2900,521,195.86,1.0
2900,843,218.71,1.0
2901,112,,2.0
2901,120,,1.0
2901,445,232.1,2.0
2901,464,191.8,1.0
2902,95,222.28,
2902,336,229.24,3.0
2902,494,64.74,3.0
2903,160,97.07,2.0
2903,594,196.51,3.0
2903,633,116.68,1.0
2904,705,91.17,2.0
2904,854,155.1,3.0
2904,883,133.41,1.0
2904,939,113.97,3.0
2905,382,138.74,2.0
2905,383,203.93,1.0
2905,798,80.05,2.0
2905,868,163.34,3.0
2905,978,,1.0
2906,71,86.5,2.0
2906,365,153.13,3.0
2906,477,245.15,3.0
2906,671,,2.0
2907,11,114.72,3.0
2907,252,195.57,2.0
2907,319,57.58,3.0
2907,784,112.27,
2908,341,125.25,
2908,677,239.14,3.0
2908,787,164.1,3.0
2909,279,200.37,1.0
2909,466,220.25,1.0
2909,836,244.73,2.0
2909,967,110.73,3.0
2910,12,114.63,3.0
2910,195,153.66,
2910,225,58.78,2.0
2910,344,85.83,1.0
2910,966,206.2,2.0
2911,155,116.62,1.0
2911,335,146.92,2.0
2911,340,67.14,1.0
2911,792,237.91,1.0
2911,797,220.47,2.0
2912,247,,1.0
2912,346,96.77,1.0
2912,562,205.86,2.0
2912,806,146.82,1.0
2913,546,145.42,3.0
2913,881,150.03,2.0
2913,890,177.49,1.0
2913,935,98.57,1.0
2914,4,102.01,
2914,40,146.27,2.0
2914,387,200.4,2.0
2914,909,203.1,1.0
2914,930,232.52,1.0
2915,472,63.46,1.0
2915,507,226.65,1.0
2915,563,105.31,3.0
2915,882,191.38,1.0
2915,956,212.49,3.0
2916,49,237.53,3.0
2916,335,146.92,3.0
2916,398,118.83,1.0
2916,707,212.57,1.0
2916,751,121.44,3.0
2917,247,207.42,3.0
2917,293,168.57,3.0
2917,657,55.71,1.0
2917,684,248.13,2.0
2917,715,180.14,1.0
2918,118,62.77,1.0
2918,182,204.96,2.0
2918,245,136.11,3.0
2918,291,181.87,2.0
2919,16,196.57,
2919,180,136.21,2.0
2919,742,153.3,1.0
2919,963,220.36,3.0
2920,194,185.69,2.0
2920,261,71.6,1.0
2920,933,140.94,3.0
2921,107,123.53,3.0
2921,234,194.51,1.0
2921,297,146.37,1.0
2921,558,235.51,1.0
2921,741,90.08,3.0
2922,86,192.31,3.0
2922,110,87.63,2.0
2922,342,91.83,3.0
2922,689,132.29,2.0
2922,894,88.22,2.0
2923,146,215.92,3.0
2923,150,213.11,2.0
2923,406,192.02,2.0
2923,799,138.29,3.0
2924,120,183.66,3.0
2924,847,163.66,2.0
2924,864,104.77,2.0
2925,120,183.66,2.0
2925,198,,1.0
2925,210,,1.0
2925,920,147.21,2.0
2926,65,160.5,2.0
2926,458,243.84,3.0
2926,531,51.53,3.0
2926,747,241.7,2.0
2926,773,148.67,1.0
2927,199,121.89,3.0
2927,442,105.37,1.0
2927,643,98.94,1.0
2927,788,213.43,3.0
2927,868,163.34,3.0
2928,151,226.05,3.0
2928,403,99.71,2.0
2928,517,106.05,3.0
2928,816,171.99,1.0
2928,994,59.99,2.0
2929,62,84.49,3.0
2929,387,200.4,2.0
2929,405,70.71,1.0
2929,735,237.3,3.0
2930,310,157.3,1.0
2930,461,171.34,2.0
2930,507,226.65,1.0
2930,511,219.43,1.0
2930,669,230.08,1.0
2931,32,161.45,1.0
2931,360,125.34,1.0
2931,862,160.96,2.0
2932,18,66.18,3.0
2932,593,97.97,3.0
2932,673,71.97,1.0
2933,41,141.64,1.0
2933,211,92.17,1.0
2933,288,101.72,1.0
2933,359,196.99,1.0
2933,688,62.79,1.0
2934,222,92.66,2.0
2934,404,95.37,2.0
2934,473,196.68,1.0
2934,594,196.51,3.0
2934,876,227.05,1.0
2935,227,234.63,2.0
2935,387,200.4,3.0
2935,676,141.76,1.0
2935,744,231.74,3.0
2935,930,232.52,1.0
2936,308,117.08,1.0
2936,698,86.52,1.0
2936,710,139.0,2.0
2936,765,189.72,2.0
2936,794,112.71,1.0
2937,934,84.39,2.0
2937,955,151.86,3.0
2937,973,79.62,2.0
2938,411,152.22,2.0
2938,604,223.98,3.0
2938,807,198.27,2.0
2938,998,168.56,1.0
2939,28,96.21,3.0
2939,43,116.23,3.0
2939,66,167.64,2.0
2939,978,218.51,1.0
2940,318,68.99,2.0
2940,529,69.77,3.0
2940,658,165.29,3.0
2940,789,138.29,3.0
2941,81,223.52,2.0
2941,281,242.32,2.0
2941,406,192.02,
2941,551,162.25,3.0
2942,201,50.2,2.0
2942,451,222.6,1.0
2942,882,191.38,2.0
2943,65,160.5,2.0
2943,78,166.26,2.0
2943,194,185.69,3.0
2943,427,113.76,3.0
2943,596,195.79,1.0
2944,253,211.86,1.0
2944,504,,3.0
2944,518,232.96,2.0
2945,88,183.78,3.0
2945,608,220.66,1.0
2945,841,196.07,2.0
2945,859,67.61,2.0
2945,902,98.7,3.0
2946,51,106.86,3.0
2946,64,183.33,2.0
2946,326,173.51,
2946,358,134.49,2.0
2947,329,137.31,3.0
2947,398,118.83,1.0
2947,619,134.73,2.0
2947,655,106.97,1.0
2947,783,125.75,3.0
2948,175,150.13,3.0
2948,305,147.13,2.0
2948,421,66.61,1.0
2948,925,64.95,3.0
2948,982,96.15,1.0
2949,217,78.51,3.0
2949,600,169.99,2.0
2949,780,73.93,1.0
2949,863,183.04,3.0
2950,248,124.74,3.0
2950,263,93.74,1.0
2950,339,52.62,
2950,478,155.47,3.0
2950,852,239.79,1.0
2951,158,118.43,2.0
2951,192,62.03,3.0
2951,348,,2.0
2951,679,90.4,2.0
2951,732,247.41,1.0
2952,107,123.53,3.0
2952,564,228.93,2.0
2952,578,67.16,
2953,36,197.14,3.0
2953,305,,2.0
2953,621,189.73,1.0
2953,973,79.62,1.0
2954,72,143.79,3.0
2954,156,204.33,3.0
2954,239,,3.0
2954,610,118.1,3.0
2954,689,,1.0
2955,521,195.86,2.0
2955,779,92.97,3.0
2955,913,,2.0
2955,988,225.45,3.0
2956,301,236.73,2.0
2956,359,196.99,1.0
2956,389,,3.0
2956,482,129.89,1.0
2956,546,145.42,3.0
2957,111,209.87,3.0
2957,119,151.13,1.0
2957,824,170.3,1.0
2958,165,,3.0
2958,541,184.84,1.0
2958,655,106.97,2.0
2958,871,243.22,3.0
2958,966,206.2,3.0
2959,48,90.11,2.0
2959,242,142.14,
2959,534,190.45,1.0
2959,952,245.6,1.0
2960,4,102.01,1.0
2960,187,125.22,2.0
2960,295,225.4,2.0
2960,618,208.82,2.0
2960,706,124.5,2.0
2961,182,204.96,3.0
2961,196,82.73,
2961,445,232.1,1.0
2961,841,196.07,1.0
2962,51,106.86,1.0
2962,84,225.47,3.0
2962,350,61.9,2.0
2962,904,163.76,2.0
2962,920,,2.0
2963,204,124.94,3.0
2963,332,129.36,1.0
2963,938,92.58,1.0
2964,310,157.3,2.0
2964,356,144.51,2.0
2964,417,224.94,2.0
2965,77,61.77,3.0
2965,507,226.65,3.0
2965,559,164.08,3.0
2965,788,213.43,1.0
2966,807,198.27,1.0
2966,854,155.1,3.0
2966,934,84.39,3.0
2967,24,247.44,3.0
2967,294,237.5,2.0
2967,454,155.48,2.0
2968,158,118.43,2.0
2968,186,233.84,3.0
2968,273,216.8,1.0
2968,303,134.23,3.0
2968,768,,1.0
2969,676,141.76,1.0
2969,754,219.81,2.0
2969,759,239.0,2.0
2970,15,62.94,1.0
2970,133,240.19,3.0
2970,172,103.8,3.0
2970,352,226.63,1.0
2970,465,,2.0
2971,38,104.28,2.0
2971,270,127.17,1.0
2971,498,174.24,2.0
2972,189,187.35,2.0
2972,207,88.92,2.0
2972,693,117.46,3.0
2973,20,237.34,2.0
2973,207,88.92,2.0
2973,375,216.37,2.0
2973,464,191.8,2.0
2973,825,100.58,2.0
2974,230,142.07,1.0
2974,510,133.23,1.0
2974,671,204.75,1.0
2974,691,166.4,2.0
2974,986,94.04,1.0
2975,248,124.74,2.0
2975,270,127.17,3.0
2975,686,138.01,
2975,711,187.54,1.0
2975,758,83.48,3.0
2976,50,121.44,3.0
2976,515,200.99,2.0
2976,848,58.97,2.0
2977,491,214.4,1.0
2977,522,210.27,1.0
2977,633,116.68,2.0
2977,854,155.1,3.0
2978,75,154.27,1.0
2978,97,83.87,2.0
2978,291,181.87,1.0
2978,423,221.14,1.0
2978,713,120.97,3.0
2979,108,66.24,3.0
2979,339,52.62,
2979,449,80.11,1.0
2980,109,120.8,1.0
2980,204,124.94,3.0
2980,392,113.94,3.0
2980,915,239.01,1.0
2980,996,196.78,1.0
2981,117,85.95,1.0
2981,289,,3.0
2981,636,198.75,
2981,707,212.57,1.0
2981,918,216.21,3.0
2982,14,238.51,3.0
2982,233,243.92,2.0
2982,466,220.25,2.0
2982,649,160.83,1.0
2983,63,141.12,2.0
2983,182,204.96,1.0
2983,449,,3.0
2983,529,69.77,3.0
2983,821,119.15,2.0
2984,277,156.48,2.0
2984,829,95.21,1.0
2984,934,84.39,2.0
2985,39,200.01,1.0
2985,65,160.5,3.0
2985,286,159.85,1.0
2985,886,76.08,3.0
2986,520,171.69,3.0
2986,576,227.01,1.0
2986,624,67.8,3.0
2986,814,160.37,3.0
2986,939,113.97,3.0
2987,362,177.66,3.0
2987,549,87.59,2.0
2987,797,220.47,3.0
2987,803,182.99,3.0
2988,128,94.73,
2988,214,67.39,1.0
2988,841,196.07,3.0
2988,896,238.61,2.0
2989,144,111.9,1.0
2989,254,129.75,2.0
2989,329,137.31,1.0
2990,126,139.84,2.0
2990,253,211.86,2.0
2990,526,217.47,2.0
2990,832,119.16,3.0
2990,891,87.61,2.0
2991,182,204.96,3.0
2991,460,89.74,2.0
2991,618,208.82,2.0
2991,861,188.97,3.0
2992,199,121.89,1.0
2992,327,149.0,1.0
2992,540,162.04,1.0
2992,686,138.01,
2993,75,154.27,1.0
2993,383,203.93,3.0
2993,925,64.95,1.0
2993,989,218.85,2.0
2994,129,200.64,3.0
2994,564,228.93,1.0
2994,623,118.18,3.0
2994,654,133.29,3.0
2994,815,75.93,1.0
2995,347,136.1,
2995,691,166.4,3.0
2995,891,87.61,1.0
2995,983,78.57,1.0
2996,27,76.78,2.0
2996,150,213.11,1.0
2996,338,118.52,1.0
2996,660,185.42,1.0
2997,201,50.2,2.0
2997,247,207.42,1.0
2997,374,86.56,1.0
2997,400,186.19,3.0
2998,220,168.73,1.0
2998,672,79.28,3.0
2998,862,160.96,1.0
2998,872,159.66,2.0
2998,968,166.73,3.0
2999,380,210.24,
2999,585,178.27,1.0
2999,812,119.48,1.0
2999,826,241.6,2.0
2999,867,,3.0
3000,6,72.5,1.0
3000,232,208.43,3.0
3000,338,118.52,1.0
3000,544,244.85,3.0
3001,9,214.61,3.0
3001,252,195.57,3.0
3001,818,78.09,3.0
3002,48,90.11,
3002,188,105.53,3.0
3002,491,214.4,1.0
3002,654,133.29,1.0
3002,895,,2.0
3003,257,51.04,2.0
3003,416,141.33,
3003,610,118.1,1.0
3003,791,169.28,2.0
3003,948,145.76,2.0
3004,147,177.18,2.0
3004,354,85.44,1.0
3004,658,165.29,1.0
3005,232,208.43,1.0
3005,857,60.36,3.0
3005,923,149.87,2.0
3005,927,195.53,2.0
3006,411,152.22,1.0
3006,475,227.5,1.0
3006,507,226.65,2.0
3007,253,211.86,2.0
3007,274,189.78,2.0
3007,509,94.66,1.0
3007,560,124.85,3.0
3007,974,55.39,2.0
3008,235,,1.0
3008,512,185.45,3.0
3008,715,180.14,3.0
3009,12,114.63,2.0
3009,289,128.11,1.0
3009,320,57.22,2.0
3009,608,220.66,2.0
3009,622,124.39,1.0
3010,878,50.82,2.0
3010,923,149.87,2.0
3010,968,,2.0
3011,15,62.94,2.0
3011,42,226.48,3.0
3011,87,150.25,2.0
3011,585,178.27,2.0
3012,708,191.55,1.0
3012,770,215.18,1.0
3012,804,232.19,3.0
3012,913,156.18,3.0
3012,928,235.84,3.0
3013,34,62.0,1.0
3013,48,90.11,3.0
3013,78,166.26,2.0
3013,79,182.33,2.0
3013,218,215.86,3.0
3014,134,114.43,3.0
3014,467,176.42,1.0
3014,889,132.36,3.0
3014,914,108.92,3.0
3015,540,162.04,
3015,603,153.0,2.0
3015,657,55.71,2.0
3015,758,83.48,1.0
3016,161,109.19,2.0
3016,422,120.82,1.0
3016,429,99.3,2.0
3017,490,134.37,3.0
3017,557,102.94,1.0
3017,610,118.1,1.0
3018,332,129.36,1.0
3018,426,227.24,1.0
3018,662,175.98,1.0
3018,888,80.36,1.0
3018,914,108.92,3.0
3019,22,,2.0
3019,127,108.62,1.0
3019,302,124.05,3.0
3019,594,196.51,2.0
3019,689,132.29,1.0
3020,272,73.28,3.0
3020,399,166.38,2.0
3020,454,,2.0
3020,711,,3.0
3020,965,239.42,2.0
3021,60,71.49,1.0
3021,238,203.38,2.0
3021,676,141.76,3.0
3022,677,239.14,3.0
3022,980,211.03,1.0
3022,992,88.48,1.0
3023,162,76.84,1.0
3023,676,141.76,2.0
3023,793,202.22,2.0
3023,849,54.69,2.0
3024,51,106.86,1.0
3024,203,202.04,3.0
3024,422,120.82,2.0
3024,628,237.6,2.0
3025,282,216.11,3.0
3025,528,198.95,1.0
3025,596,195.79,3.0
3025,767,106.78,3.0
3025,929,197.89,3.0
3026,210,208.67,1.0
3026,731,207.18,3.0
3026,804,232.19,1.0
3027,57,140.97,3.0
3027,310,157.3,1.0
3027,363,87.53,1.0
3027,779,92.97,1.0
3027,915,239.01,1.0
3028,170,,3.0
3028,320,57.22,2.0
3028,343,70.29,2.0
3028,378,148.58,2.0
3028,389,135.35,3.0
3029,173,65.65,
3029,484,,2.0
3029,678,201.53,3.0
3029,749,74.3,3.0
3029,853,,3.0
3030,4,102.01,2.0
3030,81,223.52,3.0
3030,600,169.99,3.0
3030,639,110.99,2.0
3030,814,160.37,3.0
3031,336,229.24,3.0
3031,532,70.73,1.0
3031,741,90.08,2.0
3031,944,77.61,2.0
3032,215,152.98,2.0
3032,878,50.82,3.0
3032,927,195.53,2.0
3032,949,248.37,1.0
3033,229,89.49,2.0
3033,579,202.8,1.0
3033,748,232.9,2.0
3034,214,67.39,2.0
3034,422,120.82,1.0
3034,550,83.71,1.0
3034,720,225.01,
3034,772,103.65,2.0
3035,36,197.14,1.0
3035,137,110.1,2.0
3035,405,70.71,1.0
3035,704,50.64,3.0
3036,37,65.77,2.0
3036,49,237.53,3.0
3036,75,154.27,1.0
3036,83,125.49,2.0
3037,68,206.01,1.0
3037,256,,2.0
3037,341,,1.0
3037,428,174.0,2.0
3037,630,160.61,2.0
3038,24,247.44,1.0
3038,37,65.77,2.0
3038,41,141.64,2.0
3038,218,215.86,1.0
3038,820,51.21,2.0
3039,75,154.27,3.0
3039,185,134.78,1.0
3039,710,139.0,1.0
3039,943,173.92,3.0
3040,266,200.67,1.0
3040,279,200.37,2.0
3040,968,166.73,
3040,995,113.27,1.0
3041,410,70.81,3.0
3041,426,227.24,2.0
3041,546,145.42,2.0
3041,708,191.55,2.0
3042,187,125.22,3.0
3042,782,158.46,1.0
3042,806,146.82,2.0
3043,566,122.7,3.0
3043,595,56.33,2.0
3043,895,187.0,3.0
3043,930,232.52,
3044,225,58.78,2.0
3044,402,101.5,
3044,403,99.71,1.0
3044,767,106.78,3.0
3044,888,80.36,2.0
3045,240,189.89,3.0
3045,410,70.81,2.0
3045,445,232.1,1.0
3045,696,231.65,2.0
3046,582,195.63,2.0
3046,627,160.87,2.0
3046,754,219.81,1.0
3047,180,136.21,1.0
3047,235,239.95,1.0
3047,837,249.04,2.0
3047,880,227.92,2.0
3048,678,201.53,3.0
3048,722,134.69,1.0
3048,842,107.24,3.0
3048,872,159.66,1.0
3049,152,63.89,3.0
3049,607,222.02,3.0
3049,725,226.28,2.0
3050,106,140.96,2.0
3050,262,114.64,3.0
3050,533,91.11,1.0
3050,646,,2.0
3051,201,50.2,1.0
3051,248,124.74,3.0
3051,542,229.25,1.0
3051,688,62.79,2.0
3051,918,216.21,2.0
3052,144,111.9,2.0
3052,260,87.94,2.0
3052,833,189.81,3.0
3053,409,121.46,1.0
3053,422,120.82,2.0
3053,589,62.33,2.0
3054,74,172.32,1.0
3054,237,115.28,3.0
3054,680,149.96,2.0
3054,866,178.4,3.0
3054,920,147.21,3.0
3055,248,124.74,3.0
3055,574,118.2,3.0
3055,634,112.99,1.0
3055,696,231.65,3.0
3055,925,64.95,1.0
3056,90,180.87,1.0
3056,473,196.68,3.0
3056,880,227.92,1.0
3057,1,,3.0
3057,276,245.17,1.0
3057,991,204.99,1.0
3058,164,91.14,3.0
3058,628,237.6,3.0
3058,640,97.33,1.0
3058,799,138.29,3.0
3058,899,199.38,
3059,270,,3.0
3059,382,138.74,1.0
3059,648,230.35,3.0
3059,987,182.97,2.0
3060,207,88.92,1.0
3060,373,160.95,1.0
3060,580,210.06,3.0
3060,658,165.29,2.0
3060,848,58.97,2.0
3061,103,67.22,2.0
3061,176,75.79,2.0
3061,638,68.44,2.0
3061,674,155.82,1.0
3061,759,239.0,3.0
3062,84,225.47,1.0
3062,453,152.15,
3062,684,248.13,
3062,888,80.36,1.0
3063,254,129.75,3.0
3063,479,160.63,3.0
3063,762,133.63,1.0
3063,785,249.16,2.0
3063,940,87.48,2.0
3064,250,184.37,2.0
3064,544,244.85,1.0
3064,809,66.18,2.0
3065,218,215.86,3.0
3065,270,127.17,1.0
3065,652,,3.0
3065,947,201.85,1.0
3066,101,141.82,3.0
3066,216,87.98,1.0
3066,617,70.77,2.0
3067,104,173.39,2.0
3067,325,149.23,1.0
3067,430,88.19,3.0
3067,484,199.61,2.0
3067,726,122.98,2.0
3068,292,214.47,3.0
3068,357,77.1,1.0
3068,821,119.15,3.0
3068,833,189.81,3.0
3069,148,241.66,3.0
3069,871,243.22,2.0
3069,963,,3.0
3070,475,227.5,
3070,593,97.97,3.0
3070,628,237.6,2.0
3071,220,168.73,2.0
3071,256,114.14,1.0
3071,290,168.98,3.0
3071,330,103.52,1.0
3071,829,95.21,1.0
3072,142,,3.0
3072,500,136.7,3.0
3072,553,128.85,3.0
3073,157,246.43,1.0
3073,968,166.73,1.0
3073,994,59.99,2.0
3074,217,78.51,3.0
3074,428,174.0,3.0
3074,438,131.49,
3074,593,97.97,3.0
3074,716,63.71,2.0
3075,107,123.53,3.0
3075,137,110.1,3.0
3075,333,184.45,3.0
3075,948,145.76,2.0
3076,219,237.76,3.0
3076,507,226.65,2.0
3076,991,204.99,3.0
3077,264,,3.0
3077,323,170.98,3.0
3077,487,141.3,1.0
3077,936,157.52,1.0
3078,187,125.22,2.0
3078,203,202.04,1.0
3078,278,100.46,1.0
3078,289,,2.0
3078,376,152.57,3.0
3079,355,140.68,1.0
3079,413,207.64,2.0
3079,426,227.24,2.0
3079,895,187.0,1.0
3080,62,84.49,
3080,446,203.34,2.0
3080,638,68.44,
3080,888,80.36,1.0
3081,9,214.61,3.0
3081,193,142.88,1.0
3081,229,89.49,3.0
3081,456,199.14,1.0
3081,627,160.87,2.0
3082,294,237.5,1.0
3082,921,156.4,3.0
3082,935,98.57,3.0
3083,372,145.25,2.0
3083,511,219.43,2.0
3083,780,73.93,2.0
3083,792,237.91,1.0
3083,970,54.56,3.0
3084,31,240.33,2.0
3084,245,136.11,1.0
3084,724,53.44,3.0
3085,260,87.94,2.0
3085,432,56.08,1.0
3085,647,99.37,1.0
3085,682,103.7,1.0
3085,869,192.32,2.0
3086,614,174.25,2.0
3086,699,230.12,2.0
3086,803,182.99,2.0
3087,30,207.25,3.0
3087,323,170.98,3.0
3087,439,226.19,2.0
3087,440,200.17,1.0
3088,14,238.51,2.0
3088,24,247.44,1.0
3088,201,50.2,
3088,233,243.92,3.0
3088,503,51.95,3.0
3089,275,99.56,3.0
3089,391,185.14,3.0
3089,693,117.46,2.0
3089,944,77.61,1.0
3090,258,67.56,3.0
3090,730,,3.0
3090,820,51.21,1.0
3090,868,163.34,1.0
3091,22,74.05,1.0
3091,207,88.92,3.0
3091,622,124.39,2.0
3092,26,181.39,2.0
3092,52,147.19,2.0
3092,194,185.69,1.0
3092,485,52.72,3.0
3092,931,122.11,1.0
3093,68,206.01,2.0
3093,109,120.8,1.0
3093,537,220.97,1.0
3093,590,153.28,1.0
3094,194,185.69,3.0
3094,218,215.86,1.0
3094,423,221.14,2.0
3094,797,220.47,2.0
3094,925,64.95,1.0
3095,3,132.41,3.0
3095,98,246.81,2.0
3095,457,111.71,2.0
3095,553,128.85,2.0
3096,131,157.55,
3096,558,235.51,2.0
3096,894,88.22,3.0
3096,915,239.01,3.0
3096,999,66.5,3.0
3097,28,96.21,1.0
3097,261,71.6,3.0
3097,744,231.74,3.0
3097,770,215.18,2.0
3097,810,160.28,1.0
3098,235,239.95,1.0
3098,530,215.96,1.0
3098,646,191.41,2.0
3098,724,53.44,3.0
3098,766,249.63,1.0
3099,28,96.21,3.0
3099,127,108.62,2.0
3099,339,52.62,1.0
3099,709,92.58,3.0
3100,229,89.49,1.0
3100,329,137.31,1.0
3100,584,245.83,3.0
3101,150,213.11,3.0
3101,669,,2.0
3101,744,231.74,3.0
3101,786,110.34,1.0
3102,134,114.43,3.0
3102,330,103.52,3.0
3102,489,65.95,1.0
3102,800,76.15,2.0
3103,131,157.55,2.0
3103,146,215.92,3.0
3103,729,,1.0
3104,19,146.71,2.0
3104,718,153.46,2.0
3104,789,138.29,1.0
3104,983,78.57,2.0
3105,194,,2.0
3105,275,99.56,1.0
3105,612,152.96,3.0
3105,821,119.15,2.0
3106,473,196.68,3.0
3106,534,190.45,2.0
3106,763,,2.0
3106,842,107.24,1.0
3106,881,150.03,3.0
3107,408,100.88,3.0
3107,671,204.75,1.0
3107,926,64.91,1.0
3107,963,220.36,2.0
3108,25,195.55,2.0
3108,311,160.61,1.0
3108,429,99.3,2.0
3108,616,178.66,1.0
3108,795,127.79,
3109,346,96.77,3.0
3109,856,233.37,2.0
3109,904,163.76,1.0
3109,971,103.93,2.0
3110,391,185.14,
3110,468,72.43,
3110,995,113.27,3.0
3111,72,143.79,3.0
3111,192,62.03,3.0
3111,248,124.74,1.0
3111,453,152.15,3.0
3111,665,86.52,3.0
3112,585,178.27,3.0
3112,588,151.91,
3112,784,112.27,3.0
3112,886,76.08,2.0
3113,78,166.26,3.0
3113,250,184.37,
3113,284,191.93,1.0
3113,939,113.97,1.0
3114,57,140.97,2.0
3114,310,157.3,2.0
3114,864,104.77,1.0
3114,888,80.36,1.0
3115,68,206.01,
3115,296,217.57,2.0
3115,782,158.46,1.0
3115,863,,1.0
3115,953,61.07,
3116,193,142.88,1.0
3116,800,76.15,2.0
3116,852,239.79,2.0
3116,856,233.37,3.0
3117,323,170.98,3.0
3117,668,88.59,3.0
3117,955,151.86,3.0
3118,410,70.81,2.0
3118,563,105.31,3.0
3118,972,,1.0
3119,120,183.66,2.0
3119,403,99.71,2.0
3119,528,198.95,1.0
3119,871,243.22,
3120,94,85.78,1.0
3120,232,208.43,
3120,506,201.97,2.0
3120,733,188.04,3.0
3120,802,158.8,1.0
3121,69,153.27,1.0
3121,189,187.35,2.0
3121,907,121.43,2.0
3122,156,204.33,2.0
3122,416,141.33,3.0
3122,426,227.24,1.0
3122,586,241.2,2.0
3122,914,108.92,1.0
3123,100,126.84,3.0
3123,229,89.49,3.0
3123,385,78.48,2.0
3123,387,200.4,1.0
3124,209,,1.0
3124,330,103.52,2.0
3124,829,95.21,1.0
3125,209,151.17,1.0
3125,519,180.71,2.0
3125,818,78.09,1.0
3126,505,120.77,
3126,582,195.63,2.0
3126,655,106.97,2.0
3126,862,160.96,3.0
3126,994,59.99,3.0
3127,103,67.22,3.0
3127,309,124.79,3.0
3127,667,124.68,
3127,850,232.72,1.0
3127,984,246.44,2.0
3128,87,150.25,1.0
3128,414,184.12,1.0
3128,601,189.18,2.0
3128,860,91.93,1.0
3128,921,156.4,1.0
3129,253,211.86,3.0
3129,343,70.29,2.0
3129,812,119.48,1.0
3129,899,199.38,
3130,121,152.74,2.0
3130,313,223.73,2.0
3130,402,101.5,2.0
3130,794,112.71,3.0
3131,144,111.9,1.0
3131,294,237.5,1.0
3131,940,87.48,3.0
3132,21,184.17,2.0
3132,99,224.99,1.0
3132,575,124.4,3.0
3132,657,55.71,1.0
3132,884,107.9,1.0
3133,77,61.77,2.0
3133,265,245.93,2.0
3133,318,68.99,1.0
3133,529,69.77,3.0
3133,769,198.25,2.0
3134,157,246.43,2.0
3134,412,242.29,3.0
3134,440,200.17,3.0
3134,557,102.94,1.0
3135,330,103.52,1.0
3135,772,103.65,1.0
3135,976,80.22,1.0
3136,212,219.1,
3136,278,100.46,3.0
3136,961,79.78,2.0
3137,14,238.51,3.0
3137,141,140.89,2.0
3137,686,138.01,1.0
3137,709,92.58,
3137,801,207.59,3.0
3138,6,72.5,1.0
3138,794,112.71,2.0
3138,889,132.36,2.0
3138,949,248.37,2.0
3139,182,204.96,2.0
3139,438,131.49,3.0
3139,888,80.36,2.0
3140,160,97.07,
3140,182,204.96,
3140,865,150.88,2.0
3141,105,232.06,1.0
3141,437,224.5,2.0
3141,488,80.54,3.0
3141,888,80.36,3.0
3142,42,226.48,1.0
3142,446,203.34,3.0
3142,471,189.72,2.0
3142,839,124.12,1.0
3143,32,161.45,3.0
3143,274,189.78,1.0
3143,545,128.32,3.0
3143,742,153.3,
3144,55,238.3,2.0
3144,335,146.92,3.0
3144,504,208.11,3.0
3144,528,198.95,3.0
3144,813,246.86,1.0
3145,157,246.43,1.0
3145,331,133.75,2.0
3145,350,61.9,2.0
3145,478,,3.0
3145,745,180.42,2.0
3146,6,72.5,1.0
3146,291,181.87,3.0
3146,556,246.31,2.0
3147,682,,3.0
3147,815,75.93,1.0
3147,829,95.21,1.0
3147,891,87.61,2.0
3147,982,96.15,3.0
3148,474,224.08,1.0
3148,481,115.71,2.0
3148,583,150.9,2.0
3148,721,107.84,1.0
3149,508,201.16,2.0
3149,509,94.66,
3149,810,160.28,1.0
3149,937,164.51,3.0
3150,32,161.45,1.0
3150,350,61.9,2.0
3150,575,,2.0
3150,965,239.42,1.0
3151,149,209.72,1.0
3151,760,226.3,2.0
3151,772,103.65,3.0
3151,918,216.21,2.0
3152,256,114.14,2.0
3152,284,191.93,2.0
3152,532,70.73,3.0
3152,939,,1.0
3153,158,118.43,3.0
3153,271,80.13,3.0
3153,698,86.52,1.0
3153,790,125.07,2.0
3154,454,155.48,1.0
3154,459,94.26,2.0
3154,490,134.37,2.0
3154,637,56.45,2.0
3154,759,239.0,2.0
3155,118,62.77,2.0
3155,904,163.76,1.0
3155,987,182.97,1.0
3156,216,87.98,3.0
3156,247,207.42,3.0
3156,676,141.76,2.0
3156,691,166.4,2.0
3157,282,216.11,3.0
3157,615,85.81,2.0
3157,740,111.83,1.0
3158,118,62.77,2.0
3158,297,146.37,2.0
3158,351,155.07,2.0
3158,993,83.38,1.0
3159,208,57.13,1.0
3159,684,248.13,3.0
3159,773,148.67,1.0
3159,914,,1.0
3159,925,64.95,1.0
3160,277,156.48,3.0
3160,440,200.17,3.0
3160,592,195.71,2.0
3160,597,208.18,2.0
3160,725,226.28,3.0
3161,42,226.48,3.0
3161,303,,3.0
3161,485,52.72,1.0
3161,489,65.95,3.0
3162,148,241.66,1.0
3162,170,105.05,2.0
3162,361,82.42,1.0
3162,991,204.99,2.0
3163,103,67.22,2.0
3163,428,174.0,2.0
3163,848,58.97,3.0
3164,130,121.41,2.0
3164,446,,3.0
3164,881,150.03,2.0
3164,925,64.95,3.0
3165,99,224.99,2.0
3165,377,52.08,
3165,593,97.97,2.0
3165,731,207.18,3.0
3165,996,196.78,2.0
3166,249,224.27,2.0
3166,452,125.45,3.0
3166,522,210.27,2.0
3166,849,54.69,3.0
3167,96,171.87,1.0
3167,328,93.55,3.0
3167,575,124.4,3.0
3167,722,134.69,1.0
3168,97,83.87,3.0
3168,310,157.3,1.0
3168,866,178.4,1.0
3168,897,153.0,1.0
3169,5,165.12,1.0
3169,206,,3.0
3169,854,,2.0
3170,134,114.43,1.0
3170,739,196.68,3.0
3170,876,227.05,3.0
3170,928,235.84,
3171,140,174.01,2.0
3171,322,245.9,2.0
3171,394,191.95,3.0
3171,697,77.43,1.0
3172,99,224.99,2.0
3172,290,168.98,1.0
3172,686,138.01,2.0
3172,842,107.24,3.0
3172,914,108.92,2.0
3173,99,224.99,1.0
3173,419,183.25,
3173,612,152.96,
3173,796,213.28,2.0
3174,140,174.01,3.0
3174,200,230.67,3.0
3174,425,235.7,3.0
3174,546,,1.0
3174,824,170.3,3.0
3175,56,162.42,3.0
3175,349,138.39,1.0
3175,793,202.22,3.0
3175,976,80.22,3.0
3176,272,73.28,1.0
3176,462,77.21,2.0
3176,815,75.93,
3176,854,155.1,2.0
3177,394,191.95,1.0
3177,415,92.65,2.0
3177,609,205.56,3.0
3177,752,208.54,3.0
3178,40,146.27,2.0
3178,387,200.4,1.0
3178,665,86.52,2.0
3178,920,147.21,1.0
3179,206,148.94,3.0
3179,247,207.42,1.0
3179,537,220.97,3.0
3179,978,218.51,1.0
3180,598,119.08,1.0
3180,663,130.57,3.0
3180,691,166.4,1.0
3180,773,,3.0
3180,842,107.24,2.0
3181,130,,2.0
3181,231,229.82,2.0
3181,723,176.43,2.0
3182,173,65.65,3.0
3182,182,204.96,1.0
3182,674,155.82,2.0
3183,45,170.78,2.0
3183,150,213.11,1.0
3183,306,196.65,2.0
3183,543,103.79,1.0
3183,702,81.84,2.0
3184,240,189.89,3.0
3184,258,67.56,
3184,311,160.61,3.0
3184,386,208.73,3.0
3184,401,227.82,3.0
3185,140,174.01,
3185,457,,1.0
3185,797,220.47,1.0
3186,694,51.93,1.0
3186,714,113.33,2.0
3186,724,53.44,1.0
3186,993,83.38,2.0
3187,159,170.35,2.0
3187,275,99.56,1.0
3187,589,62.33,2.0
3187,729,233.18,1.0
3188,62,84.49,1.0
3188,639,110.99,1.0
3188,787,164.1,3.0
3188,828,80.98,2.0
3188,899,199.38,1.0
3189,438,131.49,3.0
3189,494,64.74,1.0
3189,748,232.9,2.0
3189,761,78.05,1.0
3189,927,195.53,1.0
3190,58,231.34,2.0
3190,85,169.02,3.0
3190,227,234.63,3.0
3190,665,86.52,2.0
3191,178,186.24,1.0
3191,297,146.37,2.0
3191,554,228.02,1.0
3191,624,67.8,3.0
3191,725,226.28,2.0
3192,327,,1.0
3192,365,153.13,3.0
3192,373,160.95,2.0
3192,646,191.41,2.0
3192,843,218.71,1.0
3193,337,160.66,3.0
3193,438,131.49,2.0
3193,947,201.85,2.0
3193,960,244.86,
3194,41,141.64,3.0
3194,541,,1.0
3194,966,206.2,1.0
3195,114,164.82,3.0
3195,124,139.26,1.0
3195,357,77.1,1.0
3195,383,203.93,2.0
3195,606,79.36,3.0
3196,26,181.39,1.0
3196,95,222.28,2.0
3196,284,191.93,2.0
3196,285,177.93,3.0
3196,525,201.26,3.0
3197,117,85.95,1.0
3197,767,106.78,3.0
3197,897,153.0,3.0
3198,9,,1.0
3198,138,221.92,1.0
3198,360,125.34,2.0
3199,66,167.64,1.0
3199,241,69.12,1.0
3199,999,66.5,1.0
3200,379,148.21,3.0
3200,387,200.4,
3200,769,198.25,2.0
3200,841,196.07,3.0
3201,738,185.7,1.0
3201,905,98.14,1.0
3201,991,204.99,1.0
3202,170,105.05,2.0
3202,604,223.98,2.0
3202,753,54.32,1.0
3202,781,181.2,2.0
3203,75,154.27,1.0
3203,124,139.26,2.0
3203,387,200.4,2.0
3203,539,93.75,2.0
3203,766,249.63,2.0
3204,324,231.64,1.0
3204,762,133.63,1.0
3204,832,119.16,1.0
3204,896,238.61,3.0
3205,221,142.79,2.0
3205,334,175.68,2.0
3205,404,95.37,1.0
3205,668,88.59,3.0
3205,877,202.64,2.0
3206,48,90.11,2.0
3206,202,214.72,2.0
3206,461,171.34,1.0
3207,172,103.8,1.0
3207,659,163.96,3.0
3207,774,226.25,1.0
3207,862,160.96,
3207,905,98.14,1.0
3208,196,82.73,2.0
3208,259,57.05,1.0
3208,265,245.93,1.0
3208,350,61.9,2.0
3209,181,120.56,
3209,199,121.89,2.0
3209,216,87.98,2.0
3209,398,118.83,3.0
3209,634,112.99,3.0
3210,12,114.63,1.0
3210,213,206.95,2.0
3210,752,208.54,1.0
3210,803,182.99,2.0
3211,62,84.49,3.0
3211,67,55.29,2.0
3211,111,209.87,1.0
3211,999,66.5,
3212,38,104.28,3.0
3212,748,232.9,1.0
3212,757,228.29,3.0
3212,773,148.67,1.0
3213,70,135.13,3.0
3213,89,81.47,2.0
3213,187,125.22,2.0
3213,236,185.64,3.0
3213,280,190.85,2.0
3214,310,157.3,2.0
3214,428,174.0,3.0
3214,727,148.9,1.0
3215,75,154.27,3.0
3215,420,55.79,2.0
3215,530,215.96,2.0
3216,39,200.01,2.0
3216,287,109.88,2.0
3216,384,,3.0
3216,817,216.7,3.0
3217,35,146.61,1.0
3217,237,115.28,1.0
3217,747,241.7,1.0
3217,902,98.7,3.0
3218,53,60.45,3.0
3218,696,231.65,2.0
3218,728,246.11,1.0
3218,738,185.7,1.0
3218,936,157.52,1.0
3219,109,120.8,3.0
3219,145,69.03,1.0
3219,202,214.72,3.0
3219,359,196.99,1.0
3219,661,83.39,3.0
3220,41,141.64,
3220,181,120.56,3.0
3220,523,229.28,1.0
3220,701,209.76,1.0
3220,940,87.48,3.0
3221,77,61.77,2.0
3221,440,200.17,1.0
3221,615,85.81,3.0
3221,793,202.22,1.0
3222,334,175.68,2.0
3222,485,52.72,2.0
3222,770,215.18,3.0
3222,855,146.69,3.0
3223,59,80.92,2.0
3223,106,,3.0
3223,739,196.68,1.0
3223,896,238.61,3.0
3224,3,132.41,3.0
3224,154,146.97,3.0
3224,212,219.1,1.0
3224,662,175.98,3.0
3225,421,66.61,2.0
3225,585,178.27,3.0
3225,785,249.16,1.0
3226,158,118.43,2.0
3226,503,51.95,2.0
3226,618,208.82,3.0
3226,637,56.45,1.0
3226,681,235.72,1.0
3227,559,164.08,2.0
3227,589,62.33,3.0
3227,628,237.6,1.0
3227,706,124.5,2.0
3227,874,173.76,2.0
3228,216,,2.0
3228,410,70.81,3.0
3228,766,249.63,3.0
3228,935,98.57,3.0
3229,214,67.39,2.0
3229,545,128.32,1.0
3229,679,90.4,2.0
3229,743,180.58,2.0
3230,28,96.21,3.0
3230,89,81.47,2.0
3230,117,85.95,1.0
3230,123,79.64,1.0
3230,536,162.12,2.0
3231,114,164.82,3.0
3231,263,93.74,1.0
3231,353,,1.0
3231,452,125.45,3.0
3231,954,104.74,3.0
3232,124,139.26,1.0
3232,232,208.43,2.0
3232,547,186.62,2.0
3232,570,77.81,
3232,934,84.39,1.0
3233,162,76.84,2.0
3233,199,121.89,1.0
3233,200,230.67,1.0
3233,433,,1.0
3233,820,51.21,1.0
3234,224,226.21,1.0
3234,333,184.45,3.0
3234,408,100.88,2.0
3234,620,137.63,2.0
3235,20,237.34,2.0
3235,174,141.85,3.0
3235,376,152.57,3.0
3236,38,104.28,2.0
3236,157,246.43,3.0
3236,377,52.08,
3237,104,173.39,3.0
3237,437,224.5,3.0
3237,484,,3.0
3238,19,146.71,1.0
3238,384,137.63,2.0
3238,524,67.52,3.0
3238,789,138.29,1.0
3239,299,70.27,1.0
3239,544,244.85,
3239,737,127.14,2.0
3239,759,239.0,2.0
3239,815,75.93,2.0
3240,280,190.85,1.0
3240,554,228.02,1.0
3240,630,160.61,1.0
3240,762,133.63,
3240,808,233.39,2.0
3241,274,189.78,2.0
3241,873,148.67,1.0
3241,957,117.34,3.0
3242,29,62.51,2.0
3242,70,135.13,1.0
3242,264,227.0,1.0
3242,728,246.11,1.0
3242,852,239.79,2.0
3243,415,92.65,3.0
3243,554,228.02,1.0
3243,683,,3.0
3243,776,225.87,1.0
3243,978,218.51,1.0
3244,71,86.5,2.0
3244,702,81.84,
3244,812,119.48,1.0
3244,851,221.01,1.0
3245,280,190.85,3.0
3245,312,57.94,3.0
3245,316,159.68,1.0
3245,540,162.04,2.0
3246,121,152.74,1.0
3246,283,124.19,1.0
3246,924,196.23,2.0
3247,75,154.27,2.0
3247,338,118.52,1.0
3247,779,,2.0
3248,594,196.51,1.0
3248,617,70.77,3.0
3248,824,170.3,1.0
3248,967,110.73,2.0
3249,236,185.64,2.0
3249,285,177.93,3.0
3249,604,223.98,3.0
3249,695,,1.0
3250,320,57.22,2.0
3250,555,187.68,2.0
3250,641,59.05,3.0
3250,963,,1.0
3251,397,238.21,2.0
3251,692,101.01,1.0
3251,787,164.1,3.0
3251,995,113.27,3.0
3252,110,87.63,3.0
3252,291,,1.0
3252,619,134.73,2.0
3252,802,158.8,3.0
3253,164,91.14,
3253,407,174.05,2.0
3253,685,,2.0
3254,584,245.83,3.0
3254,828,80.98,3.0
3254,994,59.99,2.0
3255,127,108.62,1.0
3255,343,70.29,3.0
3255,778,149.89,3.0
3255,966,206.2,3.0
3256,413,207.64,2.0
3256,531,51.53,2.0
3256,609,205.56,1.0
3256,662,175.98,3.0
3257,26,181.39,2.0
3257,781,181.2,1.0
3257,929,197.89,2.0
3258,95,222.28,3.0
3258,286,159.85,1.0
3258,475,227.5,3.0
3258,496,145.41,2.0
3258,960,244.86,2.0
3259,32,161.45,1.0
3259,300,173.53,1.0
3259,422,120.82,
3260,225,58.78,3.0
3260,363,87.53,3.0
3260,372,145.25,3.0
3261,16,196.57,3.0
3261,363,87.53,3.0
3261,912,101.23,3.0
3262,74,,1.0
3262,399,166.38,1.0
3262,711,187.54,2.0
3262,947,201.85,
3263,114,164.82,3.0
3263,295,225.4,2.0
3263,373,160.95,3.0
3263,394,191.95,1.0
3264,235,239.95,2.0
3264,542,229.25,
3264,775,131.39,3.0
3265,309,124.79,1.0
3265,399,166.38,2.0
3265,414,184.12,1.0
3265,740,111.83,2.0
3265,752,208.54,3.0
3266,153,92.66,1.0
3266,420,55.79,2.0
3266,713,120.97,2.0
3267,248,124.74,3.0
3267,649,160.83,1.0
3267,707,212.57,2.0
3268,297,,1.0
3268,602,86.81,2.0
3268,755,198.93,2.0
3268,936,157.52,2.0
3269,102,227.13,3.0
3269,148,241.66,1.0
3269,786,110.34,
3270,330,103.52,
3270,409,121.46,1.0
3270,627,160.87,1.0
3271,122,,2.0
3271,143,72.98,3.0
3271,272,73.28,2.0
3271,519,180.71,2.0
3271,608,220.66,2.0
3272,224,226.21,3.0
3272,664,199.35,1.0
3272,747,241.7,2.0
3273,525,201.26,3.0
3273,798,80.05,2.0
3273,828,80.98,3.0
3274,75,154.27,1.0
3274,183,126.36,1.0
3274,376,152.57,1.0
3274,461,171.34,2.0
3274,735,237.3,3.0
3275,57,140.97,1.0
3275,276,245.17,2.0
3275,562,205.86,
3275,577,61.76,1.0
3275,742,153.3,1.0
3276,26,181.39,1.0
3276,225,58.78,2.0
3276,558,235.51,3.0
3276,691,166.4,3.0
3276,795,127.79,2.0
3277,115,178.84,1.0
3277,219,237.76,1.0
3277,526,217.47,1.0
3277,994,59.99,1.0
3278,177,131.35,2.0
3278,193,142.88,3.0
3278,223,83.22,1.0
3278,617,70.77,1.0
3278,820,51.21,2.0
3279,69,153.27,3.0
3279,165,69.55,2.0
3279,424,246.7,1.0
3279,449,80.11,2.0
3279,882,191.38,2.0
3280,308,117.08,1.0
3280,315,125.67,3.0
3280,364,217.62,1.0
3280,840,135.48,
3281,41,141.64,1.0
3281,282,216.11,3.0
3281,423,221.14,1.0
3281,843,218.71,1.0
3281,901,142.02,2.0
3282,149,209.72,2.0
3282,413,207.64,1.0
3282,643,,2.0
3282,686,138.01,2.0
3282,935,98.57,3.0
3283,120,183.66,1.0
3283,122,69.72,1.0
3283,131,157.55,1.0
3283,175,150.13,2.0
3283,711,187.54,3.0
3284,60,71.49,1.0
3284,177,131.35,3.0
3284,209,151.17,2.0
3284,782,158.46,2.0
3284,978,218.51,3.0
3285,183,126.36,3.0
3285,317,132.96,1.0
3285,391,185.14,3.0
3285,656,168.41,3.0
3286,43,116.23,1.0
3286,680,149.96,2.0
3286,729,233.18,3.0
3286,760,,3.0
3286,988,225.45,1.0
3287,21,184.17,2.0
3287,127,108.62,2.0
3287,262,114.64,3.0
3287,753,54.32,3.0
3287,783,125.75,3.0
3288,150,213.11,3.0
3288,508,201.16,2.0
3288,687,176.38,2.0
3289,238,203.38,2.0
3289,292,,1.0
3289,866,178.4,3.0
3290,185,134.78,1.0
3290,218,215.86,2.0
3290,727,148.9,1.0
3290,776,225.87,3.0
3290,982,96.15,3.0
3291,327,149.0,2.0
3291,522,210.27,2.0
3291,569,160.56,1.0
3291,708,191.55,3.0
3292,48,90.11,1.0
3292,779,92.97,1.0
3292,858,219.38,2.0
3293,249,224.27,1.0
3293,581,165.07,3.0
3293,851,221.01,1.0
3293,908,146.12,1.0
3294,110,87.63,3.0
3294,202,214.72,3.0
3294,449,80.11,1.0
3294,622,124.39,1.0
3294,850,232.72,1.0
3295,186,233.84,1.0
3295,257,51.04,3.0
3295,661,83.39,3.0
3295,952,245.6,2.0
3296,114,164.82,3.0
3296,162,76.84,2.0
3296,235,239.95,1.0
3296,288,101.72,2.0
3296,596,195.79,1.0
3297,151,226.05,2.0
3297,246,64.86,1.0
3297,430,88.19,
3297,434,199.38,2.0
3297,604,223.98,2.0
3298,77,61.77,1.0
3298,115,178.84,1.0
3298,371,51.0,1.0
3298,973,79.62,3.0
3299,95,222.28,3.0
3299,143,72.98,
3299,482,129.89,1.0
3299,526,217.47,2.0
3299,774,226.25,1.0
3300,308,117.08,3.0
3300,326,173.51,1.0
3300,337,160.66,3.0
3300,776,225.87,3.0
3301,239,220.93,2.0
3301,306,196.65,2.0
3301,618,208.82,2.0
3301,852,239.79,2.0
3301,890,177.49,1.0
3302,390,82.52,3.0
3302,631,183.29,2.0
3302,712,151.86,3.0
3302,794,112.71,1.0
3302,894,88.22,3.0
3303,565,148.85,1.0
3303,589,62.33,1.0
3303,598,119.08,1.0
3303,872,159.66,3.0
3303,976,80.22,2.0
3304,175,150.13,1.0
3304,409,121.46,3.0
3304,430,88.19,1.0
3304,663,130.57,1.0
3305,309,124.79,3.0
3305,344,85.83,2.0
3305,763,68.54,3.0
3306,77,61.77,2.0
3306,305,147.13,2.0
3306,497,175.73,3.0
3306,639,110.99,3.0
3306,862,160.96,1.0
3307,101,,1.0
3307,490,134.37,3.0
3307,549,87.59,3.0
3307,756,133.58,1.0
3307,891,87.61,2.0
3308,70,135.13,3.0
3308,307,197.91,3.0
3308,727,148.9,1.0
3309,181,120.56,3.0
3309,186,233.84,1.0
3309,595,56.33,1.0
3310,171,201.72,1.0
3310,269,81.71,2.0
3310,579,202.8,1.0
3311,17,128.61,3.0
3311,426,227.24,1.0
3311,830,56.52,3.0
3311,968,166.73,3.0
3312,83,125.49,3.0
3312,148,241.66,1.0
3312,239,220.93,1.0
3313,37,65.77,2.0
3313,124,139.26,3.0
3313,521,195.86,3.0
3313,776,225.87,
3314,246,64.86,2.0
3314,651,126.72,2.0
3314,929,197.89,3.0
3315,128,,2.0
3315,487,141.3,2.0
3315,917,87.21,2.0
3316,478,155.47,1.0
3316,692,101.01,2.0
3316,757,228.29,1.0
3316,811,223.59,1.0
3316,870,77.14,2.0
3317,21,184.17,1.0
3317,24,247.44,2.0
3317,108,66.24,1.0
3317,889,132.36,1.0
3318,154,146.97,3.0
3318,162,76.84,2.0
3318,647,99.37,2.0
3318,787,164.1,2.0
3319,90,180.87,2.0
3319,211,92.17,2.0
3319,378,148.58,3.0
3319,531,51.53,1.0
3319,555,187.68,3.0
3320,41,141.64,2.0
3320,254,129.75,1.0
3320,773,148.67,1.0
3321,4,102.01,2.0
3321,635,132.03,2.0
3321,658,165.29,1.0
3321,786,110.34,3.0
3321,964,,1.0
3322,135,81.29,3.0
3322,235,239.95,1.0
3322,453,152.15,2.0
3322,612,152.96,3.0
3322,671,204.75,1.0
3323,290,168.98,3.0
3323,850,232.72,3.0
3323,866,,2.0
3323,912,101.23,3.0
3324,214,67.39,1.0
3324,532,,3.0
3324,568,217.68,1.0
3324,623,,1.0
3324,640,97.33,2.0
3325,87,150.25,2.0
3325,138,221.92,
3325,146,215.92,2.0
3325,496,145.41,3.0
3326,280,190.85,3.0
3326,384,137.63,2.0
3326,873,148.67,3.0
3327,323,,1.0
3327,766,249.63,1.0
3327,891,87.61,2.0
3327,985,154.3,3.0
3328,326,173.51,2.0
3328,866,178.4,1.0
3328,935,98.57,1.0
3328,963,220.36,1.0
3329,193,142.88,1.0
3329,368,209.82,2.0
3329,515,200.99,1.0
3329,884,,3.0
3330,7,95.98,2.0
3330,692,101.01,1.0
3330,750,,3.0
3330,967,110.73,2.0
3331,4,102.01,3.0
3331,25,195.55,2.0
3331,396,195.67,1.0
3332,71,86.5,2.0
3332,118,62.77,3.0
3332,221,142.79,3.0
3332,366,106.38,2.0
3332,494,64.74,2.0
3333,68,206.01,2.0
3333,115,178.84,3.0
3333,286,159.85,1.0
3333,386,208.73,
3333,699,230.12,
3334,410,70.81,3.0
3334,576,227.01,1.0
3334,686,138.01,3.0
3334,792,237.91,2.0
3334,928,235.84,2.0
3335,446,203.34,2.0
3335,539,93.75,2.0
3335,583,150.9,1.0
3336,526,217.47,3.0
3336,572,87.01,3.0
3336,786,110.34,1.0
3336,862,160.96,2.0
3336,922,246.25,3.0
3337,59,80.92,2.0
3337,105,232.06,1.0
3337,575,124.4,1.0
3337,696,231.65,2.0
3337,898,208.88,2.0
3338,47,95.83,2.0
3338,245,136.11,3.0
3338,373,160.95,2.0
3338,878,50.82,3.0
3338,922,246.25,2.0
3339,495,127.08,3.0
3339,709,92.58,3.0
3339,933,140.94,2.0
3339,938,,2.0
3340,67,55.29,1.0
3340,196,82.73,2.0
3340,495,127.08,3.0
3340,699,230.12,1.0
3341,270,127.17,1.0
3341,300,173.53,1.0
3341,533,91.11,
3341,836,244.73,1.0
3342,3,132.41,3.0
3342,400,186.19,2.0
3342,477,245.15,1.0
3342,590,153.28,1.0
3343,125,146.21,2.0
3343,143,72.98,1.0
3343,153,92.66,3.0
3343,621,189.73,2.0
3344,4,102.01,2.0
3344,266,200.67,
3344,540,162.04,1.0
3344,592,195.71,1.0
3344,679,90.4,2.0
3345,229,89.49,3.0
3345,539,93.75,2.0
3345,993,83.38,2.0
3346,42,226.48,
3346,109,120.8,
3346,642,157.65,2.0
3346,868,163.34,3.0
3346,973,79.62,1.0
3347,122,69.72,2.0
3347,341,125.25,3.0
3347,476,164.01,1.0
3347,668,88.59,1.0
3348,108,66.24,2.0
3348,243,188.05,1.0
3348,877,202.64,3.0
3349,206,148.94,2.0
3349,318,68.99,3.0
3349,615,85.81,
3350,130,121.41,2.0
3350,143,72.98,2.0
3350,294,237.5,1.0
3350,528,198.95,1.0
3350,878,50.82,2.0
3351,33,,3.0
3351,89,,3.0
3351,397,238.21,1.0
3351,446,203.34,1.0
3352,127,108.62,2.0
3352,206,148.94,1.0
3352,481,115.71,3.0
3352,672,79.28,2.0
3352,710,139.0,2.0
3353,150,213.11,3.0
3353,892,,2.0
3353,944,77.61,2.0
3354,406,192.02,2.0
3354,709,92.58,1.0
3354,855,146.69,3.0
3355,3,132.41,2.0
3355,178,186.24,2.0
3355,949,248.37,3.0
3356,136,64.57,2.0
3356,532,70.73,2.0
3356,661,83.39,2.0
3356,715,180.14,
3356,808,233.39,2.0
3357,164,91.14,1.0
3357,251,60.23,1.0
3357,288,101.72,1.0
3358,367,192.22,1.0
3358,706,124.5,3.0
3358,856,233.37,2.0
3358,982,96.15,3.0
3359,238,203.38,1.0
3359,600,169.99,1.0
3359,804,232.19,1.0
3359,808,233.39,2.0
3360,34,62.0,2.0
3360,78,166.26,2.0
3360,277,156.48,2.0
3360,472,63.46,2.0
3361,363,87.53,3.0
3361,654,133.29,3.0
3361,907,,3.0
3362,129,200.64,2.0
3362,448,91.2,3.0
3362,539,93.75,1.0
3362,711,187.54,3.0
3363,247,207.42,3.0
3363,348,203.33,3.0
3363,508,201.16,3.0
3363,598,119.08,1.0
3363,812,119.48,3.0
3364,58,231.34,3.0
3364,132,221.69,3.0
3364,248,124.74,3.0
3364,311,160.61,2.0
3364,622,124.39,3.0
3365,127,108.62,2.0
3365,201,50.2,3.0
3365,496,145.41,2.0
3365,893,195.69,1.0
3365,972,143.26,2.0
3366,308,117.08,2.0
3366,377,52.08,1.0
3366,630,160.61,1.0
3366,970,54.56,2.0
3367,422,120.82,2.0
3367,500,136.7,1.0
3367,512,185.45,1.0
3367,734,201.32,2.0
3368,241,69.12,1.0
3368,278,100.46,3.0
3368,705,91.17,2.0
3369,263,93.74,1.0
3369,517,106.05,2.0
3369,576,227.01,1.0
3369,985,154.3,3.0
3370,273,216.8,1.0
3370,359,196.99,1.0
3370,466,220.25,3.0
3370,748,232.9,1.0
3370,836,244.73,3.0
3371,36,197.14,2.0
3371,260,,3.0
3371,597,208.18,2.0
3372,136,64.57,2.0
3372,268,80.87,2.0
3372,432,56.08,2.0
3372,781,181.2,1.0
3372,983,78.57,2.0
3373,164,91.14,1.0
3373,639,110.99,2.0
3373,778,149.89,3.0
3374,435,249.48,1.0
3374,747,241.7,2.0
3374,878,50.82,
3375,566,122.7,2.0
3375,718,153.46,2.0
3375,912,101.23,2.0
3375,994,59.99,
3376,144,111.9,1.0
3376,172,103.8,1.0
3376,318,68.99,
3376,479,160.63,1.0
3376,582,195.63,2.0
3377,878,50.82,1.0
3377,939,113.97,1.0
3377,977,,1.0
3378,317,,3.0
3378,493,173.08,
3378,556,246.31,2.0
3379,261,71.6,3.0
3379,347,136.1,3.0
3379,617,70.77,3.0
3379,679,90.4,
3379,737,127.14,2.0
3380,403,99.71,1.0
3380,805,159.55,2.0
3380,813,,2.0
3381,60,71.49,2.0
3381,524,67.52,1.0
3381,571,179.32,2.0
3382,234,194.51,3.0
3382,599,227.54,3.0
3382,659,163.96,2.0
3383,373,160.95,2.0
3383,578,67.16,2.0
3383,601,189.18,3.0
3384,166,192.62,1.0
3384,270,127.17,1.0
3384,572,87.01,2.0
3384,616,178.66,2.0
3384,760,226.3,1.0
3385,203,202.04,2.0
3385,405,70.71,1.0
3385,409,121.46,1.0
3386,179,174.38,1.0
3386,428,174.0,3.0
3386,614,174.25,1.0
3386,928,235.84,1.0
3386,950,209.25,1.0
3387,105,232.06,3.0
3387,159,,3.0
3387,533,91.11,1.0
3387,579,202.8,2.0
3387,970,54.56,3.0
3388,116,247.88,1.0
3388,469,115.23,1.0
3388,492,218.49,3.0
3388,656,168.41,2.0
3388,999,66.5,1.0
3389,443,244.96,2.0
3389,543,103.79,3.0
3389,711,187.54,3.0
3390,37,65.77,2.0
3390,126,139.84,
3390,382,138.74,2.0
3390,532,70.73,2.0
3390,620,137.63,3.0
3391,113,102.99,1.0
3391,273,216.8,1.0
3391,345,168.81,3.0
3391,471,189.72,3.0
3391,611,177.27,
3392,533,91.11,1.0
3392,823,243.4,3.0
3392,963,220.36,1.0
3393,430,88.19,1.0
3393,586,241.2,2.0
3393,618,208.82,1.0
3393,701,209.76,1.0
3393,898,208.88,3.0
3394,149,209.72,2.0
3394,375,216.37,3.0
3394,623,118.18,3.0
3394,719,53.18,3.0
3394,753,,1.0
3395,1,72.66,3.0
3395,54,84.5,1.0
3395,178,186.24,1.0
3395,301,236.73,1.0
3396,174,141.85,2.0
3396,205,56.5,1.0
3396,390,82.52,3.0
3397,22,74.05,2.0
3397,230,142.07,1.0
3397,238,203.38,3.0
3397,452,,1.0
3397,885,65.26,3.0
3398,192,62.03,2.0
3398,337,160.66,3.0
3398,392,113.94,1.0
3398,779,92.97,1.0
3399,120,183.66,2.0
3399,199,121.89,1.0
3399,670,60.76,3.0
3400,438,131.49,1.0
3400,831,208.58,1.0
3400,964,106.28,2.0
3401,363,87.53,1.0
3401,512,185.45,2.0
3401,802,158.8,3.0
3401,888,80.36,3.0
3402,172,103.8,
3402,781,181.2,1.0
3402,787,164.1,
3402,965,239.42,3.0
3403,199,121.89,1.0
3403,222,92.66,3.0
3403,299,70.27,3.0
3403,324,231.64,1.0
3403,393,188.3,1.0
3404,384,137.63,1.0
3404,489,65.95,2.0
3404,833,189.81,1.0
3404,873,148.67,3.0
3405,291,181.87,2.0
3405,723,176.43,1.0
3405,955,151.86,3.0
3406,54,84.5,3.0
3406,166,192.62,1.0
3406,462,77.21,1.0
3406,624,67.8,1.0
3406,666,109.41,1.0
3407,79,182.33,2.0
3407,456,199.14,2.0
3407,926,64.91,2.0
3408,312,57.94,1.0
3408,582,195.63,2.0
3408,749,74.3,2.0
3408,963,220.36,3.0
3409,387,200.4,3.0
3409,454,155.48,2.0
3409,536,162.12,2.0
3409,654,133.29,1.0
3410,424,246.7,2.0
3410,550,83.71,3.0
3410,580,210.06,2.0
3410,705,91.17,
3410,731,207.18,1.0
3411,11,114.72,3.0
3411,176,75.79,
3411,279,200.37,2.0
3411,304,208.6,3.0
3411,590,153.28,3.0
3412,608,220.66,1.0
3412,739,196.68,3.0
3412,863,183.04,2.0
3413,213,206.95,
3413,302,124.05,3.0
3413,308,117.08,3.0
3413,635,132.03,3.0
3413,829,95.21,
3414,190,99.3,1.0
3414,276,245.17,2.0
3414,345,168.81,2.0
3414,427,113.76,2.0
3414,832,,2.0
3415,104,173.39,3.0
3415,106,140.96,3.0
3415,997,75.45,3.0
3416,325,149.23,2.0
3416,376,152.57,2.0
3416,549,87.59,1.0
3416,895,187.0,2.0
3417,35,146.61,1.0
3417,777,176.22,3.0
3417,822,,3.0
3417,825,100.58,3.0
3418,37,65.77,3.0
3418,141,140.89,2.0
3418,383,203.93,3.0
3418,423,221.14,3.0
3419,9,214.61,3.0
3419,12,114.63,3.0
3419,125,146.21,3.0
3419,796,213.28,1.0
3419,886,76.08,3.0
3420,526,217.47,3.0
3420,573,61.97,1.0
3420,614,174.25,1.0
3421,118,62.77,2.0
3421,405,70.71,3.0
3421,457,111.71,1.0
3421,495,127.08,
3422,306,196.65,2.0
3422,427,113.76,1.0
3422,443,244.96,2.0
3423,22,74.05,3.0
3423,485,52.72,1.0
3423,691,166.4,2.0
3423,955,151.86,3.0
3423,968,166.73,1.0
3424,558,235.51,3.0
3424,579,202.8,3.0
3424,792,237.91,3.0
3424,805,159.55,2.0
3425,351,155.07,
3425,615,85.81,1.0
3425,620,137.63,1.0
3426,128,94.73,3.0
3426,474,224.08,1.0
3426,713,120.97,3.0
3426,843,218.71,2.0
3427,221,142.79,3.0
3427,289,128.11,3.0
3427,428,174.0,1.0
3427,667,124.68,2.0
3428,72,143.79,3.0
3428,358,134.49,1.0
3428,393,188.3,1.0
3428,673,71.97,3.0
3429,413,207.64,1.0
3429,414,184.12,
3429,812,119.48,3.0
3430,29,62.51,2.0
3430,272,73.28,2.0
3430,320,57.22,3.0
3430,328,93.55,3.0
3430,594,196.51,2.0
3431,135,81.29,3.0
3431,156,,2.0
3431,841,196.07,1.0
3432,3,132.41,1.0
3432,13,236.18,2.0
3432,608,220.66,2.0
3433,71,86.5,2.0
3433,321,129.7,2.0
3433,586,241.2,2.0
3433,673,71.97,3.0
3434,218,215.86,1.0
3434,393,188.3,2.0
3434,683,143.94,
3434,845,225.55,3.0
3435,310,157.3,2.0
3435,322,245.9,2.0
3435,430,88.19,3.0
3435,530,215.96,
3435,807,198.27,
3436,436,170.1,2.0
3436,458,243.84,2.0
3436,947,,1.0
3437,58,231.34,3.0
3437,133,240.19,3.0
3437,256,114.14,3.0
3437,722,134.69,2.0
3437,842,107.24,2.0
3438,358,134.49,3.0
3438,452,125.45,3.0
3438,646,191.41,3.0
3439,220,168.73,3.0
3439,590,153.28,3.0
3439,957,117.34,3.0
3440,191,226.32,2.0
3440,416,141.33,1.0
3440,441,208.41,3.0
3440,822,132.13,2.0
3440,849,54.69,1.0
3441,182,204.96,3.0
3441,493,173.08,1.0
3441,495,127.08,1.0
3441,547,186.62,3.0
3442,494,64.74,3.0
3442,947,201.85,3.0
3442,994,59.99,3.0
3443,219,237.76,1.0
3443,507,226.65,2.0
3443,520,171.69,3.0
3443,540,162.04,
3444,253,211.86,2.0
3444,315,125.67,2.0
3444,398,118.83,2.0
3444,732,247.41,1.0
3444,800,76.15,3.0
3445,115,178.84,1.0
3445,499,165.93,2.0
3445,697,77.43,1.0
3445,734,201.32,2.0
3446,145,69.03,3.0
3446,158,118.43,3.0
3446,240,,1.0
3446,273,216.8,1.0
3446,414,184.12,3.0
3447,334,175.68,1.0
3447,675,64.53,1.0
3447,903,64.48,3.0
3448,374,86.56,2.0
3448,490,134.37,3.0
3448,516,113.3,2.0
3448,698,86.52,1.0
3449,277,156.48,3.0
3449,645,151.87,1.0
3449,968,166.73,1.0
3450,121,152.74,3.0
3450,630,160.61,1.0
3450,731,207.18,3.0
3450,944,77.61,2.0
3450,963,220.36,1.0
3451,87,150.25,3.0
3451,753,54.32,2.0
3451,844,133.38,1.0
3451,936,157.52,2.0
3452,734,201.32,1.0
3452,855,146.69,1.0
3452,982,96.15,3.0
3453,266,,2.0
3453,565,148.85,3.0
3453,710,139.0,2.0
3454,8,63.45,3.0
3454,349,138.39,1.0
3454,492,218.49,1.0
3454,744,231.74,1.0
3455,158,118.43,1.0
3455,401,,1.0
3455,535,167.78,2.0
3455,887,217.22,
3456,114,164.82,1.0
3456,136,64.57,2.0
3456,582,195.63,3.0
3456,921,156.4,
3457,492,218.49,3.0
3457,578,,1.0
3457,720,225.01,3.0
3457,727,148.9,2.0
3458,396,195.67,1.0
3458,478,155.47,3.0
3458,714,,3.0
3459,74,172.32,3.0
3459,538,232.66,3.0
3459,552,96.49,3.0
3459,893,195.69,1.0
3460,40,146.27,1.0
3460,292,214.47,3.0
3460,390,82.52,3.0
3460,669,230.08,3.0
3460,951,81.4,1.0
3461,171,201.72,1.0
3461,378,148.58,2.0
3461,710,139.0,3.0
3461,732,247.41,3.0
3462,109,120.8,1.0
3462,303,134.23,1.0
3462,988,,2.0
3463,498,174.24,3.0
3463,910,142.16,1.0
3463,971,103.93,2.0
3463,981,60.43,1.0
3464,138,221.92,2.0
3464,219,237.76,3.0
3464,330,103.52,1.0
3464,413,207.64,2.0
3464,683,143.94,2.0
3465,21,184.17,1.0
3465,307,197.91,3.0
3465,373,160.95,3.0
3465,502,146.58,3.0
3466,15,62.94,2.0
3466,192,62.03,1.0
3466,484,199.61,3.0
3466,700,79.91,3.0
3466,886,,2.0
3467,162,76.84,1.0
3467,463,198.51,
3467,586,241.2,
3467,638,,3.0
3468,22,74.05,2.0
3468,394,191.95,3.0
3468,418,104.84,2.0
3468,634,112.99,3.0
3468,868,163.34,3.0
3469,10,,2.0
3469,77,,1.0
3469,357,77.1,1.0
3469,684,248.13,2.0
3469,750,149.73,2.0
3470,220,168.73,2.0
3470,254,,2.0
3470,484,199.61,2.0
3470,639,110.99,1.0
3470,732,247.41,3.0
3471,413,207.64,3.0
3471,771,76.39,1.0
3471,863,183.04,3.0
3471,969,231.07,2.0
3472,115,178.84,3.0
3472,629,195.26,
3472,672,79.28,3.0
3473,263,93.74,2.0
3473,328,93.55,3.0
3473,446,203.34,2.0
3473,568,217.68,2.0
3474,64,183.33,1.0
3474,201,50.2,1.0
3474,285,177.93,2.0
3474,404,95.37,1.0
3474,467,176.42,3.0
3475,503,51.95,3.0
3475,660,185.42,1.0
3475,664,199.35,2.0
3475,716,63.71,2.0
3475,770,,1.0
3476,13,236.18,2.0
3476,25,195.55,2.0
3476,407,174.05,1.0
3477,148,241.66,3.0
3477,771,76.39,1.0
3477,802,158.8,2.0
3478,802,158.8,3.0
3478,923,149.87,2.0
3478,985,154.3,1.0
3478,992,88.48,2.0
3479,294,237.5,3.0
3479,335,146.92,3.0
3479,470,244.46,2.0
3479,774,226.25,1.0
3480,130,121.41,1.0
3480,138,221.92,1.0
3480,861,188.97,1.0
3480,971,103.93,2.0
3481,365,153.13,1.0
3481,782,158.46,2.0
3481,970,54.56,3.0
3482,26,181.39,1.0
3482,58,231.34,2.0
3482,421,66.61,1.0
3482,920,147.21,3.0
3483,362,177.66,3.0
3483,754,219.81,3.0
3483,997,75.45,2.0
3484,245,136.11,1.0
3484,249,224.27,1.0
3484,265,245.93,3.0
3484,664,199.35,3.0
3485,70,135.13,1.0
3485,559,164.08,2.0
3485,755,198.93,2.0
3486,230,142.07,3.0
3486,268,80.87,2.0
3486,432,56.08,3.0
3486,659,163.96,2.0
3486,695,77.45,2.0
3487,63,141.12,1.0
3487,353,247.18,2.0
3487,354,85.44,3.0
3487,703,171.58,2.0
3488,107,123.53,1.0
3488,299,70.27,2.0
3488,386,208.73,2.0
3488,467,176.42,3.0
3489,199,121.89,2.0
3489,536,162.12,3.0
3489,794,112.71,
3490,33,116.23,3.0
3490,390,82.52,3.0
3490,689,132.29,2.0
3491,174,141.85,2.0
3491,255,248.35,1.0
3491,429,99.3,1.0
3491,636,198.75,3.0
3491,781,181.2,2.0
3492,213,206.95,2.0
3492,243,188.05,2.0
3492,511,219.43,2.0
3492,567,167.33,2.0
3493,260,87.94,1.0
3493,271,80.13,2.0
3493,610,118.1,3.0
3494,409,121.46,
3494,588,151.91,3.0
3494,625,71.81,2.0
3494,779,92.97,3.0
3494,976,80.22,3.0
3495,278,100.46,3.0
3495,397,238.21,2.0
3495,470,244.46,3.0
3495,609,205.56,1.0
3495,785,249.16,2.0
3496,166,192.62,3.0
3496,342,91.83,3.0
3496,735,237.3,1.0
3496,830,56.52,2.0
3497,649,160.83,3.0
3497,800,76.15,2.0
3497,812,119.48,2.0
3498,460,89.74,2.0
3498,475,227.5,2.0
3498,507,,2.0
3498,634,112.99,3.0
3498,774,226.25,2.0
3499,101,141.82,3.0
3499,572,87.01,1.0
3499,771,76.39,1.0
3500,8,63.45,3.0
3500,457,111.71,3.0
3500,569,160.56,3.0
3500,578,67.16,1.0
3500,826,241.6,1.0
3501,396,195.67,3.0
3501,542,229.25,2.0
3501,767,106.78,1.0
3502,687,176.38,2.0
3502,781,181.2,1.0
3502,908,146.12,1.0
3503,156,204.33,1.0
3503,182,204.96,3.0
3503,566,122.7,3.0
3503,784,112.27,3.0
3503,892,164.04,1.0
3504,14,238.51,2.0
3504,130,121.41,2.0
3504,210,208.67,3.0
3504,941,,3.0
3505,116,247.88,1.0
3505,371,51.0,3.0
3505,547,186.62,1.0
3505,862,160.96,1.0
3505,995,113.27,2.0
3506,109,120.8,3.0
3506,517,106.05,2.0
3506,558,235.51,2.0
3506,638,68.44,3.0
3507,402,101.5,1.0
3507,777,176.22,2.0
3507,859,67.61,2.0
3508,125,146.21,1.0
3508,346,96.77,3.0
3508,681,235.72,1.0
3508,875,127.14,2.0
3508,938,92.58,2.0
3509,462,77.21,2.0
3509,836,244.73,3.0
3509,908,146.12,3.0
3510,31,240.33,3.0
3510,263,93.74,3.0
3510,290,,1.0
3510,590,153.28,3.0
3510,742,153.3,3.0
3511,66,167.64,
3511,149,209.72,3.0
3511,168,62.42,2.0
3511,873,148.67,2.0
3511,985,154.3,3.0
3512,34,62.0,3.0
3512,550,83.71,2.0
3512,937,164.51,3.0
3512,979,205.27,2.0
3513,203,202.04,3.0
3513,269,81.71,2.0
3513,347,136.1,1.0
3514,289,128.11,2.0
3514,449,80.11,3.0
3514,769,198.25,1.0
3515,132,221.69,1.0
3515,152,63.89,1.0
3515,471,189.72,2.0
3515,678,201.53,1.0
3515,986,94.04,3.0
3516,565,148.85,2.0
3516,566,122.7,1.0
3516,626,95.95,3.0
3516,712,151.86,3.0
3517,134,114.43,3.0
3517,284,191.93,1.0
3517,372,145.25,2.0
3518,94,85.78,2.0
3518,644,102.24,1.0
3518,765,189.72,2.0
3518,769,198.25,3.0
3519,39,200.01,1.0
3519,190,99.3,3.0
3519,843,218.71,1.0
3519,879,107.5,3.0
3519,997,75.45,2.0
3520,54,84.5,3.0
3520,295,225.4,2.0
3520,469,115.23,3.0
3520,632,218.24,3.0
3520,896,238.61,2.0
3521,146,215.92,1.0
3521,219,237.76,2.0
3521,524,67.52,3.0
3521,630,160.61,3.0
3522,284,191.93,2.0
3522,533,91.11,2.0
3522,839,,3.0
3523,357,77.1,1.0
3523,543,103.79,3.0
3523,958,,2.0
3524,694,51.93,3.0
3524,735,237.3,3.0
3524,879,107.5,3.0
3525,68,206.01,3.0
3525,635,132.03,2.0
3525,873,148.67,2.0
3525,989,218.85,2.0
3526,388,231.18,1.0
3526,535,167.78,2.0
3526,876,227.05,1.0
3526,912,101.23,1.0
3527,362,,3.0
3527,488,80.54,2.0
3527,786,110.34,2.0
3528,437,,1.0
3528,463,198.51,1.0
3528,480,185.48,2.0
3528,794,,2.0
3528,929,197.89,3.0
3529,192,62.03,1.0
3529,283,124.19,2.0
3529,861,188.97,1.0
3530,272,73.28,3.0
3530,394,191.95,3.0
3530,516,,3.0
3530,596,195.79,2.0
3531,94,85.78,2.0
3531,135,81.29,1.0
3531,203,202.04,
3532,270,127.17,1.0
3532,513,234.35,2.0
3532,541,184.84,1.0
3532,584,245.83,3.0
3533,166,192.62,3.0
3533,367,192.22,3.0
3533,733,188.04,2.0
3533,762,133.63,2.0
3534,165,69.55,3.0
3534,567,167.33,2.0
3534,896,238.61,3.0
3535,70,135.13,2.0
3535,342,91.83,3.0
3535,734,201.32,1.0
3535,857,60.36,3.0
3535,911,112.85,1.0
3536,1,72.66,1.0
3536,11,,2.0
3536,234,194.51,1.0
3537,398,118.83,3.0
3537,615,85.81,2.0
3537,718,153.46,2.0
3538,454,155.48,2.0
3538,485,52.72,3.0
3538,855,146.69,2.0
3539,520,171.69,3.0
3539,890,177.49,
3539,982,96.15,3.0
3540,437,224.5,1.0
3540,761,78.05,2.0
3540,995,113.27,2.0
3541,253,211.86,3.0
3541,774,226.25,1.0
3541,804,232.19,
3542,519,180.71,
3542,862,160.96,1.0
3542,916,233.11,1.0
3543,409,121.46,2.0
3543,573,61.97,2.0
3543,770,215.18,1.0
3544,228,110.69,3.0
3544,561,150.52,3.0
3544,566,122.7,1.0
3544,894,88.22,3.0
3544,982,96.15,1.0
3545,254,129.75,3.0
3545,387,200.4,1.0
3545,427,113.76,1.0
3545,834,127.56,1.0
3545,873,148.67,1.0
3546,253,211.86,2.0
3546,352,226.63,1.0
3546,699,230.12,2.0
3547,453,152.15,2.0
3547,680,149.96,3.0
3547,690,239.97,2.0
3547,837,249.04,1.0
3548,134,114.43,2.0
3548,135,81.29,3.0
3548,340,67.14,1.0
3548,751,121.44,2.0
3548,947,,2.0
3549,449,80.11,3.0
3549,567,167.33,2.0
3549,579,202.8,3.0
3549,948,145.76,3.0
3550,37,65.77,2.0
3550,183,126.36,2.0
3550,338,118.52,3.0
3551,36,197.14,3.0
3551,228,110.69,2.0
3551,290,168.98,2.0
3551,750,149.73,3.0
3551,809,66.18,3.0
3552,5,165.12,1.0
3552,105,232.06,1.0
3552,409,121.46,3.0
3552,845,225.55,3.0
3552,958,198.75,2.0
3553,1,72.66,2.0
3553,171,201.72,2.0
3553,254,129.75,2.0
3553,297,146.37,
3553,496,145.41,1.0
3554,9,,3.0
3554,85,169.02,2.0
3554,407,174.05,3.0
3554,593,97.97,2.0
3554,701,209.76,3.0
3555,21,184.17,1.0
3555,467,176.42,1.0
3555,877,202.64,2.0
3556,131,157.55,2.0
3556,221,142.79,2.0
3556,403,99.71,1.0
3556,645,151.87,2.0
3556,982,96.15,1.0
3557,78,166.26,2.0
3557,169,116.7,2.0
3557,196,82.73,3.0
3558,255,248.35,2.0
3558,866,178.4,1.0
3558,880,227.92,1.0
3559,33,116.23,1.0
3559,467,176.42,3.0
3559,625,71.81,3.0
3559,769,198.25,2.0
3559,899,199.38,1.0
3560,178,186.24,3.0
3560,292,214.47,2.0
3560,334,175.68,2.0
3560,893,195.69,1.0
3560,931,122.11,3.0
3561,55,238.3,2.0
3561,136,64.57,2.0
3561,715,,2.0
3561,880,227.92,3.0
3562,110,87.63,1.0
3562,119,151.13,3.0
3562,183,126.36,1.0
3562,948,145.76,3.0
3563,40,146.27,3.0
3563,276,245.17,3.0
3563,358,134.49,2.0
3563,391,185.14,1.0
3564,36,197.14,1.0
3564,328,93.55,1.0
3564,889,,1.0
3564,891,87.61,3.0
3565,8,63.45,2.0
3565,32,161.45,2.0
3565,84,225.47,1.0
3565,429,99.3,3.0
3565,431,208.24,2.0
3566,30,207.25,2.0
3566,84,225.47,1.0
3566,96,171.87,2.0
3566,227,234.63,2.0
3566,856,233.37,2.0
3567,41,141.64,1.0
3567,831,208.58,2.0
3567,832,119.16,2.0
3568,278,100.46,3.0
3568,579,202.8,3.0
3568,695,77.45,1.0
3568,921,156.4,2.0
3569,64,183.33,3.0
3569,585,178.27,1.0
3569,645,151.87,3.0
3570,668,88.59,3.0
3570,714,113.33,3.0
3570,717,207.78,3.0
3570,730,167.65,3.0
3570,909,203.1,1.0
3571,80,117.92,2.0
3571,379,148.21,2.0
3571,522,210.27,2.0
3571,983,78.57,3.0
3572,366,106.38,3.0
3572,407,174.05,2.0
3572,502,146.58,3.0
3572,750,149.73,3.0
3572,822,132.13,2.0
3573,19,146.71,2.0
3573,113,102.99,2.0
3573,308,117.08,2.0
3574,28,96.21,2.0
3574,826,,3.0
3574,907,121.43,3.0
3575,569,160.56,2.0
3575,692,,1.0
3575,748,232.9,1.0
3576,9,214.61,1.0
3576,33,116.23,2.0
3576,77,61.77,3.0
3576,210,208.67,3.0
3576,656,168.41,3.0
3577,193,142.88,3.0
3577,376,152.57,2.0
3577,569,,1.0
3577,885,65.26,2.0
3577,968,166.73,3.0
3578,430,88.19,1.0
3578,629,195.26,1.0
3578,756,133.58,1.0
3578,813,246.86,2.0
3579,115,178.84,1.0
3579,231,229.82,2.0
3579,239,220.93,2.0
3579,696,231.65,1.0
3580,357,77.1,2.0
3580,370,176.52,2.0
3580,416,141.33,2.0
3580,730,167.65,1.0
3581,59,80.92,1.0
3581,592,195.71,3.0
3581,595,56.33,1.0
3581,780,73.93,2.0
3581,923,149.87,2.0
3582,104,173.39,2.0
3582,357,77.1,2.0
3582,486,172.25,2.0
3582,559,164.08,2.0
3583,330,103.52,
3583,424,246.7,1.0
3583,654,133.29,2.0
3583,790,125.07,2.0
3583,888,80.36,2.0
3584,13,236.18,2.0
3584,45,170.78,3.0
3584,259,57.05,1.0
3584,446,203.34,3.0
3585,254,129.75,3.0
3585,320,57.22,1.0
3585,487,141.3,1.0
3585,665,86.52,2.0
3586,295,225.4,2.0
3586,551,162.25,1.0
3586,704,50.64,2.0
3586,785,249.16,2.0
3587,461,171.34,
3587,543,103.79,3.0
3587,729,233.18,3.0
3587,970,54.56,1.0
3588,9,214.61,1.0
3588,158,118.43,3.0
3588,203,202.04,
3588,508,201.16,2.0
3588,638,68.44,
3589,270,127.17,3.0
3589,304,208.6,3.0
3589,816,171.99,2.0
3590,197,220.79,1.0
3590,361,82.42,1.0
3590,659,163.96,3.0
3591,359,196.99,3.0
3591,555,187.68,3.0
3591,657,55.71,2.0
3592,332,129.36,1.0
3592,693,117.46,3.0
3592,849,54.69,2.0
3593,158,118.43,1.0
3593,749,74.3,3.0
3593,781,181.2,1.0
3594,59,80.92,3.0
3594,297,146.37,1.0
3594,536,162.12,1.0
3594,647,99.37,1.0
3595,392,113.94,2.0
3595,419,183.25,2.0
3595,827,172.87,2.0
3596,407,174.05,3.0
3596,725,226.28,2.0
3596,872,159.66,2.0
3596,940,87.48,1.0
3597,89,81.47,2.0
3597,277,156.48,3.0
3597,447,83.16,2.0
3597,688,62.79,2.0
3598,274,189.78,2.0
3598,422,120.82,1.0
3598,530,215.96,3.0
3598,591,61.38,
3598,879,107.5,2.0
3599,784,112.27,2.0
3599,881,150.03,3.0
3599,939,113.97,1.0
3600,257,51.04,2.0
3600,639,,1.0
3600,720,225.01,3.0
3601,8,63.45,1.0
3601,15,62.94,1.0
3601,183,126.36,2.0
3601,871,243.22,1.0
3601,965,239.42,1.0
3602,73,204.1,2.0
3602,131,157.55,2.0
3602,379,148.21,1.0
3602,446,203.34,3.0
3602,590,153.28,3.0
3603,9,214.61,3.0
3603,241,,1.0
3603,438,131.49,1.0
3603,787,164.1,
3603,798,80.05,1.0
3604,231,229.82,3.0
3604,427,113.76,1.0
3604,756,133.58,3.0
3605,43,116.23,2.0
3605,370,176.52,3.0
3605,678,201.53,3.0
3606,187,125.22,1.0
3606,206,148.94,1.0
3606,239,220.93,1.0
3606,940,87.48,3.0
3607,242,142.14,3.0
3607,338,118.52,2.0
3607,704,50.64,1.0
3608,13,236.18,2.0
3608,641,59.05,1.0
3608,698,86.52,2.0
3609,4,102.01,2.0
3609,222,,3.0
3609,852,239.79,2.0
3610,61,112.13,3.0
3610,288,101.72,3.0
3610,588,151.91,3.0
3610,607,222.02,1.0
3610,699,230.12,1.0
3611,573,61.97,3.0
3611,594,196.51,3.0
3611,605,138.19,1.0
3612,374,86.56,1.0
3612,525,201.26,1.0
3612,627,160.87,2.0
3612,962,158.95,2.0
3612,1000,133.67,2.0
3613,208,57.13,1.0
3613,258,67.56,1.0
3613,507,226.65,2.0
3613,599,227.54,2.0
3614,371,51.0,3.0
3614,377,52.08,3.0
3614,467,176.42,3.0
3614,648,230.35,2.0
3615,108,66.24,3.0
3615,109,120.8,1.0
3615,353,,3.0
3615,443,244.96,3.0
3615,654,133.29,3.0
3616,336,229.24,1.0
3616,590,153.28,3.0
3616,656,168.41,3.0
3616,770,215.18,1.0
3617,44,93.13,2.0
3617,203,202.04,2.0
3617,697,77.43,1.0
3617,973,79.62,2.0
3617,998,168.56,2.0
3618,194,185.69,2.0
3618,239,220.93,3.0
3618,583,150.9,1.0
3618,894,,2.0
3618,999,66.5,3.0
3619,145,69.03,3.0
3619,824,170.3,3.0
3619,873,148.67,2.0
3620,53,60.45,3.0
3620,104,173.39,3.0
3620,678,201.53,2.0
3620,769,198.25,2.0
3621,41,141.64,3.0
3621,228,110.69,2.0
3621,462,77.21,1.0
3621,491,214.4,3.0
3621,871,243.22,1.0
3622,24,247.44,1.0
3622,37,65.77,2.0
3622,338,118.52,2.0
3622,446,203.34,3.0
3622,700,79.91,3.0
3623,297,146.37,1.0
3623,459,94.26,1.0
3623,730,167.65,1.0
3624,34,62.0,3.0
3624,133,240.19,1.0
3624,596,195.79,3.0
3625,248,124.74,2.0
3625,626,95.95,1.0
3625,650,65.51,1.0
3625,687,176.38,2.0
3626,13,236.18,3.0
3626,271,80.13,1.0
3626,567,167.33,1.0
3626,690,239.97,2.0
3627,132,221.69,3.0
3627,180,136.21,3.0
3627,536,162.12,1.0
3627,828,80.98,3.0
3628,27,76.78,1.0
3628,133,240.19,2.0
3628,889,132.36,1.0
3629,104,173.39,1.0
3629,203,202.04,2.0
3629,251,60.23,1.0
3629,873,148.67,2.0
3630,132,221.69,1.0
3630,394,191.95,1.0
3630,459,94.26,1.0
3630,992,88.48,1.0
3630,1000,133.67,1.0
3631,411,152.22,2.0
3631,757,228.29,1.0
3631,800,76.15,3.0
3632,667,124.68,1.0
3632,742,153.3,1.0
3632,968,166.73,
3633,279,200.37,3.0
3633,570,77.81,1.0
3633,889,132.36,2.0
3634,344,85.83,3.0
3634,388,231.18,1.0
3634,556,246.31,3.0
3634,748,232.9,1.0
3634,812,119.48,1.0
3635,43,116.23,3.0
3635,529,69.77,1.0
3635,535,167.78,3.0
3636,68,206.01,1.0
3636,163,193.4,2.0
3636,257,51.04,1.0
3636,493,173.08,3.0
3637,120,183.66,3.0
3637,200,230.67,1.0
3637,900,247.74,3.0
3638,334,175.68,1.0
3638,522,210.27,1.0
3638,997,75.45,2.0
3639,79,182.33,1.0
3639,363,87.53,1.0
3639,393,188.3,2.0
3639,495,127.08,1.0
3639,546,145.42,1.0
3640,276,245.17,1.0
3640,423,221.14,2.0
3640,557,102.94,2.0
3640,623,118.18,3.0
3640,835,163.93,2.0
3641,70,135.13,3.0
3641,464,191.8,3.0
3641,542,229.25,2.0
3642,372,145.25,3.0
3642,381,56.19,3.0
3642,472,63.46,1.0
3642,542,229.25,2.0
3642,975,187.08,1.0
3643,210,208.67,2.0
3643,601,189.18,1.0
3643,761,78.05,3.0
3643,896,238.61,3.0
3644,23,203.41,3.0
3644,66,167.64,1.0
3644,356,144.51,2.0
3644,358,134.49,2.0
3645,105,232.06,1.0
3645,121,152.74,1.0
3645,129,200.64,1.0
3646,150,213.11,1.0
3646,335,146.92,2.0
3646,501,125.53,3.0
3646,713,120.97,2.0
3646,743,180.58,1.0
3647,278,100.46,2.0
3647,644,102.24,2.0
3647,663,130.57,2.0
3647,760,226.3,
3648,6,72.5,2.0
3648,269,81.71,3.0
3648,505,120.77,3.0
3648,553,128.85,2.0
3648,975,187.08,2.0
3649,48,90.11,1.0
3649,321,129.7,2.0
3649,578,67.16,1.0
3649,745,180.42,3.0
3650,132,221.69,1.0
3650,234,194.51,3.0
3650,307,197.91,2.0
3650,853,151.97,3.0
3650,992,88.48,3.0
3651,368,209.82,2.0
3651,564,228.93,3.0
3651,599,227.54,1.0
3651,864,104.77,
3651,893,195.69,2.0
3652,180,136.21,3.0
3652,614,174.25,2.0
3652,618,208.82,2.0
3652,666,109.41,3.0
3653,761,78.05,1.0
3653,835,163.93,2.0
3653,857,60.36,
3653,937,164.51,3.0
3654,189,187.35,3.0
3654,578,67.16,2.0
3654,870,77.14,2.0
3654,981,60.43,3.0
3655,281,242.32,2.0
3655,664,199.35,2.0
3655,920,147.21,3.0
3656,286,159.85,3.0
3656,493,173.08,3.0
3656,571,179.32,3.0
3656,623,118.18,2.0
3656,829,95.21,3.0
3657,6,72.5,1.0
3657,209,151.17,3.0
3657,811,223.59,2.0
3658,53,60.45,
3658,347,136.1,2.0
3658,681,235.72,
3658,822,132.13,3.0
3658,876,227.05,2.0
3659,48,90.11,2.0
3659,174,141.85,2.0
3659,606,79.36,
3659,645,151.87,2.0
3660,23,203.41,2.0
3660,268,,3.0
3660,273,216.8,2.0
3660,344,85.83,1.0
3660,405,70.71,2.0
3661,60,,2.0
3661,273,216.8,
3661,797,220.47,1.0
3662,60,71.49,2.0
3662,553,128.85,3.0
3662,676,141.76,
3663,95,222.28,2.0
3663,315,125.67,1.0
3663,415,92.65,3.0
3663,909,,1.0
3664,548,216.83,1.0
3664,578,67.16,2.0
3664,623,118.18,3.0
3664,761,78.05,2.0
3664,822,132.13,1.0
3665,136,64.57,2.0
3665,271,80.13,3.0
3665,362,177.66,3.0
3665,685,231.56,2.0
3665,819,57.53,3.0
3666,90,180.87,2.0
3666,457,111.71,1.0
3666,462,77.21,1.0
3667,150,213.11,2.0
3667,738,185.7,2.0
3667,868,163.34,1.0
3667,903,64.48,2.0
3668,207,88.92,
3668,453,152.15,2.0
3668,630,160.61,1.0
3668,909,203.1,2.0
3668,934,84.39,2.0
3669,423,221.14,1.0
3669,594,196.51,1.0
3669,652,150.27,3.0
3669,822,132.13,3.0
3670,716,63.71,2.0
3670,800,76.15,2.0
3670,990,76.1,1.0
3671,25,195.55,1.0
3671,134,114.43,3.0
3671,138,221.92,3.0
3671,407,174.05,3.0
3671,458,243.84,3.0
3672,67,55.29,3.0
3672,321,129.7,2.0
3672,810,160.28,2.0
3673,84,225.47,3.0
3673,525,,2.0
3673,668,88.59,
3674,20,237.34,3.0
3674,217,78.51,2.0
3674,270,127.17,3.0
3674,381,56.19,3.0
3674,716,63.71,3.0
3675,624,67.8,1.0
3675,814,160.37,
3675,848,58.97,
3676,7,95.98,3.0
3676,472,63.46,3.0
3676,705,91.17,2.0
3677,107,123.53,3.0
3677,421,66.61,1.0
3677,577,61.76,
3677,905,98.14,2.0
3677,947,201.85,3.0
3678,166,,2.0
3678,186,233.84,2.0
3678,643,98.94,1.0
3678,903,64.48,1.0
3679,127,,2.0
3679,451,222.6,1.0
3679,807,198.27,3.0
3680,145,69.03,
3680,526,217.47,1.0
3680,959,239.53,1.0
3681,209,151.17,2.0
3681,316,159.68,2.0
3681,607,,2.0
3681,658,165.29,3.0
3681,911,,2.0
3682,789,138.29,2.0
3682,805,159.55,3.0
3682,894,88.22,1.0
3682,916,233.11,3.0
3683,70,135.13,2.0
3683,221,142.79,1.0
3683,294,237.5,3.0
3683,470,,3.0
3684,349,138.39,2.0
3684,418,104.84,3.0
3684,559,164.08,1.0
3684,838,124.38,2.0
3685,4,102.01,3.0
3685,409,121.46,3.0
3685,712,151.86,3.0
3686,101,141.82,2.0
3686,274,189.78,3.0
3686,646,191.41,3.0
3687,70,135.13,3.0
3687,118,62.77,3.0
3687,280,190.85,3.0
3687,525,201.26,3.0
3687,656,168.41,2.0
3688,50,121.44,2.0
3688,262,114.64,2.0
3688,466,220.25,1.0
3688,619,134.73,3.0
3688,881,150.03,1.0
3689,210,208.67,3.0
3689,335,146.92,3.0
3689,487,141.3,3.0
3690,91,176.48,2.0
3690,673,71.97,2.0
3690,773,148.67,1.0
3690,852,239.79,1.0
3691,313,223.73,2.0
3691,613,163.05,2.0
3691,908,146.12,1.0
3692,86,192.31,2.0
3692,474,,2.0
3692,634,112.99,
3692,726,122.98,3.0
3692,844,133.38,1.0
3693,40,146.27,2.0
3693,150,213.11,2.0
3693,611,177.27,2.0
3693,968,166.73,1.0
3694,514,247.43,3.0
3694,566,122.7,1.0
3694,686,138.01,2.0
3694,881,150.03,1.0
3695,636,198.75,3.0
3695,936,157.52,
3695,944,77.61,3.0
3696,61,112.13,2.0
3696,303,134.23,3.0
3696,483,109.71,3.0
3696,597,208.18,2.0
3697,226,177.91,2.0
3697,553,128.85,2.0
3697,810,160.28,1.0
3697,854,155.1,
3697,956,212.49,1.0
3698,19,146.71,1.0
3698,578,67.16,2.0
3698,760,226.3,1.0
3699,141,140.89,3.0
3699,366,106.38,3.0
3699,488,80.54,2.0
3699,555,,1.0
3700,13,236.18,2.0
3700,29,62.51,2.0
3700,50,121.44,1.0
3700,351,155.07,2.0
3700,640,97.33,1.0
3701,305,147.13,2.0
3701,602,86.81,
3701,679,90.4,3.0
3701,714,113.33,3.0
3702,58,231.34,2.0
3702,484,199.61,2.0
3702,802,158.8,3.0
3703,44,93.13,2.0
3703,703,171.58,3.0
3703,993,83.38,1.0
3704,504,208.11,2.0
3704,568,217.68,1.0
3704,976,80.22,3.0
3705,453,152.15,1.0
3705,653,82.55,1.0
3705,777,176.22,3.0
3706,100,126.84,2.0
3706,285,177.93,1.0
3706,508,201.16,3.0
3707,359,196.99,1.0
3707,398,118.83,2.0
3707,815,75.93,1.0
3708,4,102.01,1.0
3708,18,66.18,1.0
3708,262,114.64,2.0
3708,349,138.39,2.0
3708,541,184.84,3.0
3709,45,170.78,3.0
3709,184,218.95,3.0
3709,652,150.27,2.0
3709,771,76.39,2.0
3709,814,160.37,3.0
3710,443,244.96,3.0
3710,483,109.71,3.0
3710,512,185.45,1.0
3710,588,151.91,2.0
3710,836,244.73,2.0
3711,12,114.63,3.0
3711,43,116.23,2.0
3711,625,71.81,2.0
3711,652,150.27,
3711,945,115.38,1.0
3712,154,,3.0
3712,480,185.48,1.0
3712,701,209.76,3.0
3712,928,235.84,2.0
3713,241,69.12,3.0
3713,395,203.83,1.0
3713,422,120.82,1.0
3713,460,89.74,3.0
3713,544,244.85,2.0
3714,116,247.88,3.0
3714,239,220.93,3.0
3714,573,61.97,1.0
3714,832,119.16,1.0
3714,931,122.11,2.0
3715,80,117.92,3.0
3715,122,,2.0
3715,601,189.18,2.0
3715,844,133.38,3.0
3715,981,60.43,3.0
3716,506,201.97,3.0
3716,748,232.9,1.0
3716,751,121.44,3.0
3716,791,169.28,1.0
3716,887,217.22,3.0
3717,56,162.42,3.0
3717,241,69.12,2.0
3717,545,,1.0
3718,154,146.97,3.0
3718,159,170.35,3.0
3718,165,69.55,2.0
3718,444,62.33,1.0
3718,567,167.33,1.0
3719,20,,1.0
3719,113,102.99,2.0
3719,139,106.94,1.0
3719,187,125.22,2.0
3719,807,198.27,
3720,86,192.31,2.0
3720,92,168.26,1.0
3720,135,,2.0
3720,848,,2.0
3721,13,236.18,2.0
3721,361,82.42,3.0
3721,381,56.19,1.0
3722,70,135.13,2.0
3722,85,169.02,1.0
3722,158,118.43,3.0
3722,337,160.66,2.0
3722,826,241.6,2.0
3723,300,173.53,1.0
3723,447,83.16,3.0
3723,610,118.1,1.0
3723,932,189.85,3.0
3724,266,,2.0
3724,643,98.94,2.0
3724,737,127.14,2.0
3724,904,,1.0
3725,316,159.68,2.0
3725,444,62.33,2.0
3725,705,91.17,3.0
3726,155,116.62,
3726,791,169.28,1.0
3726,858,,3.0
3726,898,208.88,1.0
3727,255,248.35,3.0
3727,438,131.49,3.0
3727,700,79.91,
3727,910,142.16,2.0
3728,423,221.14,3.0
3728,426,227.24,3.0
3728,459,94.26,
3728,737,127.14,1.0
3729,119,151.13,2.0
3729,694,,2.0
3729,908,146.12,1.0
3729,910,142.16,3.0
3730,170,105.05,2.0
3730,221,142.79,3.0
3730,552,96.49,3.0
3730,607,222.02,3.0
3731,60,71.49,1.0
3731,348,203.33,2.0
3731,877,202.64,2.0
3732,190,99.3,3.0
3732,389,135.35,2.0
3732,723,176.43,2.0
3732,771,76.39,2.0
3733,429,99.3,3.0
3733,729,233.18,
3733,860,91.93,1.0
3734,168,62.42,2.0
3734,555,187.68,
3734,647,99.37,2.0
3734,744,231.74,2.0
3735,110,87.63,2.0
3735,338,118.52,2.0
3735,350,61.9,3.0
3735,353,247.18,2.0
3736,34,62.0,1.0
3736,73,204.1,3.0
3736,918,216.21,2.0
3737,1,72.66,2.0
3737,910,142.16,2.0
3737,986,94.04,1.0
3738,749,74.3,3.0
3738,798,80.05,3.0
3738,871,243.22,1.0
3739,24,247.44,2.0
3739,238,203.38,3.0
3739,859,67.61,2.0
3740,301,236.73,3.0
3740,598,119.08,3.0
3740,621,189.73,3.0
3740,756,133.58,2.0
3740,903,,2.0
3741,35,146.61,3.0
3741,94,85.78,2.0
3741,106,140.96,1.0
3741,551,162.25,3.0
3742,61,112.13,1.0
3742,756,133.58,2.0
3742,772,,2.0
3743,371,51.0,2.0
3743,632,218.24,3.0
3743,764,184.08,2.0
3743,812,119.48,2.0
3743,876,227.05,3.0
3744,143,72.98,1.0
3744,220,168.73,3.0
3744,237,,3.0
3744,659,163.96,3.0
3745,94,85.78,2.0
3745,113,102.99,3.0
3745,430,88.19,1.0
3745,478,155.47,1.0
3745,723,176.43,1.0
3746,260,87.94,3.0
3746,273,216.8,3.0
3746,592,195.71,3.0
3746,603,153.0,2.0
3746,959,239.53,3.0
3747,138,221.92,2.0
3747,254,129.75,1.0
3747,673,71.97,3.0
3747,698,86.52,2.0
3747,798,80.05,1.0
3748,230,142.07,3.0
3748,570,77.81,1.0
3748,733,188.04,1.0
3749,246,64.86,2.0
3749,440,200.17,1.0
3749,446,203.34,3.0
3749,532,70.73,2.0
3749,654,133.29,1.0
3750,204,124.94,2.0
3750,236,185.64,1.0
3750,506,201.97,3.0
3750,697,77.43,3.0
3750,741,90.08,3.0
3751,859,67.61,3.0
3751,956,212.49,3.0
3751,996,196.78,3.0
3752,201,50.2,3.0
3752,381,56.19,1.0
3752,560,124.85,1.0
3752,665,86.52,2.0
3753,126,139.84,1.0
3753,135,81.29,2.0
3753,145,69.03,2.0
3753,879,107.5,1.0
3754,441,208.41,1.0
3754,620,137.63,1.0
3754,747,241.7,3.0
3754,867,92.12,1.0
3754,962,158.95,1.0
3755,29,62.51,
3755,503,51.95,3.0
3755,602,86.81,1.0
3755,684,248.13,2.0
3756,125,146.21,
3756,484,199.61,3.0
3756,731,207.18,2.0
3756,878,50.82,3.0
3757,114,164.82,3.0
3757,311,160.61,1.0
3757,398,118.83,3.0
3757,605,138.19,2.0
3758,157,246.43,2.0
3758,159,170.35,3.0
3758,507,226.65,
3758,856,233.37,1.0
3759,362,177.66,3.0
3759,413,207.64,
3759,531,51.53,2.0
3759,646,191.41,3.0
3759,917,87.21,2.0
3760,123,79.64,1.0
3760,262,114.64,2.0
3760,365,153.13,2.0
3760,415,92.65,
3760,504,208.11,2.0
3761,593,97.97,2.0
3761,868,,2.0
3761,918,216.21,3.0
3761,975,187.08,2.0
3762,54,84.5,2.0
3762,564,228.93,1.0
3762,687,,3.0
3762,786,110.34,3.0
3762,790,125.07,2.0
3763,319,57.58,
3763,487,141.3,3.0
3763,723,176.43,3.0
3763,885,65.26,3.0
3764,327,149.0,2.0
3764,328,93.55,2.0
3764,350,61.9,3.0
3764,764,184.08,3.0
3764,864,104.77,1.0
3765,74,172.32,
3765,96,171.87,1.0
3765,157,,2.0
3765,187,125.22,1.0
3765,251,60.23,3.0
3766,410,,1.0
3766,477,245.15,1.0
3766,694,51.93,3.0
3766,874,,1.0
3766,884,107.9,3.0
3767,248,124.74,2.0
3767,298,69.9,2.0
3767,725,226.28,1.0
3768,233,243.92,1.0
3768,308,117.08,2.0
3768,471,189.72,3.0
3769,196,82.73,2.0
3769,495,127.08,2.0
3769,565,148.85,2.0
3769,814,160.37,3.0
3770,36,197.14,2.0
3770,91,176.48,1.0
3770,132,221.69,1.0
3770,384,137.63,2.0
3770,518,232.96,1.0
3771,713,120.97,1.0
3771,869,192.32,3.0
3771,871,243.22,1.0
3772,155,116.62,3.0
3772,393,188.3,2.0
3772,633,116.68,2.0
3773,103,67.22,
3773,107,123.53,2.0
3773,414,184.12,2.0
3773,665,86.52,
3774,169,116.7,1.0
3774,380,210.24,1.0
3774,965,239.42,3.0
3775,259,57.05,3.0
3775,780,73.93,2.0
3775,944,77.61,3.0
3776,148,241.66,1.0
3776,718,153.46,3.0
3776,772,103.65,1.0
3776,787,164.1,1.0
3777,710,139.0,1.0
3777,845,225.55,3.0
3777,977,63.96,3.0
3778,166,192.62,1.0
3778,270,,3.0
3778,561,150.52,1.0
3778,596,195.79,1.0
3778,716,63.71,3.0
3779,56,162.42,1.0
3779,171,201.72,1.0
3779,627,160.87,3.0
3780,365,153.13,2.0
3780,419,183.25,3.0
3780,523,229.28,1.0
3780,907,121.43,2.0
3781,230,142.07,1.0
3781,298,69.9,3.0
3781,385,78.48,3.0
3781,634,112.99,3.0
3781,889,132.36,1.0
3782,206,148.94,3.0
3782,736,173.14,1.0
3782,877,202.64,1.0
3783,207,88.92,1.0
3783,303,134.23,3.0
3783,641,59.05,3.0
3784,14,238.51,3.0
3784,40,146.27,2.0
3784,303,134.23,2.0
3784,667,124.68,1.0
3784,943,173.92,2.0
3785,172,103.8,2.0
3785,598,119.08,2.0
3785,616,178.66,1.0
3785,620,137.63,2.0
3785,975,187.08,2.0
3786,339,52.62,1.0
3786,355,140.68,3.0
3786,697,77.43,3.0
3787,88,183.78,
3787,101,141.82,3.0
3787,547,186.62,1.0
3787,799,138.29,1.0
3787,808,233.39,2.0
3788,7,,3.0
3788,65,160.5,2.0
3788,500,136.7,3.0
3788,742,153.3,2.0
3788,832,119.16,3.0
3789,11,114.72,3.0
3789,96,171.87,3.0
3789,315,125.67,1.0
3789,630,160.61,2.0
3789,816,171.99,2.0
3790,163,193.4,2.0
3790,275,99.56,1.0
3790,399,166.38,3.0
3790,658,165.29,1.0
3790,709,92.58,1.0
3791,8,63.45,3.0
3791,40,146.27,2.0
3791,350,61.9,1.0
3791,479,160.63,1.0
3792,272,73.28,3.0
3792,392,113.94,1.0
3792,461,171.34,2.0
3792,560,124.85,2.0
3792,920,147.21,3.0
3793,752,208.54,3.0
3793,784,112.27,3.0
3793,844,133.38,1.0
3793,928,235.84,2.0
3794,147,177.18,3.0
3794,285,177.93,2.0
3794,564,228.93,3.0
3794,583,150.9,1.0
3794,803,182.99,3.0
3795,336,229.24,2.0
3795,371,51.0,2.0
3795,426,227.24,2.0
3795,838,124.38,3.0
3796,46,83.22,2.0
3796,816,171.99,2.0
3796,820,51.21,1.0
3797,244,204.28,1.0
3797,419,183.25,3.0
3797,578,67.16,3.0
3797,736,173.14,2.0
3797,843,218.71,2.0
3798,267,119.48,
3798,659,163.96,1.0
3798,717,207.78,
3798,754,219.81,3.0
3799,111,209.87,3.0
3799,387,200.4,3.0
3799,482,,3.0
3799,543,103.79,1.0
3799,643,98.94,3.0
3800,6,72.5,1.0
3800,61,112.13,1.0
3800,180,136.21,3.0
3800,200,230.67,1.0
3800,368,209.82,2.0
3801,445,232.1,
3801,492,218.49,1.0
3801,863,183.04,1.0
3802,528,198.95,2.0
3802,566,122.7,1.0
3802,834,127.56,2.0
3803,168,62.42,1.0
3803,401,227.82,2.0
3803,596,195.79,1.0
3804,566,122.7,2.0
3804,943,173.92,2.0
3804,945,115.38,1.0
3804,975,187.08,2.0
3805,371,51.0,3.0
3805,607,222.02,3.0
3805,620,137.63,3.0
3806,364,217.62,2.0
3806,413,207.64,1.0
3806,513,234.35,3.0
3806,565,148.85,1.0
3806,658,165.29,3.0
3807,28,96.21,3.0
3807,509,94.66,
3807,585,178.27,3.0
3807,936,157.52,1.0
3808,10,62.55,2.0
3808,191,226.32,2.0
3808,534,190.45,1.0
3808,791,169.28,2.0
3808,997,75.45,3.0
3809,163,193.4,2.0
3809,494,64.74,3.0
3809,552,96.49,1.0
3809,702,81.84,1.0
3809,974,55.39,2.0
3810,27,76.78,3.0
3810,196,82.73,3.0
3810,495,127.08,1.0
3810,564,228.93,1.0
3810,919,169.1,2.0
3811,110,87.63,3.0
3811,195,153.66,1.0
3811,736,173.14,2.0
3811,963,220.36,2.0
3811,992,88.48,3.0
3812,275,99.56,1.0
3812,283,124.19,
3812,516,113.3,2.0
3812,730,167.65,1.0
3813,297,146.37,2.0
3813,431,208.24,3.0
3813,644,102.24,3.0
3813,655,106.97,1.0
3813,974,55.39,2.0
3814,295,225.4,2.0
3814,565,,3.0
3814,619,134.73,3.0
3814,624,67.8,
3814,997,75.45,2.0
3815,356,144.51,1.0
3815,566,122.7,1.0
3815,732,247.41,2.0
3816,55,238.3,1.0
3816,467,176.42,1.0
3816,661,83.39,2.0
3816,813,246.86,3.0
3817,4,102.01,2.0
3817,443,244.96,3.0
3817,711,187.54,3.0
3817,933,140.94,1.0
3818,378,148.58,3.0
3818,484,199.61,2.0
3818,837,249.04,1.0
3819,517,106.05,2.0
3819,750,149.73,2.0
3819,799,138.29,3.0
3819,897,,3.0
3820,226,177.91,1.0
3820,332,129.36,1.0
3820,389,135.35,2.0
3820,826,241.6,3.0
3821,63,141.12,3.0
3821,135,81.29,1.0
3821,207,88.92,1.0
3821,543,103.79,2.0
3821,834,127.56,3.0
3822,536,162.12,3.0
3822,580,210.06,2.0
3822,945,115.38,3.0
3823,119,151.13,3.0
3823,357,77.1,1.0
3823,373,160.95,3.0
3823,611,,3.0
3824,440,200.17,3.0
3824,757,228.29,2.0
3824,773,148.67,1.0
3824,889,132.36,3.0
3824,929,197.89,2.0
3825,170,105.05,3.0
3825,671,204.75,1.0
3825,844,133.38,1.0
3825,891,87.61,2.0
3825,899,199.38,2.0
3826,128,94.73,3.0
3826,765,189.72,3.0
3826,925,64.95,2.0
3826,930,232.52,2.0
3826,967,,3.0
3827,329,137.31,3.0
3827,545,128.32,2.0
3827,740,111.83,3.0
3827,846,95.98,
3827,902,98.7,3.0
3828,9,214.61,2.0
3828,293,168.57,2.0
3828,530,215.96,3.0
3829,178,186.24,3.0
3829,282,216.11,3.0
3829,398,118.83,1.0
3829,927,195.53,3.0
3830,351,155.07,2.0
3830,457,111.71,1.0
3830,974,55.39,1.0
3831,171,201.72,
3831,183,126.36,2.0
3831,652,150.27,1.0
3832,244,,3.0
3832,258,67.56,2.0
3832,378,148.58,2.0
3833,209,151.17,1.0
3833,920,,3.0
3833,980,211.03,2.0
3834,80,117.92,3.0
3834,101,141.82,1.0
3834,220,168.73,3.0
3834,973,79.62,3.0
3835,79,182.33,1.0
3835,218,215.86,3.0
3835,447,83.16,1.0
3835,654,133.29,3.0
3836,746,98.77,3.0
3836,961,79.78,2.0
3836,988,,1.0
3837,44,93.13,3.0
3837,103,67.22,1.0
3837,762,133.63,3.0
3837,907,121.43,1.0
3837,937,164.51,2.0
3838,17,128.61,2.0
3838,381,56.19,1.0
3838,826,,3.0
3838,887,217.22,3.0
3838,895,187.0,2.0
3839,475,227.5,2.0
3839,558,235.51,2.0
3839,784,112.27,1.0
3839,963,220.36,3.0
3840,310,157.3,3.0
3840,451,222.6,1.0
3840,930,232.52,3.0
3840,937,164.51,3.0
3840,966,206.2,2.0
3841,752,208.54,1.0
3841,794,112.71,1.0
3841,849,54.69,1.0
3842,2,80.34,1.0
3842,91,176.48,3.0
3842,608,220.66,2.0
3843,344,85.83,2.0
3843,406,192.02,1.0
3843,575,124.4,2.0
3843,937,164.51,1.0
3844,139,,1.0
3844,209,151.17,1.0
3844,630,160.61,2.0
3844,670,60.76,1.0
3845,14,238.51,1.0
3845,849,,2.0
3845,878,50.82,3.0
3845,905,98.14,2.0
3846,375,216.37,2.0
3846,810,160.28,
3846,840,135.48,3.0
3846,906,93.79,1.0
3847,338,118.52,1.0
3847,512,185.45,2.0
3847,558,235.51,
3848,24,247.44,3.0
3848,114,,1.0
3848,136,64.57,3.0
3848,259,57.05,3.0
3848,829,95.21,
3849,118,62.77,1.0
3849,135,81.29,1.0
3849,306,196.65,2.0
3849,906,93.79,2.0
3850,401,227.82,3.0
3850,487,141.3,1.0
3850,841,196.07,3.0
3851,584,245.83,1.0
3851,599,227.54,3.0
3851,883,133.41,2.0
3851,991,204.99,1.0
3852,299,70.27,2.0
3852,401,227.82,1.0
3852,466,220.25,3.0
3853,33,116.23,3.0
3853,444,62.33,1.0
3853,566,122.7,1.0
3854,155,116.62,2.0
3854,227,234.63,2.0
3854,332,129.36,3.0
3854,400,186.19,2.0
3855,23,203.41,1.0
3855,411,152.22,2.0
3855,435,249.48,3.0
3855,775,131.39,1.0
3855,900,247.74,3.0
3856,210,208.67,3.0
3856,259,57.05,3.0
3856,318,68.99,1.0
3856,345,168.81,2.0
3856,969,231.07,1.0
3857,936,157.52,2.0
3857,938,92.58,2.0
3857,972,143.26,1.0
3858,207,88.92,2.0
3858,383,203.93,3.0
3858,437,224.5,3.0
3859,395,,1.0
3859,545,128.32,3.0
3859,843,218.71,2.0
3860,84,225.47,1.0
3860,123,79.64,1.0
3860,460,,2.0
3860,914,108.92,3.0
3861,602,86.81,3.0
3861,895,187.0,2.0
3861,918,216.21,2.0
3861,956,212.49,1.0
3862,209,151.17,3.0
3862,360,125.34,1.0
3862,607,222.02,1.0
3863,275,99.56,2.0
3863,345,168.81,1.0
3863,382,138.74,1.0
3863,831,208.58,3.0
3864,379,148.21,1.0
3864,664,199.35,1.0
3864,725,226.28,3.0
3864,769,198.25,2.0
3864,824,170.3,1.0
3865,161,109.19,2.0
3865,213,206.95,2.0
3865,301,236.73,
3865,313,223.73,2.0
3866,28,96.21,3.0
3866,172,103.8,3.0
3866,589,62.33,3.0
3866,684,248.13,1.0
3866,833,,2.0
3867,31,240.33,2.0
3867,210,208.67,
3867,775,131.39,2.0
3867,976,80.22,3.0
3868,200,230.67,3.0
3868,350,61.9,2.0
3868,882,191.38,1.0
3869,827,172.87,1.0
3869,891,87.61,3.0
3869,918,216.21,3.0
3869,949,248.37,1.0
3870,198,180.7,1.0
3870,399,166.38,1.0
3870,409,121.46,
3870,870,77.14,1.0
3870,899,199.38,3.0
3871,118,,3.0
3871,392,113.94,2.0
3871,424,246.7,1.0
3871,899,,2.0
3872,65,160.5,2.0
3872,253,211.86,2.0
3872,740,111.83,
3873,556,246.31,3.0
3873,764,184.08,2.0
3873,974,55.39,1.0
3874,7,95.98,1.0
3874,292,214.47,2.0
3874,615,85.81,2.0
3874,987,182.97,2.0
3875,315,125.67,3.0
3875,341,125.25,1.0
3875,560,124.85,1.0
3875,568,217.68,2.0
3875,917,87.21,2.0
3876,45,170.78,1.0
3876,565,148.85,2.0
3876,961,79.78,1.0
3877,27,76.78,2.0
3877,70,135.13,1.0
3877,265,245.93,1.0
3877,359,196.99,1.0
3878,271,80.13,1.0
3878,615,85.81,2.0
3878,736,173.14,2.0
3878,847,163.66,2.0
3878,914,108.92,1.0
3879,48,90.11,2.0
3879,140,174.01,2.0
3879,317,132.96,3.0
3879,601,189.18,3.0
3879,742,153.3,1.0
3880,549,,2.0
3880,553,128.85,2.0
3880,567,167.33,1.0
3880,752,208.54,1.0
3880,897,153.0,3.0
3881,327,149.0,2.0
3881,460,89.74,2.0
3881,820,51.21,2.0
3881,877,202.64,1.0
3882,298,69.9,3.0
3882,320,57.22,2.0
3882,355,140.68,2.0
3882,572,87.01,1.0
3882,866,178.4,2.0
3883,105,232.06,3.0
3883,335,146.92,
3883,401,227.82,2.0
3883,696,231.65,3.0
3884,91,176.48,2.0
3884,470,244.46,3.0
3884,482,129.89,2.0
3884,673,71.97,1.0
3885,62,84.49,3.0
3885,89,81.47,1.0
3885,523,229.28,1.0
3885,751,121.44,3.0
3886,52,,1.0
3886,321,129.7,2.0
3886,450,148.27,1.0
3887,767,106.78,2.0
3887,795,127.79,1.0
3887,968,166.73,3.0
3888,305,147.13,3.0
3888,617,70.77,2.0
3888,646,191.41,3.0
3888,697,77.43,2.0
3888,716,63.71,1.0
3889,72,143.79,2.0
3889,461,171.34,2.0
3889,590,153.28,2.0
3889,625,71.81,1.0
3890,527,157.45,2.0
3890,551,162.25,3.0
3890,609,205.56,2.0
3890,634,112.99,3.0
3890,903,64.48,1.0
3891,386,208.73,1.0
3891,392,113.94,1.0
3891,424,246.7,2.0
3891,677,239.14,2.0
3892,167,56.81,1.0
3892,573,,2.0
3892,692,101.01,3.0
3892,728,246.11,1.0
3892,737,127.14,1.0
3893,69,153.27,1.0
3893,829,95.21,2.0
3893,863,183.04,3.0
3894,127,108.62,2.0
3894,240,189.89,2.0
3894,255,248.35,1.0
3895,274,189.78,2.0
3895,755,198.93,1.0
3895,943,173.92,3.0
3896,34,62.0,1.0
3896,60,71.49,3.0
3896,189,187.35,
3896,311,160.61,2.0
3896,658,165.29,2.0
3897,15,62.94,2.0
3897,69,153.27,3.0
3897,81,223.52,2.0
3897,678,201.53,1.0
3897,847,163.66,2.0
3898,263,93.74,3.0
3898,538,232.66,3.0
3898,594,196.51,
3898,733,188.04,3.0
3898,982,96.15,1.0
3899,79,182.33,2.0
3899,100,126.84,2.0
3899,151,226.05,2.0
3899,417,224.94,3.0
3900,162,76.84,2.0
3900,393,188.3,3.0
3900,573,61.97,3.0
3901,155,116.62,3.0
3901,648,230.35,2.0
3901,986,94.04,1.0
3902,123,79.64,3.0
3902,327,149.0,1.0
3902,392,113.94,3.0
3902,836,244.73,3.0
3902,895,187.0,1.0
3903,56,162.42,2.0
3903,97,83.87,3.0
3903,145,69.03,1.0
3904,97,,3.0
3904,469,115.23,3.0
3904,803,182.99,1.0
3905,49,237.53,3.0
3905,65,160.5,
3905,119,151.13,1.0
3905,680,149.96,1.0
3905,866,178.4,3.0
3906,36,197.14,1.0
3906,171,201.72,3.0
3906,691,166.4,
3907,122,,1.0
3907,590,153.28,1.0
3907,836,244.73,2.0
3908,96,171.87,2.0
3908,599,227.54,1.0
3908,607,222.02,3.0
3908,628,237.6,3.0
3908,722,134.69,3.0
3909,472,63.46,1.0
3909,547,,3.0
3909,569,160.56,1.0
3910,233,243.92,2.0
3910,765,189.72,1.0
3910,775,131.39,1.0
3910,902,98.7,1.0
3911,39,200.01,3.0
3911,59,80.92,3.0
3911,650,65.51,2.0
3912,123,,1.0
3912,259,57.05,
3912,390,82.52,2.0
3912,662,,2.0
3912,789,138.29,2.0
3913,391,185.14,3.0
3913,451,222.6,1.0
3913,797,220.47,1.0
3914,13,236.18,3.0
3914,100,126.84,3.0
3914,824,170.3,2.0
3914,841,196.07,2.0
3914,971,103.93,
3915,67,55.29,
3915,220,168.73,1.0
3915,337,160.66,3.0
3915,394,191.95,3.0
3915,719,53.18,3.0
3916,47,95.83,3.0
3916,227,234.63,1.0
3916,733,188.04,1.0
3917,55,238.3,
3917,453,152.15,2.0
3917,689,132.29,1.0
3917,858,219.38,3.0
3917,867,92.12,3.0
3918,272,73.28,2.0
3918,438,131.49,3.0
3918,552,96.49,1.0
3918,664,199.35,3.0
3918,672,79.28,2.0
3919,385,78.48,
3919,659,163.96,3.0
3919,998,168.56,1.0
3920,229,89.49,3.0
3920,320,57.22,3.0
3920,373,160.95,1.0
3920,611,,1.0
3920,920,147.21,3.0
3921,312,57.94,2.0
3921,521,195.86,1.0
3921,767,106.78,1.0
3921,980,211.03,3.0
3922,360,125.34,2.0
3922,383,203.93,1.0
3922,478,155.47,2.0
3922,710,139.0,3.0
3922,895,187.0,2.0
3923,85,169.02,1.0
3923,170,105.05,3.0
3923,184,218.95,
3923,295,,2.0
3923,437,224.5,2.0
3924,138,221.92,3.0
3924,196,82.73,2.0
3924,327,,2.0
3924,606,79.36,3.0
3924,731,207.18,2.0
3925,238,203.38,2.0
3925,576,227.01,1.0
3925,653,82.55,1.0
3925,848,58.97,3.0
3925,896,238.61,1.0
3926,154,146.97,1.0
3926,379,,3.0
3926,591,61.38,1.0
3926,879,107.5,3.0
3927,12,114.63,1.0
3927,361,82.42,2.0
3927,466,220.25,1.0
3927,820,51.21,1.0
3928,10,62.55,3.0
3928,65,160.5,1.0
3928,336,229.24,1.0
3928,444,62.33,2.0
3928,684,248.13,3.0
3929,558,,2.0
3929,618,208.82,1.0
3929,901,142.02,1.0
3929,979,205.27,1.0
3930,383,203.93,1.0
3930,392,113.94,2.0
3930,407,174.05,2.0
3930,518,232.96,3.0
3930,867,92.12,3.0
3931,35,146.61,3.0
3931,100,126.84,3.0
3931,588,151.91,
3932,465,230.21,3.0
3932,818,78.09,1.0
3932,886,76.08,2.0
3932,930,232.52,3.0
3933,165,69.55,2.0
3933,215,152.98,2.0
3933,307,197.91,2.0
3933,491,214.4,2.0
3933,929,197.89,1.0
3934,568,217.68,1.0
3934,807,198.27,1.0
3934,997,75.45,2.0
3935,373,160.95,
3935,524,67.52,3.0
3935,832,119.16,2.0
3936,173,65.65,1.0
3936,283,124.19,
3936,560,124.85,
3936,976,80.22,2.0
3936,987,182.97,3.0
3937,357,77.1,1.0
3937,619,134.73,3.0
3937,675,64.53,1.0
3937,761,78.05,3.0
3937,877,202.64,2.0
3938,28,96.21,3.0
3938,86,192.31,1.0
3938,622,124.39,3.0
3938,637,56.45,2.0
3938,1000,133.67,2.0
3939,117,85.95,3.0
3939,232,208.43,3.0
3939,518,232.96,
3939,808,233.39,2.0
3940,627,160.87,2.0
3940,661,83.39,1.0
3940,966,206.2,1.0
3941,19,146.71,1.0
3941,340,67.14,3.0
3941,563,105.31,1.0
3941,662,175.98,1.0
3941,770,215.18,3.0
3942,210,208.67,3.0
3942,418,104.84,2.0
3942,454,155.48,2.0
3942,537,220.97,2.0
3942,860,91.93,2.0
3943,101,141.82,2.0
3943,404,95.37,
3943,413,207.64,1.0
3944,210,208.67,1.0
3944,402,101.5,3.0
3944,555,187.68,1.0
3944,712,151.86,
3945,7,95.98,2.0
3945,82,95.97,2.0
3945,411,152.22,1.0
3945,691,,3.0
3945,977,63.96,2.0
3946,544,244.85,3.0
3946,784,112.27,1.0
3946,898,208.88,1.0
3947,34,62.0,3.0
3947,358,134.49,3.0
3947,622,124.39,1.0
3948,457,111.71,
3948,736,173.14,1.0
3948,938,92.58,2.0
3949,194,185.69,3.0
3949,493,173.08,2.0
3949,557,102.94,2.0
3949,983,78.57,3.0
3950,333,184.45,2.0
3950,716,63.71,3.0
3950,771,76.39,
3950,946,226.43,1.0
3950,961,79.78,2.0
3951,109,120.8,1.0
3951,290,168.98,3.0
3951,451,222.6,2.0
3951,708,191.55,
3951,712,151.86,1.0
3952,406,192.02,1.0
3952,422,120.82,3.0
3952,590,153.28,2.0
3952,803,182.99,2.0
3952,924,196.23,1.0
3953,237,115.28,3.0
3953,355,140.68,1.0
3953,363,87.53,3.0
3953,506,201.97,1.0
3953,539,93.75,3.0
3954,67,55.29,2.0
3954,312,57.94,3.0
3954,461,171.34,2.0
3955,314,186.8,1.0
3955,326,173.51,2.0
3955,639,110.99,2.0
3955,793,202.22,3.0
3955,948,145.76,3.0
3956,37,65.77,2.0
3956,121,152.74,1.0
3956,616,178.66,1.0
3956,746,98.77,3.0
3957,123,79.64,3.0
3957,416,141.33,2.0
3957,431,208.24,3.0
3957,675,64.53,1.0
3957,718,153.46,3.0
3958,143,72.98,1.0
3958,185,134.78,3.0
3958,532,70.73,2.0
3959,156,204.33,2.0
3959,817,216.7,3.0
3959,897,153.0,3.0
3960,50,121.44,1.0
3960,148,241.66,1.0
3960,328,93.55,1.0
3960,693,117.46,2.0
3961,332,129.36,1.0
3961,418,104.84,2.0
3961,563,105.31,2.0
3961,693,117.46,1.0
3961,773,148.67,2.0
3962,268,80.87,1.0
3962,371,51.0,2.0
3962,826,241.6,3.0
3962,840,135.48,3.0
3962,935,98.57,2.0
3963,265,245.93,2.0
3963,955,151.86,1.0
3963,982,96.15,1.0
3964,458,243.84,3.0
3964,505,120.77,1.0
3964,583,150.9,1.0
3964,986,94.04,
3965,287,109.88,1.0
3965,362,177.66,2.0
3965,695,77.45,2.0
3966,86,192.31,3.0
3966,409,121.46,2.0
3966,792,237.91,3.0
3967,90,180.87,
3967,374,86.56,2.0
3967,997,75.45,2.0
3968,492,218.49,1.0
3968,534,190.45,1.0
3968,784,112.27,2.0
3968,879,107.5,3.0
3968,934,84.39,1.0
3969,379,148.21,1.0
3969,513,234.35,3.0
3969,600,169.99,1.0
3970,308,117.08,1.0
3970,758,83.48,3.0
3970,859,67.61,1.0
3971,3,132.41,1.0
3971,86,192.31,2.0
3971,497,,1.0
3971,744,231.74,3.0
3971,924,196.23,1.0
3972,189,187.35,3.0
3972,323,170.98,2.0
3972,513,234.35,3.0
3972,867,92.12,3.0
3972,919,169.1,3.0
3973,76,90.52,1.0
3973,193,142.88,1.0
3973,747,241.7,3.0
3973,957,117.34,2.0
3974,394,191.95,1.0
3974,719,53.18,3.0
3974,779,92.97,1.0
3974,955,151.86,2.0
3975,26,181.39,2.0
3975,47,95.83,1.0
3975,56,162.42,3.0
3975,626,95.95,2.0
3976,362,177.66,1.0
3976,445,232.1,3.0
3976,465,230.21,2.0
3976,574,118.2,1.0
3976,954,104.74,3.0
3977,33,116.23,2.0
3977,253,211.86,3.0
3977,477,245.15,3.0
3977,719,53.18,2.0
3977,849,54.69,1.0
3978,14,238.51,2.0
3978,375,216.37,3.0
3978,414,184.12,1.0
3978,704,50.64,1.0
3979,132,221.69,3.0
3979,661,83.39,1.0
3979,878,50.82,
3980,188,105.53,1.0
3980,451,222.6,1.0
3980,696,231.65,3.0
3980,762,133.63,1.0
3981,60,71.49,2.0
3981,244,204.28,3.0
3981,332,129.36,2.0
3981,799,138.29,2.0
3981,847,163.66,3.0
3982,143,72.98,2.0
3982,347,136.1,2.0
3982,484,199.61,2.0
3983,243,188.05,3.0
3983,327,149.0,3.0
3983,857,60.36,1.0
3984,302,124.05,2.0
3984,502,146.58,3.0
3984,869,192.32,3.0
3984,938,92.58,2.0
3984,964,106.28,3.0
3985,44,93.13,3.0
3985,196,82.73,3.0
3985,349,138.39,2.0
3985,512,185.45,2.0
3986,191,226.32,2.0
3986,332,129.36,3.0
3986,429,99.3,3.0
3986,470,244.46,1.0
3986,947,201.85,1.0
3987,323,170.98,1.0
3987,377,52.08,2.0
3987,790,125.07,3.0
3988,381,56.19,1.0
3988,892,,2.0
3988,893,195.69,2.0
3989,125,146.21,3.0
3989,397,238.21,1.0
3989,752,208.54,1.0
3989,834,127.56,1.0
3990,96,171.87,3.0
3990,772,103.65,2.0
3990,881,150.03,1.0
3991,245,,3.0
3991,340,67.14,1.0
3991,615,85.81,1.0
3991,673,71.97,2.0
3991,871,243.22,3.0
3992,207,88.92,1.0
3992,683,143.94,1.0
3992,783,125.75,1.0
3992,867,92.12,1.0
3992,963,220.36,2.0
3993,37,65.77,2.0
3993,278,100.46,1.0
3993,311,160.61,3.0
3993,397,238.21,1.0
3993,485,52.72,3.0
3994,44,93.13,2.0
3994,476,164.01,2.0
3994,684,248.13,2.0
3994,698,86.52,2.0
3995,116,247.88,3.0
3995,383,203.93,2.0
3995,589,62.33,1.0
3995,744,231.74,2.0
3995,896,238.61,3.0
3996,61,112.13,1.0
3996,159,170.35,1.0
3996,460,89.74,2.0
3996,925,64.95,2.0
3997,333,184.45,3.0
3997,517,106.05,2.0
3997,964,106.28,3.0
3998,216,87.98,3.0
3998,403,99.71,3.0
3998,516,113.3,3.0
3998,536,,3.0
3998,679,90.4,3.0
3999,56,162.42,1.0
3999,637,56.45,2.0
3999,719,53.18,2.0
3999,875,127.14,2.0
4000,49,237.53,3.0
4000,380,210.24,3.0
4000,929,197.89,1.0
4001,58,231.34,3.0
4001,144,111.9,2.0
4001,426,227.24,1.0
4001,439,226.19,1.0
4001,671,204.75,2.0
4002,188,105.53,2.0
4002,630,160.61,1.0
4002,845,225.55,1.0
4003,60,71.49,3.0
4003,113,102.99,2.0
4003,258,67.56,3.0
4004,394,191.95,1.0
4004,500,136.7,1.0
4004,622,124.39,1.0
4004,733,188.04,1.0
4005,22,74.05,3.0
4005,141,140.89,3.0
4005,345,168.81,1.0
4005,573,61.97,2.0
4005,821,119.15,1.0
4006,653,82.55,2.0
4006,800,76.15,2.0
4006,893,195.69,3.0
4007,236,185.64,1.0
4007,441,208.41,1.0
4007,682,103.7,1.0
4007,849,54.69,2.0
4007,907,121.43,1.0
4008,605,138.19,2.0
4008,632,218.24,3.0
4008,862,160.96,2.0
4009,517,106.05,2.0
4009,634,112.99,3.0
4009,864,104.77,3.0
4009,934,84.39,2.0
4010,381,56.19,
4010,647,99.37,
4010,849,54.69,2.0
4010,932,189.85,3.0
4011,97,,1.0
4011,435,249.48,2.0
4011,488,80.54,
4011,809,66.18,3.0
4012,323,170.98,3.0
4012,464,191.8,3.0
4012,544,244.85,2.0
4012,583,150.9,3.0
4012,669,,3.0
4013,145,69.03,
4013,423,221.14,2.0
4013,807,,1.0
4013,899,199.38,
4013,956,212.49,1.0
4014,273,216.8,2.0
4014,654,133.29,2.0
4014,736,173.14,3.0
4014,754,,2.0
4014,946,226.43,2.0
4015,535,167.78,1.0
4015,694,51.93,2.0
4015,925,64.95,1.0
4016,84,225.47,1.0
4016,96,171.87,
4016,294,237.5,3.0
4016,774,226.25,2.0
4017,493,173.08,1.0
4017,565,148.85,1.0
4017,628,237.6,2.0
4018,198,180.7,3.0
4018,320,57.22,2.0
4018,435,249.48,3.0
4018,484,199.61,1.0
4018,774,226.25,2.0
4019,306,196.65,3.0
4019,519,180.71,2.0
4019,520,171.69,2.0
4019,655,106.97,2.0
4020,451,222.6,1.0
4020,467,176.42,2.0
4020,606,79.36,2.0
4020,721,107.84,1.0
4020,733,188.04,
4021,686,138.01,1.0
4021,934,84.39,
4021,942,167.61,1.0
4021,988,225.45,2.0
4022,84,225.47,2.0
4022,92,168.26,2.0
4022,126,139.84,2.0
4022,725,226.28,1.0
4023,37,65.77,1.0
4023,86,192.31,3.0
4023,213,206.95,2.0
4023,224,226.21,2.0
4023,262,114.64,2.0
4024,526,217.47,2.0
4024,664,199.35,2.0
4024,973,79.62,3.0
4025,225,58.78,1.0
4025,303,134.23,3.0
4025,923,149.87,3.0
4026,165,69.55,1.0
4026,543,103.79,2.0
4026,862,160.96,2.0
4027,256,114.14,1.0
4027,543,103.79,1.0
4027,687,176.38,2.0
4027,863,183.04,2.0
4028,172,103.8,1.0
4028,213,206.95,2.0
4028,406,192.02,
4028,593,97.97,2.0
4028,681,235.72,3.0
4029,17,128.61,1.0
4029,609,205.56,1.0
4029,857,60.36,2.0
4030,214,67.39,3.0
4030,313,223.73,2.0
4030,660,185.42,2.0
4030,756,133.58,1.0
4031,164,91.14,1.0
4031,460,89.74,3.0
4031,635,132.03,2.0
4032,141,140.89,
4032,155,116.62,3.0
4032,235,239.95,2.0
4032,761,78.05,3.0
4032,848,58.97,3.0
4033,205,56.5,3.0
4033,382,138.74,1.0
4033,666,109.41,
4033,978,218.51,2.0
4034,627,160.87,3.0
4034,764,184.08,3.0
4034,806,146.82,2.0
4035,133,240.19,3.0
4035,401,227.82,2.0
4035,671,204.75,1.0
4035,834,127.56,2.0
4035,870,77.14,2.0
4036,159,170.35,2.0
4036,473,196.68,
4036,849,54.69,3.0
4036,858,219.38,
4036,994,59.99,3.0
4037,611,177.27,1.0
4037,668,88.59,1.0
4037,801,207.59,1.0
4037,983,78.57,2.0
4038,281,242.32,1.0
4038,670,60.76,2.0
4038,842,107.24,2.0
4038,927,195.53,2.0
4039,207,88.92,3.0
4039,444,62.33,3.0
4039,595,56.33,3.0
4039,936,157.52,2.0
4040,331,133.75,1.0
4040,552,96.49,2.0
4040,634,112.99,3.0
4040,692,101.01,
4040,712,151.86,1.0
4041,252,195.57,1.0
4041,359,196.99,1.0
4041,998,168.56,2.0
4042,90,180.87,2.0
4042,155,116.62,1.0
4042,182,204.96,2.0
4042,868,163.34,2.0
4043,85,169.02,1.0
4043,820,51.21,1.0
4043,889,132.36,3.0
4044,242,142.14,1.0
4044,570,77.81,1.0
4044,609,205.56,2.0
4044,624,67.8,1.0
4044,856,233.37,3.0
4045,385,78.48,1.0
4045,436,170.1,2.0
4045,516,113.3,1.0
4045,751,121.44,3.0
4046,32,161.45,2.0
4046,184,,2.0
4046,186,233.84,2.0
4046,563,105.31,3.0
4046,606,79.36,3.0
4047,72,143.79,1.0
4047,220,168.73,3.0
4047,689,132.29,1.0
4047,803,182.99,2.0
4047,810,160.28,3.0
4048,39,200.01,3.0
4048,346,,2.0
4048,498,174.24,1.0
4049,780,73.93,3.0
4049,867,92.12,2.0
4049,876,227.05,
4050,89,81.47,3.0
4050,475,227.5,3.0
4050,899,,3.0
4050,970,54.56,2.0
4051,83,125.49,3.0
4051,134,114.43,3.0
4051,744,231.74,3.0
4051,805,159.55,1.0
4052,13,236.18,2.0
4052,215,152.98,2.0
4052,519,180.71,3.0
4052,526,217.47,
4052,764,184.08,1.0
4053,231,229.82,
4053,331,133.75,1.0
4053,565,148.85,2.0
4053,597,208.18,2.0
4054,72,143.79,1.0
4054,665,86.52,2.0
4054,705,91.17,1.0
4054,856,233.37,3.0
4054,988,225.45,3.0
4055,484,199.61,1.0
4055,583,150.9,1.0
4055,688,62.79,2.0
4056,23,203.41,1.0
4056,430,88.19,3.0
4056,799,138.29,3.0
4057,129,200.64,2.0
4057,266,200.67,1.0
4057,844,133.38,2.0
4057,854,155.1,3.0
4057,868,163.34,2.0
4058,94,85.78,3.0
4058,135,81.29,1.0
4058,267,119.48,2.0
4058,391,185.14,2.0
4058,753,54.32,3.0
4059,187,,1.0
4059,308,117.08,2.0
4059,317,132.96,3.0
4059,928,235.84,2.0
4060,296,217.57,2.0
4060,404,95.37,2.0
4060,726,122.98,3.0
4060,871,243.22,
4061,8,63.45,2.0
4061,282,216.11,3.0
4061,904,163.76,2.0
4062,71,86.5,2.0
4062,631,183.29,3.0
4062,827,172.87,2.0
4063,392,,1.0
4063,615,,2.0
4063,884,107.9,1.0
4064,725,226.28,1.0
4064,877,,3.0
4064,985,154.3,3.0
4065,468,72.43,3.0
4065,586,241.2,3.0
4065,998,168.56,2.0
4066,277,156.48,1.0
4066,694,51.93,1.0
4066,909,203.1,3.0
4067,586,241.2,2.0
4067,634,112.99,2.0
4067,651,126.72,3.0
4068,466,220.25,3.0
4068,585,178.27,2.0
4068,692,101.01,2.0
4068,721,107.84,2.0
4068,960,244.86,2.0
4069,390,82.52,3.0
4069,540,162.04,
4069,682,103.7,1.0
4069,989,218.85,2.0
4069,992,88.48,3.0
4070,284,191.93,3.0
4070,450,148.27,1.0
4070,554,228.02,
4071,257,51.04,1.0
4071,710,,1.0
4071,857,60.36,2.0
4071,952,245.6,1.0
4072,731,207.18,3.0
4072,780,73.93,3.0
4072,928,235.84,3.0
4073,482,129.89,1.0
4073,540,162.04,2.0
4073,711,187.54,3.0
4073,811,223.59,1.0
4073,978,218.51,
4074,33,116.23,3.0
4074,514,247.43,2.0
4074,553,,2.0
4074,653,82.55,1.0
4074,977,63.96,3.0
4075,193,142.88,1.0
4075,230,142.07,3.0
4075,401,227.82,1.0
4075,987,182.97,3.0
4076,262,114.64,2.0
4076,426,227.24,
4076,501,125.53,
4076,575,124.4,3.0
4076,946,,3.0
4077,325,149.23,1.0
4077,407,174.05,3.0
4077,473,196.68,3.0
4077,795,127.79,2.0
4078,46,83.22,1.0
4078,205,56.5,2.0
4078,375,216.37,2.0
4078,717,207.78,2.0
4078,781,181.2,3.0
4079,31,240.33,1.0
4079,373,160.95,1.0
4079,429,99.3,3.0
4079,466,220.25,1.0
4080,219,,2.0
4080,916,233.11,1.0
4080,948,145.76,1.0
4081,89,81.47,
4081,175,150.13,2.0
4081,495,127.08,3.0
4081,675,64.53,1.0
4081,929,197.89,
4082,420,55.79,2.0
4082,499,165.93,2.0
4082,556,246.31,1.0
4082,838,124.38,3.0
4082,951,81.4,1.0
4083,122,69.72,3.0
4083,586,241.2,1.0
4083,670,60.76,1.0
4084,317,132.96,1.0
4084,553,128.85,1.0
4084,987,182.97,3.0
4084,998,168.56,3.0
4085,211,92.17,1.0
4085,530,215.96,1.0
4085,653,82.55,1.0
4085,835,163.93,3.0
4086,197,,2.0
4086,304,208.6,2.0
4086,476,164.01,2.0
4087,29,62.51,2.0
4087,430,88.19,2.0
4087,479,160.63,1.0
4087,531,51.53,3.0
4088,322,245.9,2.0
4088,328,93.55,3.0
4088,575,124.4,1.0
4088,586,241.2,3.0
4089,186,233.84,1.0
4089,225,58.78,3.0
4089,651,126.72,2.0
4089,816,171.99,3.0
4089,938,92.58,1.0
4090,220,168.73,3.0
4090,292,214.47,1.0
4090,388,231.18,3.0
4090,446,203.34,2.0
4090,797,220.47,3.0
4091,17,128.61,3.0
4091,134,114.43,3.0
4091,244,204.28,1.0
4091,450,148.27,3.0
4091,693,117.46,2.0
4092,86,192.31,3.0
4092,111,209.87,3.0
4092,121,152.74,1.0
4092,359,196.99,2.0
4092,963,220.36,1.0
4093,350,61.9,1.0
4093,675,64.53,2.0
4093,950,209.25,2.0
4094,429,99.3,1.0
4094,817,216.7,1.0
4094,854,155.1,3.0
4094,997,75.45,2.0
4095,404,95.37,3.0
4095,436,170.1,1.0
4095,752,208.54,1.0
4096,59,80.92,2.0
4096,565,148.85,3.0
4096,758,83.48,2.0
4097,41,141.64,2.0
4097,268,80.87,2.0
4097,336,229.24,2.0
4097,678,201.53,1.0
4097,885,65.26,3.0
4098,107,123.53,3.0
4098,430,88.19,2.0
4098,459,94.26,1.0
4099,356,144.51,3.0
4099,532,70.73,1.0
4099,844,133.38,3.0
4100,289,128.11,
4100,650,65.51,3.0
4100,949,248.37,2.0
4101,61,112.13,1.0
4101,284,191.93,3.0
4101,514,,3.0
4102,256,114.14,2.0
4102,890,177.49,3.0
4102,892,164.04,1.0
4103,151,226.05,1.0
4103,292,214.47,2.0
4103,451,,2.0
4104,124,139.26,2.0
4104,163,193.4,3.0
4104,315,125.67,2.0
4104,809,66.18,2.0
4105,45,170.78,3.0
4105,104,173.39,3.0
4105,314,186.8,1.0
4105,628,237.6,3.0
4105,813,246.86,3.0
4106,155,116.62,1.0
4106,430,88.19,1.0
4106,447,,1.0
4107,97,83.87,1.0
4107,343,70.29,1.0
4107,714,113.33,2.0
4107,978,218.51,1.0
4107,996,196.78,1.0
4108,240,189.89,3.0
4108,539,93.75,2.0
4108,618,208.82,2.0
4108,936,157.52,1.0
4109,613,163.05,3.0
4109,651,126.72,2.0
4109,822,132.13,1.0
4109,846,95.98,3.0
4110,61,112.13,2.0
4110,150,213.11,
4110,297,146.37,
4110,650,65.51,3.0
4111,3,132.41,3.0
4111,150,213.11,2.0
4111,445,232.1,2.0
4111,941,60.5,1.0
4112,73,,2.0
4112,158,118.43,2.0
4112,211,92.17,1.0
4112,939,113.97,3.0
4113,13,236.18,1.0
4113,70,135.13,3.0
4113,511,219.43,1.0
4113,857,60.36,2.0
4114,77,61.77,3.0
4114,470,244.46,3.0
4114,524,67.52,1.0
4114,580,210.06,2.0
4115,20,237.34,3.0
4115,54,84.5,1.0
4115,214,67.39,
4115,308,117.08,3.0
4116,58,231.34,3.0
4116,405,70.71,3.0
4116,412,242.29,3.0
4116,927,195.53,1.0
4117,609,205.56,1.0
4117,824,170.3,2.0
4117,929,197.89,1.0
4118,616,178.66,1.0
4118,618,208.82,3.0
4118,715,180.14,2.0
4118,894,88.22,3.0
4118,920,147.21,2.0
4119,116,247.88,3.0
4119,168,62.42,3.0
4119,210,208.67,3.0
4119,579,202.8,1.0
4120,371,51.0,1.0
4120,811,223.59,3.0
4120,834,127.56,1.0
4121,196,82.73,2.0
4121,432,56.08,2.0
4121,687,176.38,2.0
4121,723,,1.0
4121,881,150.03,
4122,514,247.43,
4122,875,127.14,1.0
4122,977,63.96,1.0
4122,994,59.99,2.0
4123,68,206.01,3.0
4123,206,148.94,2.0
4123,445,232.1,3.0
4124,385,78.48,1.0
4124,412,242.29,1.0
4124,567,167.33,2.0
4124,651,126.72,1.0
4124,746,98.77,3.0
4125,228,,2.0
4125,905,98.14,3.0
4125,990,76.1,1.0
4126,628,237.6,2.0
4126,745,180.42,3.0
4126,966,206.2,1.0
4127,227,234.63,2.0
4127,274,189.78,2.0
4127,461,171.34,2.0
4127,590,153.28,3.0
4127,725,226.28,
4128,459,94.26,3.0
4128,468,72.43,3.0
4128,477,245.15,3.0
4128,618,,2.0
4128,982,96.15,3.0
4129,537,220.97,2.0
4129,597,208.18,1.0
4129,670,60.76,3.0
4129,788,213.43,2.0
4129,887,217.22,2.0
4130,238,203.38,2.0
4130,778,149.89,3.0
4130,815,75.93,2.0
4131,699,230.12,2.0
4131,933,140.94,1.0
4131,974,55.39,3.0
4132,224,226.21,3.0
4132,781,181.2,2.0
4132,888,80.36,2.0
4133,375,216.37,1.0
4133,513,234.35,2.0
4133,604,223.98,1.0
4133,935,98.57,
4134,31,240.33,2.0
4134,199,121.89,1.0
4134,774,226.25,3.0
4134,986,94.04,2.0
4135,398,118.83,3.0
4135,446,203.34,1.0
4135,599,227.54,3.0
4135,710,139.0,3.0
4136,322,245.9,2.0
4136,534,190.45,2.0
4136,733,188.04,1.0
4137,362,,1.0
4137,496,145.41,2.0
4137,904,163.76,2.0
4138,11,114.72,1.0
4138,234,194.51,3.0
4138,327,149.0,1.0
4139,146,215.92,1.0
4139,422,120.82,1.0
4139,429,99.3,1.0
4139,477,245.15,3.0
4139,762,133.63,1.0
4140,669,230.08,2.0
4140,692,101.01,3.0
4140,813,246.86,
4141,106,140.96,1.0
4141,118,62.77,2.0
4141,539,93.75,3.0
4142,56,162.42,3.0
4142,102,227.13,2.0
4142,450,148.27,2.0
4142,736,173.14,1.0
4143,91,176.48,1.0
4143,293,168.57,1.0
4143,441,208.41,1.0
4143,924,,2.0
4144,58,231.34,2.0
4144,558,235.51,1.0
4144,780,,2.0
4144,903,64.48,3.0
4145,30,207.25,3.0
4145,198,180.7,1.0
4145,416,141.33,2.0
4145,543,103.79,1.0
4146,368,209.82,1.0
4146,553,128.85,1.0
4146,838,124.38,
4146,935,98.57,1.0
4147,38,104.28,2.0
4147,142,56.89,2.0
4147,332,129.36,3.0
4147,397,238.21,3.0
4147,479,160.63,2.0
4148,138,221.92,2.0
4148,161,109.19,3.0
4148,470,244.46,1.0
4148,835,163.93,2.0
4148,984,,2.0
4149,101,141.82,3.0
4149,192,62.03,1.0
4149,768,230.68,1.0
4149,824,170.3,3.0
4150,705,91.17,1.0
4150,871,243.22,1.0
4150,919,169.1,2.0
4151,311,160.61,1.0
4151,328,93.55,2.0
4151,593,97.97,3.0
4151,757,228.29,3.0
4151,982,96.15,2.0
4152,220,168.73,2.0
4152,257,51.04,1.0
4152,954,104.74,2.0
4153,160,97.07,1.0
4153,390,82.52,3.0
4153,723,176.43,2.0
4153,746,98.77,1.0
4153,791,169.28,3.0
4154,271,80.13,1.0
4154,542,229.25,2.0
4154,615,85.81,3.0
4154,887,217.22,2.0
4154,934,84.39,
4155,511,,1.0
4155,726,122.98,2.0
4155,737,127.14,3.0
4155,845,,1.0
4156,743,180.58,1.0
4156,784,112.27,3.0
4156,803,182.99,1.0
4157,232,,2.0
4157,610,118.1,3.0
4157,939,113.97,2.0
4158,146,215.92,3.0
4158,423,221.14,3.0
4158,622,124.39,2.0
4159,143,72.98,3.0
4159,419,183.25,3.0
4159,486,172.25,1.0
4159,645,151.87,2.0
4159,697,77.43,1.0
4160,388,231.18,2.0
4160,770,215.18,1.0
4160,781,181.2,3.0
4161,336,229.24,3.0
4161,636,,2.0
4161,668,88.59,2.0
4161,849,54.69,2.0
4161,938,92.58,2.0
4162,120,183.66,1.0
4162,146,,2.0
4162,274,189.78,3.0
4163,282,216.11,2.0
4163,630,160.61,1.0
4163,666,109.41,1.0
4163,729,233.18,1.0
4164,13,236.18,1.0
4164,212,219.1,3.0
4164,241,69.12,
4164,494,64.74,
4164,741,90.08,2.0
4165,62,84.49,2.0
4165,437,224.5,2.0
4165,532,70.73,3.0
4166,35,146.61,1.0
4166,50,121.44,3.0
4166,648,230.35,1.0
4167,12,114.63,3.0
4167,72,143.79,1.0
4167,144,111.9,3.0
4167,219,237.76,1.0
4168,551,162.25,2.0
4168,552,96.49,3.0
4168,661,83.39,2.0
4168,823,243.4,1.0
4168,838,124.38,2.0
4169,237,115.28,3.0
4169,369,83.25,3.0
4169,666,,2.0
4169,689,132.29,1.0
4170,168,62.42,
4170,430,88.19,1.0
4170,441,208.41,3.0
4170,721,107.84,1.0
4170,924,,3.0
4171,337,160.66,1.0
4171,693,117.46,2.0
4171,840,135.48,1.0
4172,627,160.87,1.0
4172,803,182.99,3.0
4172,855,146.69,2.0
4173,277,156.48,3.0
4173,373,160.95,2.0
4173,489,65.95,3.0
4173,541,184.84,1.0
4173,550,83.71,3.0
4174,264,227.0,1.0
4174,609,205.56,1.0
4174,939,113.97,3.0
4175,211,92.17,1.0
4175,492,218.49,3.0
4175,514,247.43,2.0
4175,530,215.96,3.0
4175,579,202.8,3.0
4176,456,199.14,2.0
4176,615,85.81,1.0
4176,761,78.05,1.0
4177,101,141.82,3.0
4177,291,,3.0
4177,383,203.93,1.0
4177,891,87.61,3.0
4177,921,156.4,1.0
4178,595,56.33,1.0
4178,681,235.72,1.0
4178,793,202.22,3.0
4178,899,199.38,2.0
4179,323,170.98,3.0
4179,514,247.43,2.0
4179,584,245.83,3.0
4179,925,64.95,3.0
4180,60,71.49,1.0
4180,146,215.92,1.0
4180,157,246.43,1.0
4180,248,124.74,1.0
4180,648,,1.0
4181,57,140.97,2.0
4181,92,168.26,2.0
4181,414,184.12,1.0
4181,446,203.34,3.0
4181,770,215.18,3.0
4182,140,174.01,3.0
4182,451,,1.0
4182,985,154.3,1.0
4183,109,120.8,3.0
4183,532,70.73,3.0
4183,902,98.7,3.0
4183,963,220.36,2.0
4184,218,215.86,2.0
4184,480,185.48,1.0
4184,561,150.52,2.0
4184,702,81.84,3.0
4184,992,88.48,2.0
4185,92,168.26,3.0
4185,152,63.89,3.0
4185,287,109.88,1.0
4185,364,217.62,
4185,981,60.43,3.0
4186,151,226.05,3.0
4186,254,129.75,3.0
4186,727,148.9,2.0
4186,898,,1.0
4187,163,193.4,3.0
4187,660,185.42,1.0
4187,710,139.0,2.0
4187,911,112.85,1.0
4188,26,181.39,3.0
4188,114,164.82,2.0
4188,277,156.48,3.0
4188,920,147.21,3.0
4188,939,113.97,2.0
4189,504,208.11,3.0
4189,816,171.99,2.0
4189,822,132.13,2.0
4190,174,141.85,3.0
4190,201,50.2,3.0
4190,231,229.82,3.0
4190,321,129.7,1.0
4190,861,188.97,3.0
4191,63,141.12,3.0
4191,266,200.67,3.0
4191,603,153.0,3.0
4192,92,,2.0
4192,690,239.97,1.0
4192,739,196.68,1.0
4192,907,121.43,1.0
4192,954,104.74,1.0
4193,175,150.13,1.0
4193,735,237.3,3.0
4193,744,,2.0
4193,883,133.41,3.0
4194,138,221.92,3.0
4194,537,220.97,3.0
4194,682,103.7,3.0
4195,119,151.13,1.0
4195,813,246.86,2.0
4195,814,160.37,2.0
4196,187,125.22,1.0
4196,263,93.74,3.0
4196,548,216.83,2.0
4196,779,92.97,1.0
4196,892,164.04,2.0
4197,127,108.62,3.0
4197,389,135.35,2.0
4197,409,121.46,2.0
4197,887,217.22,1.0
4197,997,75.45,3.0
4198,11,114.72,2.0
4198,219,237.76,1.0
4198,822,132.13,3.0
4198,944,77.61,3.0
4198,978,218.51,1.0
4199,147,177.18,2.0
4199,486,172.25,2.0
4199,588,151.91,2.0
4200,89,81.47,1.0
4200,149,209.72,3.0
4200,246,64.86,1.0
4200,772,103.65,3.0
4201,101,141.82,1.0
4201,116,247.88,1.0
4201,277,156.48,3.0
4201,529,,1.0
4201,552,96.49,2.0
4202,21,184.17,2.0
4202,118,62.77,1.0
4202,292,214.47,1.0
4202,296,217.57,3.0
4202,813,246.86,3.0
4203,75,154.27,2.0
4203,699,,1.0
4203,760,226.3,1.0
4204,318,68.99,1.0
4204,707,212.57,1.0
4204,728,246.11,3.0
4204,845,,2.0
4205,42,226.48,2.0
4205,195,153.66,3.0
4205,864,104.77,3.0
4206,934,84.39,3.0
4206,956,212.49,3.0
4206,972,143.26,3.0
4207,62,84.49,2.0
4207,219,237.76,1.0
4207,262,114.64,2.0
4207,309,124.79,1.0
4207,867,,1.0
4208,167,56.81,3.0
4208,269,81.71,2.0
4208,522,210.27,1.0
4208,809,66.18,2.0
4209,471,189.72,2.0
4209,627,160.87,
4209,651,126.72,1.0
4209,698,86.52,2.0
4209,718,153.46,1.0
4210,17,128.61,2.0
4210,51,106.86,3.0
4210,429,99.3,3.0
4210,734,,3.0
4211,396,195.67,2.0
4211,402,101.5,3.0
4211,479,160.63,1.0
4211,635,132.03,1.0
4212,36,197.14,1.0
4212,597,208.18,1.0
4212,837,249.04,3.0
4213,207,,2.0
4213,521,195.86,1.0
4213,765,189.72,2.0
4213,789,138.29,1.0
4213,900,247.74,2.0
4214,266,200.67,2.0
4214,487,141.3,3.0
4214,714,113.33,3.0
4214,872,159.66,2.0
4215,228,110.69,2.0
4215,258,67.56,3.0
4215,530,215.96,2.0
4215,574,,2.0
4215,913,156.18,2.0
4216,41,141.64,1.0
4216,93,202.8,2.0
4216,402,101.5,1.0
4216,740,111.83,2.0
4217,19,146.71,
4217,537,220.97,2.0
4217,565,148.85,1.0
4217,737,127.14,3.0
4218,525,201.26,3.0
4218,789,138.29,2.0
4218,996,196.78,3.0
4219,245,136.11,1.0
4219,327,149.0,1.0
4219,575,124.4,1.0
4219,678,201.53,3.0
4219,957,117.34,1.0
4220,185,134.78,
4220,467,176.42,1.0
4220,496,145.41,1.0
4220,540,162.04,2.0
4220,885,65.26,3.0
4221,147,177.18,1.0
4221,321,129.7,3.0
4221,920,147.21,3.0
4222,1,72.66,2.0
4222,125,146.21,3.0
4222,387,200.4,1.0
4223,99,224.99,2.0
4223,114,164.82,
4223,367,192.22,1.0
4223,912,101.23,2.0
4224,41,141.64,3.0
4224,428,174.0,2.0
4224,767,106.78,3.0
4225,159,170.35,3.0
4225,230,142.07,1.0
4225,473,196.68,1.0
4226,250,184.37,2.0
4226,444,62.33,
4226,501,125.53,3.0
4226,541,184.84,1.0
4226,550,,1.0
4227,409,121.46,1.0
4227,524,67.52,3.0
4227,588,151.91,3.0
4227,866,178.4,3.0
4228,16,196.57,3.0
4228,77,61.77,2.0
4228,450,148.27,1.0
4228,668,88.59,3.0
4228,952,,2.0
4229,69,153.27,3.0
4229,76,90.52,1.0
4229,350,61.9,2.0
4229,959,239.53,1.0
4230,1,72.66,1.0
4230,146,215.92,2.0
4230,470,244.46,1.0
4230,934,84.39,1.0
4231,39,200.01,2.0
4231,277,156.48,3.0
4231,372,145.25,1.0
4231,429,99.3,1.0
4232,93,202.8,2.0
4232,597,208.18,1.0
4232,732,247.41,2.0
4232,812,119.48,3.0
4233,532,70.73,3.0
4233,539,93.75,2.0
4233,939,113.97,2.0
4234,111,209.87,3.0
4234,211,92.17,
4234,246,,3.0
4234,752,208.54,3.0
4234,764,184.08,2.0
4235,519,180.71,
4235,656,168.41,3.0
4235,804,232.19,1.0
4236,35,146.61,1.0
4236,202,,1.0
4236,548,216.83,
4236,782,158.46,2.0
4237,253,,2.0
4237,395,203.83,2.0
4237,716,63.71,3.0
4237,765,189.72,2.0
4238,258,67.56,1.0
4238,467,176.42,1.0
4238,597,208.18,3.0
4238,817,216.7,
4239,568,217.68,2.0
4239,754,219.81,2.0
4239,855,146.69,1.0
4240,249,224.27,3.0
4240,529,69.77,3.0
4240,642,157.65,1.0
4240,726,122.98,3.0
4241,95,222.28,2.0
4241,395,203.83,3.0
4241,686,138.01,3.0
4242,51,106.86,1.0
4242,199,121.89,2.0
4242,616,178.66,2.0
4242,853,151.97,2.0
4243,104,173.39,3.0
4243,141,140.89,1.0
4243,421,66.61,1.0
4243,845,225.55,2.0
4244,39,,2.0
4244,585,178.27,3.0
4244,775,,2.0
4245,16,196.57,2.0
4245,89,81.47,1.0
4245,149,209.72,3.0
4245,201,50.2,3.0
4245,382,138.74,3.0
4246,54,84.5,3.0
4246,203,202.04,3.0
4246,253,211.86,2.0
4246,448,91.2,1.0
4247,278,100.46,1.0
4247,333,184.45,
4247,655,106.97,2.0
4247,755,198.93,3.0
4247,943,173.92,3.0
4248,265,245.93,1.0
4248,564,228.93,3.0
4248,761,78.05,3.0
4249,249,224.27,1.0
4249,637,56.45,3.0
4249,734,201.32,3.0
4250,75,154.27,3.0
4250,220,168.73,2.0
4250,851,221.01,1.0
4251,471,189.72,3.0
4251,851,221.01,
4251,916,233.11,3.0
4252,139,106.94,1.0
4252,312,57.94,2.0
4252,419,183.25,3.0
4253,301,236.73,1.0
4253,490,134.37,3.0
4253,536,162.12,1.0
4253,793,202.22,2.0
4253,966,206.2,1.0
4254,37,65.77,3.0
4254,194,185.69,1.0
4254,282,216.11,3.0
4254,960,244.86,2.0
4255,100,126.84,1.0
4255,404,95.37,1.0
4255,670,60.76,
4255,707,212.57,1.0
4256,25,,1.0
4256,166,,1.0
4256,456,199.14,3.0
4256,673,71.97,3.0
4256,778,149.89,2.0
4257,171,201.72,1.0
4257,210,208.67,1.0
4257,418,104.84,1.0
4257,718,153.46,3.0
4257,725,226.28,2.0
4258,442,105.37,2.0
4258,590,153.28,1.0
4258,778,149.89,3.0
4258,925,64.95,2.0
4259,55,238.3,3.0
4259,115,178.84,1.0
4259,280,190.85,1.0
4259,385,78.48,3.0
4260,404,95.37,
4260,704,50.64,2.0
4260,952,245.6,3.0
4261,119,151.13,3.0
4261,537,220.97,2.0
4261,781,181.2,1.0
4261,889,132.36,1.0
4261,923,149.87,3.0
4262,93,202.8,1.0
4262,223,,3.0
4262,642,157.65,1.0
4263,91,176.48,
4263,207,88.92,1.0
4263,489,65.95,3.0
4263,496,145.41,1.0
4263,638,68.44,3.0
4264,622,124.39,3.0
4264,686,138.01,2.0
4264,957,117.34,3.0
4265,400,186.19,3.0
4265,561,150.52,1.0
4265,651,126.72,2.0
4265,790,125.07,2.0
4266,523,229.28,1.0
4266,756,133.58,3.0
4266,785,249.16,3.0
4267,303,134.23,3.0
4267,396,195.67,
4267,696,231.65,2.0
4267,786,110.34,1.0
4267,954,104.74,2.0
4268,243,188.05,1.0
4268,402,101.5,3.0
4268,481,115.71,1.0
4268,958,198.75,2.0
4268,967,110.73,3.0
4269,9,214.61,2.0
4269,281,242.32,3.0
4269,550,83.71,3.0
4270,4,102.01,3.0
4270,598,119.08,2.0
4270,620,137.63,3.0
4270,807,198.27,1.0
4270,851,221.01,1.0
4271,343,70.29,1.0
4271,682,103.7,3.0
4271,720,225.01,
4271,965,239.42,1.0
4272,12,114.63,1.0
4272,126,,3.0
4272,232,208.43,2.0
4272,529,69.77,
4273,260,87.94,2.0
4273,630,160.61,3.0
4273,674,155.82,1.0
4273,836,244.73,
4273,917,87.21,3.0
4274,25,,1.0
4274,241,69.12,1.0
4274,585,178.27,3.0
4274,999,66.5,1.0
4275,21,184.17,3.0
4275,197,220.79,2.0
4275,674,155.82,3.0
4275,901,142.02,3.0
4275,995,113.27,1.0
4276,24,247.44,3.0
4276,435,249.48,1.0
4276,654,133.29,3.0
4276,923,149.87,
4277,68,206.01,2.0
4277,174,,3.0
4277,447,83.16,1.0
4278,32,161.45,3.0
4278,64,183.33,3.0
4278,103,67.22,2.0
4278,296,217.57,1.0
4278,815,75.93,1.0
4279,1,72.66,1.0
4279,208,57.13,1.0
4279,215,152.98,2.0
4279,434,199.38,1.0
4279,484,199.61,1.0
4280,134,114.43,2.0
4280,635,132.03,1.0
4280,821,119.15,3.0
4281,60,71.49,2.0
4281,62,84.49,2.0
4281,730,167.65,2.0
4282,121,152.74,2.0
4282,290,168.98,1.0
4282,640,97.33,1.0
4282,966,206.2,2.0
4283,66,167.64,1.0
4283,195,153.66,1.0
4283,579,202.8,1.0
4283,741,90.08,3.0
4284,357,77.1,2.0
4284,365,153.13,2.0
4284,508,201.16,3.0
4284,570,77.81,1.0
4285,158,118.43,3.0
4285,317,132.96,1.0
4285,391,185.14,1.0
4285,525,201.26,2.0
4286,593,97.97,3.0
4286,595,56.33,2.0
4286,705,91.17,1.0
4286,783,125.75,1.0
4286,968,166.73,2.0
4287,95,222.28,1.0
4287,100,126.84,2.0
4287,510,133.23,3.0
4287,570,77.81,1.0
4287,789,138.29,3.0
4288,137,110.1,3.0
4288,356,144.51,2.0
4288,563,105.31,2.0
4289,89,81.47,3.0
4289,375,216.37,2.0
4289,735,237.3,3.0
4290,58,231.34,3.0
4290,713,120.97,1.0
4290,870,77.14,3.0
4291,312,57.94,1.0
4291,397,238.21,3.0
4291,958,198.75,3.0
4292,364,217.62,3.0
4292,576,227.01,1.0
4292,675,64.53,2.0
4292,720,225.01,1.0
4293,287,109.88,3.0
4293,538,232.66,3.0
4293,563,105.31,3.0
4294,150,213.11,1.0
4294,272,73.28,1.0
4294,554,228.02,1.0
4294,745,180.42,3.0
4295,475,227.5,2.0
4295,607,222.02,1.0
4295,842,107.24,2.0
4296,98,246.81,3.0
4296,107,123.53,3.0
4296,205,56.5,
4296,872,,1.0
4297,214,67.39,1.0
4297,294,237.5,1.0
4297,489,65.95,3.0
4297,597,208.18,3.0
4297,988,225.45,1.0
4298,103,67.22,3.0
4298,439,226.19,2.0
4298,613,163.05,3.0
4298,762,133.63,2.0
4298,975,187.08,1.0
4299,481,115.71,1.0
4299,652,150.27,1.0
4300,387,200.4,1.0
4300,483,109.71,1.0
4300,628,237.6,2.0
4301,86,192.31,3.0
4301,249,224.27,2.0
4301,996,196.78,2.0
4302,130,121.41,1.0
4302,279,200.37,2.0
4302,371,51.0,3.0
4302,430,88.19,
4303,244,204.28,3.0
4303,258,67.56,2.0
4303,394,191.95,2.0
4303,719,53.18,1.0
4303,767,106.78,1.0
4304,113,102.99,1.0
4304,568,217.68,1.0
4304,693,117.46,1.0
4304,977,63.96,3.0
4305,33,116.23,1.0
4305,562,205.86,3.0
4305,726,122.98,1.0
4306,52,,1.0
4306,504,208.11,1.0
4306,622,124.39,1.0
4306,830,56.52,3.0
4306,932,189.85,1.0
4307,689,132.29,1.0
4307,744,231.74,
4307,805,159.55,2.0
4307,996,196.78,1.0
4308,283,124.19,1.0
4308,423,221.14,3.0
4308,747,241.7,
4309,119,151.13,1.0
4309,559,164.08,3.0
4309,748,232.9,3.0
4309,876,227.05,2.0
4310,354,85.44,
4310,466,220.25,2.0
4310,498,174.24,2.0
4310,525,201.26,3.0
4311,648,230.35,1.0
4311,697,77.43,3.0
4311,920,147.21,2.0
4311,964,,3.0
4312,254,129.75,3.0
4312,289,128.11,1.0
4312,309,124.79,3.0
4313,8,63.45,3.0
4313,219,237.76,2.0
4313,732,247.41,3.0
4313,750,149.73,2.0
4313,905,98.14,1.0
4314,212,219.1,3.0
4314,246,64.86,3.0
4314,618,208.82,3.0
4314,726,122.98,2.0
4314,949,248.37,3.0
4315,489,65.95,2.0
4315,753,54.32,2.0
4315,934,84.39,3.0
4316,537,,3.0
4316,694,51.93,3.0
4316,893,195.69,1.0
4317,124,139.26,2.0
4317,290,168.98,2.0
4317,773,148.67,2.0
4318,575,124.4,2.0
4318,816,171.99,3.0
4318,905,98.14,2.0
4319,46,83.22,3.0
4319,434,199.38,1.0
4319,481,115.71,
4319,621,189.73,2.0
4320,405,70.71,3.0
4320,434,199.38,1.0
4320,568,217.68,1.0
4320,690,239.97,1.0
4321,352,226.63,3.0
4321,464,191.8,
4321,859,67.61,3.0
4321,941,60.5,1.0
4322,237,115.28,2.0
4322,473,196.68,2.0
4322,738,185.7,1.0
4322,836,244.73,1.0
4323,117,85.95,2.0
4323,235,239.95,1.0
4323,390,82.52,3.0
4323,775,131.39,1.0
4324,249,224.27,1.0
4324,583,150.9,2.0
4324,906,93.79,1.0
4325,214,67.39,1.0
4325,300,173.53,1.0
4325,364,217.62,2.0
4325,559,164.08,3.0
4325,922,246.25,2.0
4326,544,244.85,3.0
4326,763,68.54,1.0
4326,816,171.99,
4326,976,80.22,1.0
4327,16,196.57,
4327,658,165.29,2.0
4327,797,220.47,2.0
4327,942,167.61,2.0
4328,10,62.55,1.0
4328,826,241.6,3.0
4328,847,163.66,3.0
4329,48,90.11,1.0
4329,254,129.75,3.0
4329,409,121.46,3.0
4329,918,216.21,3.0
4330,27,76.78,2.0
4330,43,116.23,1.0
4330,260,87.94,1.0
4330,299,70.27,1.0
4330,586,241.2,2.0
4331,250,184.37,1.0
4331,829,95.21,1.0
4331,863,183.04,2.0
4332,318,68.99,3.0
4332,328,93.55,2.0
4332,333,184.45,2.0
4332,815,75.93,1.0
4333,285,177.93,3.0
4333,291,,2.0
4333,396,,3.0
4333,561,150.52,2.0
4333,929,197.89,1.0
4334,22,,1.0
4334,24,247.44,2.0
4334,141,140.89,2.0
4334,735,,2.0
4335,411,152.22,2.0
4335,572,87.01,3.0
4335,877,202.64,2.0
4336,37,65.77,3.0
4336,548,216.83,2.0
4336,577,61.76,2.0
4336,705,91.17,1.0
4336,861,188.97,3.0
4337,38,104.28,1.0
4337,53,60.45,3.0
4337,197,220.79,1.0
4338,40,146.27,3.0
4338,347,136.1,1.0
4338,518,232.96,1.0
4338,751,121.44,3.0
4338,888,80.36,2.0
4339,3,132.41,1.0
4339,192,62.03,3.0
4339,614,174.25,3.0
4339,815,75.93,
4340,367,192.22,1.0
4340,610,118.1,1.0
4340,693,117.46,1.0
4340,870,77.14,2.0
4341,274,189.78,3.0
4341,572,87.01,3.0
4341,755,198.93,3.0
4341,758,83.48,2.0
4342,112,97.85,2.0
4342,201,50.2,2.0
4342,260,87.94,1.0
4342,505,120.77,3.0
4343,270,,2.0
4343,464,191.8,1.0
4343,670,60.76,2.0
4344,53,60.45,1.0
4344,214,67.39,3.0
4344,902,98.7,3.0
4345,134,114.43,3.0
4345,368,209.82,2.0
4345,773,148.67,3.0
4345,870,77.14,3.0
4345,987,182.97,1.0
4346,318,,1.0
4346,358,134.49,2.0
4346,990,76.1,3.0
4347,124,139.26,2.0
4347,421,66.61,1.0
4347,522,210.27,2.0
4347,604,223.98,3.0
4347,704,50.64,1.0
4348,796,213.28,1.0
4348,797,220.47,3.0
4348,859,67.61,2.0
4348,984,246.44,2.0
4349,124,139.26,1.0
4349,227,234.63,1.0
4349,511,219.43,3.0
4350,90,180.87,2.0
4350,532,70.73,3.0
4350,773,148.67,3.0
4350,852,239.79,1.0
4351,100,126.84,3.0
4351,176,75.79,1.0
4351,391,185.14,1.0
4351,463,198.51,2.0
4351,895,,3.0
4352,134,114.43,1.0
4352,397,238.21,3.0
4352,450,148.27,
4352,692,101.01,1.0
4352,917,87.21,3.0
4353,241,69.12,3.0
4353,271,80.13,3.0
4353,356,144.51,3.0
4353,401,227.82,2.0
4353,924,196.23,
4354,122,,1.0
4354,484,199.61,1.0
4354,797,220.47,
4354,842,107.24,3.0
4355,60,71.49,
4355,121,152.74,1.0
4355,595,56.33,1.0
4355,702,81.84,3.0
4356,153,92.66,3.0
4356,338,118.52,3.0
4356,467,176.42,3.0
4356,979,205.27,1.0
4357,256,114.14,3.0
4357,568,217.68,1.0
4357,870,77.14,2.0
4358,1,72.66,2.0
4358,326,173.51,2.0
4358,639,110.99,2.0
4359,260,,1.0
4359,379,148.21,2.0
4359,834,127.56,2.0
4359,964,106.28,
4360,8,63.45,3.0
4360,398,118.83,3.0
4360,429,99.3,1.0
4360,480,185.48,3.0
4361,247,207.42,3.0
4361,269,81.71,3.0
4361,559,164.08,
4361,684,,2.0
4361,774,226.25,1.0
4362,61,112.13,2.0
4362,304,208.6,3.0
4362,366,106.38,3.0
4362,736,173.14,3.0
4362,771,76.39,2.0
4363,375,216.37,2.0
4363,585,178.27,2.0
4363,720,225.01,2.0
4363,897,153.0,3.0
4364,338,118.52,3.0
4364,695,77.45,1.0
4364,714,113.33,2.0
4364,967,110.73,2.0
4365,511,219.43,2.0
4365,698,86.52,3.0
4365,732,247.41,2.0
4366,198,180.7,3.0
4366,346,96.77,3.0
4366,788,213.43,2.0
4367,60,71.49,2.0
4367,71,86.5,2.0
4367,629,195.26,1.0
4367,766,249.63,3.0
4368,18,66.18,2.0
4368,702,81.84,2.0
4368,728,246.11,3.0
4369,402,101.5,3.0
4369,452,125.45,1.0
4369,494,64.74,2.0
4369,502,146.58,1.0
4370,184,218.95,3.0
4370,218,215.86,3.0
4370,667,124.68,
4371,141,140.89,1.0
4371,326,173.51,1.0
4371,441,208.41,3.0
4371,830,56.52,1.0
4371,895,187.0,1.0
4372,460,89.74,2.0
4372,499,165.93,2.0
4372,725,226.28,3.0
4373,103,67.22,3.0
4373,144,111.9,1.0
4373,325,149.23,3.0
4373,511,219.43,
4373,578,67.16,2.0
4374,227,234.63,1.0
4374,250,184.37,3.0
4374,512,185.45,1.0
4374,706,124.5,2.0
4375,98,246.81,1.0
4375,244,204.28,1.0
4375,483,109.71,1.0
4375,509,94.66,3.0
4375,536,162.12,1.0
4376,83,125.49,1.0
4376,123,79.64,1.0
4376,381,56.19,1.0
4376,643,98.94,1.0
4376,880,227.92,2.0
4377,473,196.68,1.0
4377,483,109.71,3.0
4377,597,208.18,3.0
4377,974,55.39,3.0
4378,550,83.71,1.0
4378,593,97.97,3.0
4378,777,176.22,2.0
4378,830,56.52,3.0
4379,140,174.01,3.0
4379,360,125.34,2.0
4379,964,106.28,3.0
4380,375,216.37,1.0
4380,391,185.14,1.0
4380,854,155.1,1.0
4381,24,247.44,2.0
4381,374,,2.0
4381,557,102.94,2.0
4382,268,80.87,1.0
4382,725,226.28,1.0
4382,816,,3.0
4382,858,219.38,2.0
4382,960,244.86,1.0
4383,73,204.1,1.0
4383,248,124.74,3.0
4383,259,57.05,1.0
4383,539,93.75,3.0
4383,736,173.14,3.0
4384,316,159.68,1.0
4384,396,195.67,1.0
4384,533,91.11,3.0
4384,924,196.23,1.0
4385,251,60.23,1.0
4385,403,99.71,2.0
4385,448,91.2,1.0
4386,194,185.69,1.0
4386,399,166.38,
4386,920,147.21,3.0
4386,947,201.85,2.0
4387,160,97.07,1.0
4387,332,129.36,2.0
4387,598,119.08,3.0
4387,753,54.32,2.0
4388,74,172.32,3.0
4388,113,102.99,3.0
4388,811,223.59,1.0
4389,143,72.98,
4389,224,226.21,1.0
4389,572,87.01,1.0
4389,638,,3.0
4389,807,198.27,3.0
4390,182,204.96,3.0
4390,335,146.92,3.0
4390,441,208.41,2.0
4390,566,122.7,2.0
4390,656,168.41,2.0
4391,67,55.29,3.0
4391,85,169.02,1.0
4391,102,227.13,3.0
4391,364,217.62,3.0
4391,382,138.74,2.0
4392,284,191.93,2.0
4392,485,52.72,1.0
4392,489,65.95,2.0
4392,717,207.78,1.0
4392,952,245.6,2.0
4393,489,65.95,
4393,592,195.71,2.0
4393,797,220.47,2.0
4393,820,51.21,1.0
4393,985,154.3,2.0
4394,161,109.19,2.0
4394,460,89.74,1.0
4394,958,198.75,3.0
4395,318,68.99,3.0
4395,543,103.79,3.0
4395,935,98.57,2.0
4395,993,83.38,3.0
4396,13,236.18,2.0
4396,234,194.51,3.0
4396,408,100.88,3.0
4396,646,191.41,3.0
4396,783,125.75,3.0
4397,37,65.77,3.0
4397,235,239.95,1.0
4397,965,239.42,3.0
4397,979,205.27,2.0
4398,38,104.28,1.0
4398,89,81.47,
4398,157,246.43,2.0
4398,229,89.49,3.0
4398,355,140.68,2.0
4399,468,72.43,2.0
4399,477,245.15,1.0
4399,761,78.05,2.0
4399,994,59.99,3.0
4400,213,206.95,3.0
4400,300,173.53,3.0
4400,823,243.4,1.0
4401,221,,3.0
4401,374,86.56,1.0
4401,385,78.48,1.0
4401,580,210.06,3.0
4401,794,112.71,1.0
4402,807,198.27,2.0
4402,848,58.97,2.0
4402,882,,2.0
4403,88,183.78,2.0
4403,99,224.99,1.0
4403,621,189.73,1.0
4404,77,61.77,3.0
4404,406,192.02,
4404,407,174.05,2.0
4404,737,127.14,2.0
4404,848,58.97,3.0
4405,98,246.81,2.0
4405,100,126.84,3.0
4405,361,82.42,
4405,970,54.56,2.0
4406,23,203.41,1.0
4406,224,226.21,3.0
4406,269,81.71,3.0
4406,768,230.68,2.0
4407,392,113.94,3.0
4407,592,195.71,2.0
4407,950,209.25,2.0
4408,12,114.63,2.0
4408,427,113.76,3.0
4408,480,185.48,
4408,660,185.42,1.0
4409,82,95.97,3.0
4409,675,64.53,3.0
4409,773,148.67,3.0
4410,554,228.02,3.0
4410,902,98.7,2.0
4410,955,151.86,2.0
4411,287,109.88,2.0
4411,377,52.08,3.0
4411,612,152.96,3.0
4412,146,215.92,2.0
4412,344,85.83,1.0
4412,791,169.28,2.0
4412,885,65.26,2.0
4412,921,156.4,1.0
4413,513,234.35,3.0
4413,759,239.0,2.0
4413,911,112.85,2.0
4414,4,102.01,2.0
4414,90,180.87,2.0
4414,956,212.49,1.0
4415,138,221.92,2.0
4415,263,93.74,3.0
4415,357,77.1,1.0
4415,745,180.42,3.0
4416,44,93.13,3.0
4416,388,231.18,3.0
4416,819,57.53,
4416,924,196.23,3.0
4417,847,163.66,1.0
4417,855,146.69,3.0
4417,911,112.85,1.0
4418,36,197.14,2.0
4418,153,92.66,1.0
4418,366,106.38,1.0
4418,514,247.43,1.0
4418,963,220.36,2.0
4419,14,238.51,3.0
4419,180,136.21,3.0
4419,270,127.17,3.0
4419,426,227.24,2.0
4419,590,153.28,1.0
4420,441,208.41,3.0
4420,489,65.95,2.0
4420,685,231.56,1.0
4421,131,157.55,1.0
4421,191,226.32,1.0
4421,428,174.0,2.0
4421,980,211.03,2.0
4422,13,236.18,2.0
4422,590,153.28,
4422,751,121.44,3.0
4422,790,125.07,3.0
4422,937,164.51,3.0
4423,613,163.05,3.0
4423,664,,1.0
4423,842,107.24,1.0
4424,424,,2.0
4424,481,115.71,1.0
4424,655,106.97,3.0
4424,840,135.48,2.0
4424,877,202.64,3.0
4425,146,215.92,1.0
4425,337,160.66,2.0
4425,587,62.1,1.0
4425,925,64.95,1.0
4425,977,63.96,1.0
4426,8,63.45,2.0
4426,34,62.0,1.0
4426,255,248.35,3.0
4426,531,51.53,3.0
4427,265,245.93,2.0
4427,400,186.19,2.0
4427,537,220.97,3.0
4427,892,164.04,2.0
4428,113,102.99,1.0
4428,126,139.84,1.0
4428,325,149.23,2.0
4429,76,90.52,3.0
4429,107,123.53,3.0
4429,260,87.94,1.0
4429,926,64.91,3.0
4430,369,83.25,1.0
4430,504,208.11,2.0
4430,519,180.71,1.0
4431,347,136.1,3.0
4431,752,208.54,3.0
4431,843,218.71,3.0
4432,54,84.5,1.0
4432,341,125.25,3.0
4432,913,156.18,3.0
4432,943,173.92,1.0
4433,314,186.8,
4433,342,91.83,1.0
4433,626,95.95,1.0
4433,936,157.52,1.0
4434,482,129.89,1.0
4434,806,146.82,1.0
4434,828,80.98,3.0
4435,565,148.85,2.0
4435,675,64.53,2.0
4435,869,192.32,1.0
4435,994,59.99,1.0
4436,54,84.5,2.0
4436,79,182.33,3.0
4436,499,165.93,2.0
4436,589,62.33,2.0
4437,10,62.55,2.0
4437,688,62.79,3.0
4437,826,241.6,3.0
4437,969,231.07,3.0
4438,133,240.19,2.0
4438,506,,3.0
4438,714,113.33,1.0
4439,442,105.37,3.0
4439,606,79.36,1.0
4439,945,115.38,
4439,984,246.44,2.0
4440,276,245.17,3.0
4440,647,99.37,2.0
4440,818,78.09,2.0
4441,87,150.25,3.0
4441,315,125.67,1.0
4441,669,230.08,3.0
4442,226,177.91,3.0
4442,325,149.23,3.0
4442,514,247.43,3.0
4442,522,210.27,2.0
4442,818,78.09,1.0
4443,313,223.73,1.0
4443,336,229.24,1.0
4443,609,205.56,
4443,698,86.52,1.0
4444,75,154.27,1.0
4444,140,174.01,2.0
4444,265,245.93,3.0
4444,707,212.57,3.0
4445,18,66.18,1.0
4445,196,82.73,3.0
4445,261,71.6,3.0
4445,623,118.18,1.0
4445,662,175.98,2.0
4446,113,102.99,3.0
4446,868,163.34,1.0
4446,883,133.41,3.0
4446,905,98.14,1.0
4446,966,206.2,1.0
4447,245,136.11,1.0
4447,368,209.82,2.0
4447,571,179.32,1.0
4448,27,76.78,3.0
4448,60,71.49,2.0
4448,912,101.23,2.0
4448,979,205.27,1.0
4449,9,214.61,2.0
4449,113,102.99,3.0
4449,400,186.19,2.0
4449,499,165.93,2.0
4450,307,197.91,1.0
4450,437,224.5,2.0
4450,618,208.82,2.0
4451,214,67.39,3.0
4451,370,176.52,1.0
4451,743,180.58,3.0
4451,761,78.05,1.0
4452,196,82.73,2.0
4452,618,208.82,2.0
4452,650,65.51,2.0
4452,938,92.58,2.0
4452,945,115.38,1.0
4453,123,79.64,2.0
4453,801,207.59,
4453,822,132.13,2.0
4453,968,166.73,1.0
4454,72,143.79,3.0
4454,192,62.03,2.0
4454,248,124.74,3.0
4454,892,164.04,1.0
4454,927,195.53,2.0
4455,1,,2.0
4455,108,66.24,3.0
4455,474,224.08,2.0
4456,1,72.66,
4456,157,246.43,1.0
4456,176,75.79,2.0
4457,311,160.61,2.0
4457,351,155.07,1.0
4457,360,125.34,3.0
4457,498,174.24,2.0
4457,694,51.93,1.0
4458,276,245.17,3.0
4458,826,241.6,2.0
4458,920,147.21,1.0
4459,350,61.9,1.0
4459,482,129.89,1.0
4459,610,118.1,3.0
4460,77,61.77,2.0
4460,105,232.06,3.0
4460,402,101.5,1.0
4460,628,237.6,3.0
4461,128,94.73,3.0
4461,496,145.41,3.0
4461,615,85.81,1.0
4461,621,189.73,
4462,256,,2.0
4462,440,200.17,3.0
4462,452,125.45,1.0
4462,453,152.15,2.0
4462,870,77.14,3.0
4463,76,90.52,3.0
4463,176,75.79,1.0
4463,329,137.31,1.0
4463,335,146.92,1.0
4464,327,149.0,2.0
4464,622,124.39,3.0
4464,732,247.41,3.0
4464,992,88.48,
4465,567,167.33,1.0
4465,718,153.46,1.0
4465,833,189.81,2.0
4465,854,155.1,2.0
4466,80,117.92,1.0
4466,588,151.91,3.0
4466,608,220.66,3.0
4467,60,71.49,3.0
4467,393,188.3,2.0
4467,655,106.97,3.0
4467,798,80.05,1.0
4468,35,146.61,2.0
4468,186,233.84,3.0
4468,386,208.73,3.0
4468,773,148.67,1.0
4468,841,196.07,3.0
4469,13,236.18,1.0
4469,139,106.94,2.0
4469,461,171.34,1.0
4469,552,96.49,2.0
4469,674,155.82,3.0
4470,435,249.48,1.0
4470,566,,1.0
4470,697,77.43,3.0
4471,129,200.64,3.0
4471,567,167.33,2.0
4471,825,100.58,3.0
4471,832,119.16,3.0
4472,12,,1.0
4472,317,132.96,1.0
4472,702,81.84,1.0
4472,799,138.29,3.0
4473,428,174.0,2.0
4473,640,,2.0
4473,660,185.42,2.0
4473,928,235.84,3.0
4474,243,188.05,3.0
4474,699,230.12,2.0
4474,716,63.71,3.0
4474,818,78.09,3.0
4474,995,113.27,1.0
4475,317,132.96,1.0
4475,362,177.66,1.0
4475,730,167.65,3.0
4475,746,98.77,
4475,914,108.92,3.0
4476,145,69.03,1.0
4476,230,,1.0
4476,280,190.85,2.0
4476,440,200.17,2.0
4477,76,90.52,3.0
4477,284,191.93,3.0
4477,419,183.25,3.0
4477,486,172.25,2.0
4478,78,166.26,1.0
4478,282,216.11,2.0
4478,408,100.88,
4478,812,119.48,3.0
4478,867,92.12,
4479,178,186.24,3.0
4479,354,85.44,2.0
4479,560,124.85,2.0
4479,704,50.64,3.0
4479,946,226.43,3.0
4480,329,137.31,2.0
4480,390,82.52,2.0
4480,558,235.51,3.0
4480,845,225.55,3.0
4481,312,57.94,3.0
4481,327,149.0,3.0
4481,577,61.76,1.0
4481,882,191.38,1.0
4482,21,184.17,1.0
4482,274,189.78,2.0
4482,739,196.68,1.0
4483,27,76.78,1.0
4483,30,207.25,1.0
4483,403,99.71,1.0
4483,855,146.69,3.0
4483,917,87.21,2.0
4484,404,95.37,1.0
4484,407,,2.0
4484,609,,1.0
4484,750,149.73,2.0
4484,976,80.22,1.0
4485,125,146.21,2.0
4485,233,243.92,3.0
4485,338,118.52,2.0
4485,532,70.73,3.0
4486,6,72.5,2.0
4486,361,82.42,3.0
4486,512,185.45,1.0
4486,525,201.26,1.0
4486,771,76.39,2.0
4487,96,171.87,1.0
4487,618,208.82,1.0
4487,722,134.69,2.0
4488,510,133.23,1.0
4488,561,150.52,2.0
4488,621,189.73,
4488,747,241.7,2.0
4489,34,62.0,1.0
4489,697,77.43,2.0
4489,824,170.3,2.0
4489,937,164.51,3.0
4490,46,83.22,
4490,491,214.4,3.0
4490,588,151.91,1.0
4491,50,121.44,2.0
4491,337,160.66,3.0
4491,723,176.43,3.0
4491,765,189.72,2.0
4491,811,223.59,2.0
4492,337,160.66,2.0
4492,578,67.16,3.0
4492,736,173.14,2.0
4492,993,83.38,1.0
4493,179,174.38,3.0
4493,206,148.94,2.0
4493,509,94.66,1.0
4493,559,164.08,3.0
4493,626,95.95,
4494,293,168.57,
4494,332,129.36,1.0
4494,525,201.26,1.0
4494,667,124.68,2.0
4494,835,163.93,2.0
4495,223,83.22,2.0
4495,390,82.52,3.0
4495,493,173.08,2.0
4495,594,196.51,1.0
4495,650,65.51,1.0
4496,148,241.66,3.0
4496,534,190.45,2.0
4496,859,67.61,3.0
4496,976,80.22,1.0
4497,163,193.4,3.0
4497,512,185.45,3.0
4497,797,220.47,2.0
4497,922,246.25,2.0
4497,950,209.25,3.0
4498,54,84.5,1.0
4498,107,123.53,1.0
4498,665,86.52,2.0
4499,149,209.72,2.0
4499,178,186.24,2.0
4499,223,83.22,3.0
4499,264,227.0,3.0
4499,556,246.31,2.0
4500,339,52.62,2.0
4500,378,148.58,3.0
4500,544,244.85,3.0
4501,564,228.93,3.0
4501,732,247.41,2.0
4501,736,,2.0
4502,163,193.4,1.0
4502,722,134.69,1.0
4502,932,189.85,2.0
4503,246,64.86,1.0
4503,329,137.31,
4503,340,67.14,3.0
4503,715,180.14,2.0
4503,742,153.3,1.0
4504,87,150.25,2.0
4504,359,196.99,2.0
4504,449,80.11,1.0
4504,557,102.94,2.0
4504,648,230.35,1.0
4505,285,177.93,1.0
4505,442,105.37,1.0
4505,995,113.27,2.0
4506,127,108.62,2.0
4506,334,175.68,1.0
4506,465,230.21,1.0
4506,724,53.44,
4506,909,203.1,1.0
4507,356,144.51,3.0
4507,401,227.82,3.0
4507,977,63.96,2.0
4508,226,177.91,3.0
4508,385,78.48,1.0
4508,435,249.48,1.0
4508,436,170.1,2.0
4508,594,196.51,1.0
4509,85,169.02,2.0
4509,598,119.08,2.0
4509,643,98.94,3.0
4509,989,218.85,3.0
4509,999,,2.0
4510,510,133.23,3.0
4510,548,216.83,3.0
4510,597,208.18,3.0
4510,688,62.79,3.0
4510,731,,2.0
4511,92,168.26,3.0
4511,164,91.14,3.0
4511,247,207.42,2.0
4511,253,211.86,1.0
4511,619,134.73,3.0
4512,232,208.43,1.0
4512,775,131.39,1.0
4512,784,112.27,1.0
4513,71,86.5,2.0
4513,272,73.28,2.0
4513,416,141.33,1.0
4513,804,232.19,2.0
4513,985,154.3,1.0
4514,67,55.29,1.0
4514,487,141.3,3.0
4514,492,218.49,3.0
4514,791,169.28,1.0
4514,926,64.91,2.0
4515,185,134.78,2.0
4515,558,235.51,3.0
4515,825,100.58,1.0
4515,882,191.38,1.0
4516,218,215.86,2.0
4516,433,242.72,2.0
4516,513,234.35,1.0
4516,930,232.52,3.0
4516,994,59.99,2.0
4517,91,176.48,2.0
4517,644,102.24,
4517,685,231.56,1.0
4517,909,203.1,1.0
4518,149,209.72,1.0
4518,151,226.05,1.0
4518,519,180.71,2.0
4518,900,247.74,1.0
4519,11,114.72,1.0
4519,233,243.92,3.0
4519,630,160.61,3.0
4519,929,197.89,3.0
4519,962,158.95,2.0
4520,47,95.83,3.0
4520,409,121.46,2.0
4520,949,248.37,2.0
4521,153,92.66,2.0
4521,155,116.62,2.0
4521,656,168.41,1.0
4521,857,60.36,2.0
4521,966,206.2,
4522,88,183.78,3.0
4522,111,209.87,3.0
4522,194,185.69,1.0
4522,600,169.99,
4522,695,77.45,3.0
4523,343,,2.0
4523,350,61.9,2.0
4523,478,155.47,2.0
4523,647,99.37,2.0
4523,724,53.44,2.0
4524,194,185.69,2.0
4524,333,184.45,1.0
4524,576,227.01,3.0
4524,702,81.84,3.0
4524,964,106.28,
4525,235,,3.0
4525,590,153.28,2.0
4525,703,171.58,1.0
4525,901,142.02,3.0
4525,935,98.57,1.0
4526,333,184.45,
4526,487,141.3,2.0
4526,713,120.97,3.0
4526,814,,3.0
4527,386,208.73,2.0
4527,475,227.5,1.0
4527,551,162.25,3.0
4527,717,207.78,2.0
4527,874,173.76,2.0
4528,8,63.45,2.0
4528,16,196.57,2.0
4528,309,124.79,1.0
4528,583,150.9,3.0
4529,218,215.86,3.0
4529,949,248.37,
4529,978,218.51,2.0
4530,69,,3.0
4530,738,185.7,1.0
4530,994,59.99,2.0
4531,78,166.26,2.0
4531,583,,1.0
4531,730,167.65,3.0
4531,858,219.38,2.0
4532,312,57.94,1.0
4532,426,227.24,2.0
4532,907,121.43,2.0
4533,38,104.28,1.0
4533,58,231.34,3.0
4533,233,243.92,1.0
4533,526,217.47,2.0
4533,639,110.99,2.0
4534,695,77.45,2.0
4534,712,151.86,2.0
4534,795,127.79,
4535,61,112.13,1.0
4535,407,174.05,2.0
4535,496,145.41,1.0
4535,718,153.46,1.0
4536,400,186.19,1.0
4536,496,145.41,2.0
4536,499,165.93,1.0
4536,798,80.05,2.0
4537,251,60.23,
4537,280,190.85,3.0
4537,589,62.33,3.0
4538,196,82.73,3.0
4538,225,58.78,2.0
4538,493,173.08,3.0
4538,871,243.22,1.0
4539,265,245.93,2.0
4539,480,185.48,1.0
4539,904,163.76,3.0
4539,999,66.5,2.0
4540,787,164.1,3.0
4540,819,57.53,1.0
4540,823,243.4,3.0
4541,127,108.62,1.0
4541,455,235.33,1.0
4541,777,176.22,1.0
4542,66,167.64,3.0
4542,139,106.94,3.0
4542,211,92.17,1.0
4542,277,156.48,2.0
4542,625,71.81,2.0
4543,14,238.51,2.0
4543,263,93.74,3.0
4543,443,244.96,1.0
4544,511,219.43,
4544,760,226.3,1.0
4544,768,230.68,2.0
4545,80,117.92,2.0
4545,160,97.07,2.0
4545,441,208.41,1.0
4545,509,94.66,3.0
4545,584,245.83,3.0
4546,233,243.92,3.0
4546,932,189.85,1.0
4546,938,92.58,3.0
4547,444,,1.0
4547,584,245.83,1.0
4547,631,183.29,1.0
4547,826,241.6,2.0
4548,150,213.11,2.0
4548,212,219.1,
4548,245,136.11,1.0
4549,249,224.27,3.0
4549,479,160.63,1.0
4549,649,,1.0
4549,867,92.12,3.0
4550,33,116.23,3.0
4550,279,200.37,2.0
4550,417,224.94,3.0
4550,530,215.96,2.0
4551,99,224.99,3.0
4551,683,143.94,1.0
4551,923,149.87,1.0
4552,29,62.51,1.0
4552,271,80.13,
4552,694,51.93,2.0
4552,857,60.36,3.0
4553,24,247.44,3.0
4553,562,205.86,1.0
4553,629,195.26,1.0
4553,864,104.77,1.0
4554,384,137.63,2.0
4554,408,100.88,3.0
4554,562,205.86,1.0
4554,563,105.31,3.0
4555,69,153.27,2.0
4555,87,150.25,2.0
4555,779,92.97,2.0
4555,819,57.53,3.0
4556,164,91.14,2.0
4556,363,87.53,2.0
4556,391,185.14,2.0
4556,737,127.14,1.0
4557,155,116.62,1.0
4557,269,81.71,1.0
4557,358,134.49,2.0
4558,67,55.29,3.0
4558,293,168.57,3.0
4558,603,153.0,2.0
4558,766,249.63,1.0
4558,813,246.86,3.0
4559,14,238.51,2.0
4559,93,202.8,2.0
4559,210,208.67,3.0
4559,408,100.88,2.0
4560,24,247.44,1.0
4560,455,235.33,3.0
4560,999,66.5,2.0
4561,3,132.41,1.0
4561,11,,2.0
4561,161,109.19,2.0
4561,537,220.97,1.0
4561,813,246.86,1.0
4562,17,128.61,3.0
4562,43,116.23,2.0
4562,97,83.87,2.0
4562,964,106.28,2.0
4562,966,,1.0
4563,297,146.37,1.0
4563,340,67.14,3.0
4563,754,,3.0
4563,964,106.28,2.0
4564,34,62.0,2.0
4564,76,90.52,3.0
4564,558,235.51,3.0
4565,817,216.7,3.0
4565,857,60.36,2.0
4565,894,88.22,2.0
4565,899,199.38,2.0
4565,922,246.25,3.0
4566,82,95.97,2.0
4566,179,174.38,2.0
4566,195,153.66,1.0
4566,369,83.25,3.0
4566,840,135.48,1.0
4567,163,193.4,2.0
4567,568,217.68,3.0
4567,631,183.29,1.0
4567,876,,1.0
4568,143,72.98,2.0
4568,563,105.31,3.0
4568,586,241.2,3.0
4568,763,68.54,1.0
4568,957,117.34,2.0
4569,144,111.9,2.0
4569,175,150.13,2.0
4569,317,132.96,1.0
4569,469,115.23,1.0
4569,837,,3.0
4570,199,121.89,2.0
4570,586,241.2,3.0
4570,908,146.12,3.0
4571,621,189.73,
4571,633,116.68,2.0
4571,689,132.29,3.0
4572,125,146.21,3.0
4572,527,157.45,3.0
4572,969,231.07,3.0
4573,1,72.66,2.0
4573,61,112.13,3.0
4573,117,85.95,1.0
4573,230,142.07,3.0
4573,580,210.06,2.0
4574,205,56.5,1.0
4574,636,198.75,3.0
4574,888,80.36,1.0
4575,289,128.11,3.0
4575,501,125.53,1.0
4575,673,,3.0
4575,829,95.21,1.0
4575,960,244.86,1.0
4576,291,181.87,3.0
4576,638,,1.0
4576,651,126.72,3.0
4576,806,146.82,2.0
4577,81,223.52,1.0
4577,133,240.19,3.0
4577,429,99.3,2.0
4577,672,79.28,3.0
4577,973,79.62,
4578,82,95.97,1.0
4578,466,220.25,3.0
4578,708,191.55,2.0
4578,843,218.71,3.0
4579,219,237.76,1.0
4579,625,71.81,2.0
4579,652,150.27,2.0
4579,706,124.5,2.0
4579,760,226.3,2.0
4580,387,200.4,3.0
4580,699,230.12,3.0
4580,915,239.01,3.0
4581,206,148.94,1.0
4581,279,200.37,3.0
4581,995,113.27,3.0
4582,344,85.83,1.0
4582,378,148.58,1.0
4582,498,174.24,2.0
4582,812,119.48,3.0
4582,885,65.26,3.0
4583,55,238.3,2.0
4583,141,140.89,3.0
4583,915,239.01,1.0
4584,132,221.69,2.0
4584,142,56.89,3.0
4584,220,168.73,3.0
4584,297,146.37,1.0
4584,935,98.57,3.0
4585,194,185.69,3.0
4585,482,129.89,3.0
4585,848,58.97,2.0
4586,44,93.13,2.0
4586,130,121.41,
4586,262,114.64,2.0
4586,415,92.65,1.0
4586,606,79.36,2.0
4587,136,64.57,1.0
4587,746,98.77,2.0
4587,951,81.4,2.0
4588,602,86.81,1.0
4588,611,177.27,1.0
4588,641,59.05,
4588,884,107.9,2.0
4589,79,182.33,3.0
4589,350,61.9,3.0
4589,528,198.95,1.0
4590,126,139.84,2.0
4590,285,177.93,2.0
4590,924,196.23,2.0
4591,193,142.88,1.0
4591,206,148.94,2.0
4591,294,237.5,3.0
4591,595,56.33,2.0
4591,943,173.92,2.0
4592,268,80.87,1.0
4592,345,168.81,3.0
4592,563,105.31,3.0
4592,701,209.76,
4592,774,226.25,2.0
4593,589,62.33,
4593,749,74.3,3.0
4593,828,80.98,3.0
4594,500,136.7,2.0
4594,593,97.97,
4594,764,184.08,3.0
4594,961,79.78,2.0
4595,843,218.71,1.0
4595,894,88.22,2.0
4595,916,233.11,
4596,159,170.35,
4596,211,92.17,1.0
4596,451,222.6,2.0
4597,196,82.73,2.0
4597,430,88.19,3.0
4597,542,,2.0
4597,565,148.85,3.0
4597,675,64.53,3.0
4598,24,247.44,1.0
4598,417,224.94,1.0
4598,420,55.79,2.0
4599,430,88.19,3.0
4599,752,208.54,1.0
4599,775,131.39,1.0
4600,462,77.21,3.0
4600,604,223.98,3.0
4600,697,77.43,3.0
4600,761,78.05,3.0
4600,913,156.18,1.0
4601,316,159.68,3.0
4601,356,144.51,3.0
4601,561,150.52,2.0
4601,616,178.66,1.0
4601,802,158.8,2.0
4602,166,192.62,1.0
4602,238,203.38,2.0
4602,259,57.05,2.0
4602,456,199.14,1.0
4602,898,208.88,1.0
4603,92,168.26,2.0
4603,372,145.25,3.0
4603,871,243.22,2.0
4603,897,153.0,3.0
4604,17,128.61,3.0
4604,186,233.84,2.0
4604,378,148.58,2.0
4605,188,,1.0
4605,274,189.78,
4605,935,98.57,1.0
4606,108,66.24,3.0
4606,710,139.0,3.0
4606,988,225.45,1.0
4607,179,174.38,3.0
4607,731,207.18,3.0
4607,1000,133.67,1.0
4608,198,180.7,1.0
4608,237,115.28,2.0
4608,336,229.24,3.0
4608,361,82.42,2.0
4608,506,201.97,3.0
4609,474,,2.0
4609,547,186.62,1.0
4609,858,219.38,3.0
4610,303,134.23,2.0
4610,305,147.13,3.0
4610,357,77.1,3.0
4610,951,81.4,3.0
4611,91,176.48,1.0
4611,756,133.58,1.0
4611,918,216.21,2.0
4612,171,201.72,3.0
4612,239,220.93,1.0
4612,487,,2.0
4612,584,245.83,2.0
4612,901,142.02,1.0
4613,235,239.95,3.0
4613,265,245.93,1.0
4613,318,68.99,1.0
4613,908,146.12,3.0
4614,173,65.65,1.0
4614,312,57.94,1.0
4614,424,246.7,3.0
4614,819,57.53,1.0
4614,939,113.97,3.0
4615,11,114.72,3.0
4615,186,233.84,1.0
4615,349,138.39,3.0
4615,455,235.33,3.0
4615,911,112.85,2.0
4616,160,97.07,3.0
4616,524,67.52,3.0
4616,549,87.59,3.0
4616,714,113.33,3.0
4616,750,149.73,2.0
4617,166,192.62,1.0
4617,554,228.02,3.0
4617,668,88.59,2.0
4618,571,179.32,3.0
4618,695,77.45,1.0
4618,767,106.78,3.0
4618,904,163.76,1.0
4618,910,142.16,2.0
4619,229,89.49,3.0
4619,273,216.8,3.0
4619,620,137.63,2.0
4619,906,93.79,2.0
4620,52,147.19,3.0
4620,361,82.42,3.0
4620,485,52.72,2.0
4620,831,208.58,3.0
4621,335,,3.0
4621,368,209.82,2.0
4621,732,247.41,2.0
4622,190,99.3,3.0
4622,284,191.93,3.0
4622,470,244.46,2.0
4622,471,,1.0
4622,860,91.93,1.0
4623,182,204.96,3.0
4623,216,87.98,3.0
4623,757,228.29,1.0
4623,853,151.97,2.0
4624,67,55.29,1.0
4624,423,221.14,
4624,445,232.1,2.0
4625,380,210.24,3.0
4625,592,195.71,2.0
4625,912,101.23,2.0
4625,937,164.51,2.0
4626,84,225.47,1.0
4626,274,,1.0
4626,736,173.14,
4627,161,109.19,3.0
4627,471,189.72,3.0
4627,791,169.28,
4627,937,164.51,2.0
4628,189,187.35,2.0
4628,214,67.39,1.0
4628,521,195.86,3.0
4629,313,223.73,1.0
4629,849,54.69,1.0
4629,852,239.79,1.0
4630,222,92.66,1.0
4630,243,188.05,2.0
4630,672,79.28,3.0
4630,955,151.86,1.0
4631,127,108.62,2.0
4631,150,213.11,1.0
4631,277,156.48,2.0
4631,959,239.53,1.0
4632,254,129.75,1.0
4632,618,208.82,1.0
4632,797,220.47,1.0
4632,900,247.74,1.0
4632,987,182.97,1.0
4633,256,114.14,2.0
4633,324,231.64,2.0
4633,356,144.51,2.0
4633,465,230.21,3.0
4633,479,160.63,3.0
4634,315,125.67,2.0
4634,378,,3.0
4634,533,91.11,3.0
4635,14,238.51,2.0
4635,149,209.72,1.0
4635,290,168.98,2.0
4635,843,218.71,1.0
4636,241,69.12,1.0
4636,348,203.33,2.0
4636,494,64.74,3.0
4636,784,,1.0
4636,812,119.48,3.0
4637,106,140.96,3.0
4637,291,181.87,1.0
4637,378,148.58,2.0
4637,929,197.89,2.0
4637,997,75.45,2.0
4638,202,214.72,2.0
4638,277,156.48,1.0
4638,300,173.53,3.0
4638,992,88.48,2.0
4639,443,244.96,3.0
4639,644,102.24,1.0
4639,876,227.05,1.0
4640,134,114.43,2.0
4640,267,119.48,3.0
4640,362,177.66,
4640,718,153.46,1.0
4641,81,223.52,2.0
4641,94,85.78,1.0
4641,250,,3.0
4641,530,215.96,3.0
4641,813,246.86,2.0
4642,369,83.25,1.0
4642,702,81.84,3.0
4642,901,142.02,2.0
4643,64,183.33,3.0
4643,262,114.64,3.0
4643,700,79.91,1.0
4643,881,150.03,
4644,38,,1.0
4644,142,,2.0
4644,244,204.28,1.0
4644,323,170.98,2.0
4644,476,164.01,3.0
4645,31,240.33,3.0
4645,165,,2.0
4645,276,245.17,2.0
4645,650,65.51,2.0
4645,817,216.7,1.0
4646,199,121.89,1.0
4646,709,92.58,2.0
4646,762,133.63,1.0
4647,156,204.33,2.0
4647,268,80.87,3.0
4647,404,95.37,1.0
4647,532,70.73,1.0
4647,811,,3.0
4648,37,65.77,3.0
4648,889,132.36,3.0
4648,939,113.97,2.0
4649,218,215.86,1.0
4649,433,,3.0
4649,672,79.28,1.0
4649,925,64.95,3.0
4649,999,66.5,2.0
4650,223,83.22,2.0
4650,343,70.29,1.0
4650,685,231.56,2.0
4650,756,133.58,
4651,465,230.21,1.0
4651,718,153.46,2.0
4651,790,125.07,2.0
4651,826,241.6,3.0
4652,75,154.27,3.0
4652,667,124.68,3.0
4652,795,127.79,1.0
4652,900,247.74,1.0
4652,987,182.97,3.0
4653,33,116.23,1.0
4653,591,61.38,3.0
4653,749,74.3,2.0
4654,311,160.61,2.0
4654,433,242.72,3.0
4654,449,80.11,2.0
4654,531,,1.0
4654,678,201.53,2.0
4655,10,62.55,3.0
4655,35,146.61,2.0
4655,245,,3.0
4655,771,76.39,3.0
4656,15,62.94,2.0
4656,155,116.62,1.0
4656,179,174.38,2.0
4656,305,147.13,1.0
4656,763,68.54,2.0
4657,97,83.87,1.0
4657,236,185.64,2.0
4657,634,112.99,3.0
4657,679,90.4,3.0
4657,739,196.68,1.0
4658,1,72.66,3.0
4658,277,156.48,2.0
4658,877,202.64,3.0
4659,229,89.49,1.0
4659,546,145.42,2.0
4659,547,186.62,2.0
4659,711,187.54,3.0
4659,772,103.65,1.0
4660,146,215.92,2.0
4660,404,95.37,1.0
4660,516,113.3,3.0
4660,553,128.85,3.0
4660,695,77.45,2.0
4661,859,67.61,3.0
4661,910,142.16,3.0
4661,958,198.75,3.0
4662,330,103.52,2.0
4662,355,140.68,1.0
4662,634,112.99,1.0
4662,703,171.58,1.0
4663,320,57.22,2.0
4663,393,188.3,1.0
4663,676,141.76,2.0
4664,108,66.24,3.0
4664,144,111.9,1.0
4664,814,160.37,
4664,840,135.48,3.0
4664,841,196.07,3.0
4665,196,82.73,1.0
4665,427,113.76,1.0
4665,471,189.72,
4665,666,109.41,2.0
4666,290,168.98,3.0
4666,538,232.66,3.0
4666,921,156.4,1.0
4667,122,69.72,2.0
4667,754,219.81,1.0
4667,937,164.51,1.0
4667,992,,2.0
4668,152,63.89,1.0
4668,243,188.05,3.0
4668,570,77.81,1.0
4668,836,244.73,3.0
4668,945,115.38,3.0
4669,359,196.99,3.0
4669,468,72.43,3.0
4669,865,150.88,2.0
4670,22,74.05,2.0
4670,298,69.9,3.0
4670,890,177.49,2.0
4671,319,57.58,2.0
4671,430,88.19,3.0
4671,445,232.1,1.0
4672,537,220.97,1.0
4672,606,79.36,1.0
4672,691,166.4,1.0
4672,730,167.65,2.0
4672,944,77.61,2.0
4673,149,209.72,3.0
4673,415,92.65,
4673,554,228.02,3.0
4673,753,54.32,3.0
4673,852,239.79,1.0
4674,13,236.18,3.0
4674,435,249.48,1.0
4674,835,163.93,3.0
4675,182,204.96,3.0
4675,544,244.85,1.0
4675,622,124.39,3.0
4675,820,51.21,1.0
4676,100,126.84,2.0
4676,404,95.37,3.0
4676,732,247.41,
4676,816,171.99,1.0
4677,117,,2.0
4677,174,141.85,1.0
4677,203,202.04,1.0
4677,250,184.37,1.0
4677,762,133.63,2.0
4678,710,139.0,3.0
4678,828,80.98,3.0
4678,958,198.75,2.0
4679,255,248.35,3.0
4679,482,129.89,2.0
4679,592,195.71,1.0
4679,633,116.68,2.0
4679,832,119.16,1.0
4680,38,104.28,3.0
4680,440,,2.0
4680,505,120.77,
4680,804,,3.0
4681,195,153.66,1.0
4681,552,96.49,1.0
4681,612,152.96,
4681,679,90.4,1.0
4681,830,56.52,2.0
4682,427,113.76,1.0
4682,671,204.75,2.0
4682,1000,133.67,1.0
4683,160,97.07,3.0
4683,362,177.66,2.0
4683,393,188.3,2.0
4683,421,66.61,
4683,829,95.21,1.0
4684,72,,3.0
4684,210,208.67,1.0
4684,415,92.65,2.0
4684,465,230.21,3.0
4685,312,57.94,3.0
4685,610,118.1,1.0
4685,664,199.35,1.0
4685,692,101.01,2.0
4685,847,163.66,3.0
4686,149,209.72,2.0
4686,670,60.76,3.0
4686,833,189.81,2.0
4686,928,235.84,3.0
4687,376,152.57,1.0
4687,461,171.34,1.0
4687,502,146.58,2.0
4688,490,134.37,
4688,672,79.28,1.0
4688,703,171.58,3.0
4688,794,112.71,3.0
4689,491,214.4,1.0
4689,683,143.94,1.0
4689,824,170.3,2.0
4689,999,66.5,1.0
4690,32,161.45,2.0
4690,43,116.23,2.0
4690,428,174.0,
4690,906,93.79,1.0
4690,941,60.5,3.0
4691,308,117.08,1.0
4691,371,51.0,
4691,944,77.61,3.0
4692,534,190.45,1.0
4692,648,230.35,2.0
4692,665,86.52,2.0
4693,174,141.85,2.0
4693,583,150.9,2.0
4693,931,122.11,2.0
4693,946,226.43,2.0
4693,957,117.34,2.0
4694,73,204.1,3.0
4694,427,113.76,3.0
4694,878,50.82,
4695,20,237.34,2.0
4695,42,226.48,1.0
4695,212,,2.0
4695,719,53.18,1.0
4696,223,83.22,2.0
4696,228,110.69,1.0
4696,697,,1.0
4696,819,57.53,1.0
4697,662,175.98,1.0
4697,805,159.55,3.0
4697,993,83.38,2.0
4698,194,185.69,2.0
4698,454,155.48,3.0
4698,690,239.97,1.0
4699,457,111.71,3.0
4699,478,,2.0
4699,679,90.4,1.0
4699,734,201.32,1.0
4700,701,209.76,3.0
4700,810,160.28,1.0
4700,992,88.48,1.0
4701,78,166.26,3.0
4701,184,218.95,3.0
4701,701,209.76,1.0
4701,710,139.0,3.0
4701,861,188.97,3.0
4702,103,67.22,2.0
4702,811,223.59,2.0
4702,925,64.95,3.0
4703,144,111.9,2.0
4703,281,242.32,1.0
4703,970,54.56,3.0
4704,104,173.39,3.0
4704,405,70.71,1.0
4704,762,133.63,2.0
4704,786,110.34,1.0
4704,954,104.74,3.0
4705,364,217.62,1.0
4705,526,217.47,3.0
4705,589,62.33,1.0
4705,718,153.46,2.0
4705,937,164.51,2.0
4706,523,229.28,1.0
4706,605,138.19,1.0
4706,648,230.35,2.0
4706,751,121.44,1.0
4707,647,99.37,3.0
4707,722,,1.0
4707,793,202.22,2.0
4707,806,146.82,1.0
4707,870,,3.0
4708,13,236.18,1.0
4708,138,221.92,2.0
4708,424,246.7,3.0
4709,69,153.27,2.0
4709,573,61.97,2.0
4709,728,246.11,3.0
4710,378,148.58,2.0
4710,462,77.21,3.0
4710,949,248.37,3.0
4710,952,245.6,3.0
4711,330,103.52,2.0
4711,371,51.0,2.0
4711,664,199.35,3.0
4711,745,180.42,
4712,119,151.13,1.0
4712,161,109.19,1.0
4712,742,153.3,3.0
4713,61,112.13,2.0
4713,709,92.58,2.0
4713,974,55.39,1.0
4714,318,68.99,1.0
4714,400,186.19,3.0
4714,553,128.85,3.0
4714,718,153.46,1.0
4715,585,178.27,1.0
4715,606,79.36,1.0
4715,679,90.4,1.0
4715,992,88.48,1.0
4716,21,184.17,3.0
4716,110,87.63,3.0
4716,515,,1.0
4717,14,,3.0
4717,341,125.25,1.0
4717,631,183.29,
4717,700,79.91,2.0
4718,206,148.94,2.0
4718,225,58.78,3.0
4718,709,92.58,3.0
4718,912,101.23,1.0
4719,55,238.3,1.0
4719,341,125.25,2.0
4719,832,119.16,2.0
4719,904,163.76,2.0
4720,220,168.73,3.0
4720,675,64.53,3.0
4720,706,124.5,1.0
4721,204,124.94,2.0
4721,323,170.98,3.0
4721,514,247.43,2.0
4722,58,231.34,3.0
4722,157,246.43,2.0
4722,211,92.17,1.0
4722,864,104.77,2.0
4723,189,187.35,2.0
4723,222,92.66,1.0
4723,430,88.19,2.0
4723,745,180.42,2.0
4723,811,223.59,3.0
4724,512,185.45,1.0
4724,745,180.42,2.0
4724,776,225.87,3.0
4725,30,207.25,3.0
4725,103,67.22,2.0
4725,523,229.28,3.0
4726,414,184.12,
4726,441,208.41,2.0
4726,482,129.89,2.0
4726,942,167.61,1.0
4727,253,211.86,1.0
4727,369,83.25,2.0
4727,478,155.47,1.0
4727,574,118.2,3.0
4727,937,164.51,2.0
4728,592,,2.0
4728,769,198.25,2.0
4728,871,243.22,2.0
4729,196,82.73,2.0
4729,398,118.83,1.0
4729,599,227.54,3.0
4729,839,124.12,1.0
4730,50,121.44,
4730,289,128.11,2.0
4730,744,231.74,2.0
4731,397,238.21,3.0
4731,412,242.29,3.0
4731,447,83.16,1.0
4732,114,164.82,2.0
4732,212,219.1,2.0
4732,364,217.62,1.0
4732,621,189.73,2.0
4732,830,56.52,3.0
4733,289,128.11,1.0
4733,316,159.68,3.0
4733,522,210.27,3.0
4734,209,151.17,1.0
4734,721,,3.0
4734,850,232.72,1.0
4735,519,180.71,3.0
4735,609,205.56,2.0
4735,963,,2.0
4735,968,166.73,2.0
4736,42,226.48,3.0
4736,632,218.24,3.0
4736,908,146.12,2.0
4736,970,54.56,3.0
4737,6,72.5,3.0
4737,579,202.8,3.0
4737,903,64.48,2.0
4738,90,180.87,2.0
4738,204,124.94,2.0
4738,679,90.4,1.0
4738,820,51.21,3.0
4738,830,56.52,2.0
4739,173,65.65,2.0
4739,524,67.52,2.0
4739,669,230.08,1.0
4739,953,61.07,3.0
4740,634,112.99,3.0
4740,703,171.58,2.0
4740,772,103.65,3.0
4741,26,181.39,3.0
4741,353,247.18,1.0
4741,495,127.08,3.0
4741,929,197.89,1.0
4742,15,62.94,1.0
4742,331,133.75,1.0
4742,435,249.48,2.0
4742,456,199.14,3.0
4742,913,156.18,
4743,37,65.77,2.0
4743,212,219.1,1.0
4743,394,,2.0
4743,562,205.86,3.0
4743,583,150.9,2.0
4744,32,161.45,3.0
4744,235,239.95,
4744,254,129.75,2.0
4744,369,83.25,2.0
4744,963,220.36,1.0
4745,103,67.22,3.0
4745,465,230.21,2.0
4745,877,202.64,3.0
4745,951,81.4,
4746,379,148.21,3.0
4746,788,213.43,3.0
4746,917,87.21,
4747,395,203.83,2.0
4747,431,208.24,2.0
4747,567,167.33,2.0
4748,27,76.78,2.0
4748,275,99.56,2.0
4748,307,197.91,1.0
4748,380,210.24,3.0
4749,177,131.35,1.0
4749,352,226.63,1.0
4749,663,130.57,1.0
4750,60,71.49,1.0
4750,646,191.41,1.0
4750,939,113.97,2.0
4751,200,230.67,2.0
4751,740,111.83,1.0
4751,743,180.58,3.0
4752,266,200.67,
4752,716,63.71,
4752,748,232.9,1.0
4752,938,92.58,2.0
4753,155,,1.0
4753,386,208.73,2.0
4753,409,121.46,3.0
4753,815,75.93,2.0
4753,838,124.38,1.0
4754,13,236.18,2.0
4754,415,92.65,1.0
4754,753,54.32,3.0
4754,939,113.97,1.0
4755,517,106.05,
4755,570,77.81,1.0
4755,740,,1.0
4756,91,,1.0
4756,333,184.45,2.0
4756,421,66.61,1.0
4756,885,65.26,3.0
4757,82,95.97,2.0
4757,205,56.5,2.0
4757,339,52.62,3.0
4757,488,80.54,2.0
4757,840,135.48,2.0
4758,110,87.63,1.0
4758,114,164.82,
4758,342,91.83,3.0
4758,445,,3.0
4759,31,240.33,1.0
4759,313,223.73,2.0
4759,512,185.45,3.0
4759,593,97.97,3.0
4759,747,241.7,1.0
4760,570,77.81,2.0
4760,825,100.58,2.0
4760,835,163.93,1.0
4760,883,133.41,3.0
4761,84,225.47,3.0
4761,128,94.73,1.0
4761,204,124.94,2.0
4761,442,105.37,2.0
4761,562,205.86,1.0
4762,52,147.19,1.0
4762,402,101.5,1.0
4762,427,113.76,2.0
4762,582,195.63,1.0
4762,710,139.0,1.0
4763,152,63.89,1.0
4763,233,243.92,1.0
4763,376,,1.0
4763,465,230.21,2.0
4763,470,244.46,2.0
4764,157,246.43,2.0
4764,452,125.45,3.0
4764,524,67.52,2.0
4764,864,104.77,2.0
4764,994,59.99,1.0
4765,502,146.58,2.0
4765,753,54.32,2.0
4765,842,107.24,3.0
4765,905,98.14,3.0
4765,994,59.99,3.0
4766,86,192.31,3.0
4766,103,67.22,3.0
4766,124,139.26,2.0
4766,496,145.41,1.0
4766,683,143.94,1.0
4767,359,196.99,3.0
4767,632,218.24,1.0
4767,672,79.28,2.0
4768,60,71.49,2.0
4768,247,,1.0
4768,541,184.84,1.0
4769,180,136.21,2.0
4769,681,235.72,3.0
4769,692,101.01,2.0
4770,398,118.83,3.0
4770,720,225.01,2.0
4770,763,68.54,3.0
4771,38,104.28,1.0
4771,194,,3.0
4771,219,237.76,1.0
4771,308,117.08,1.0
4772,278,100.46,
4772,650,65.51,2.0
4772,907,121.43,2.0
4772,925,64.95,
4773,59,80.92,
4773,643,98.94,1.0
4773,670,60.76,2.0
4773,762,133.63,3.0
4774,172,103.8,1.0
4774,702,81.84,2.0
4774,768,230.68,2.0
4775,249,224.27,1.0
4775,728,246.11,1.0
4775,842,107.24,3.0
4776,30,207.25,3.0
4776,127,108.62,
4776,511,219.43,1.0
4776,529,69.77,1.0
4776,625,71.81,1.0
4777,444,62.33,1.0
4777,540,162.04,2.0
4777,643,98.94,2.0
4777,864,104.77,1.0
4778,282,216.11,2.0
4778,304,208.6,3.0
4778,374,86.56,2.0
4778,756,133.58,3.0
4778,862,160.96,1.0
4779,247,207.42,1.0
4779,649,160.83,3.0
4779,809,66.18,3.0
4779,873,148.67,2.0
4780,278,100.46,1.0
4780,287,109.88,3.0
4780,552,96.49,3.0
4780,712,151.86,1.0
4780,873,148.67,1.0
4781,209,151.17,2.0
4781,361,82.42,2.0
4781,739,196.68,2.0
4782,143,72.98,3.0
4782,179,174.38,3.0
4782,260,87.94,3.0
4782,358,134.49,1.0
4783,135,81.29,3.0
4783,364,217.62,3.0
4783,925,64.95,1.0
4784,34,62.0,1.0
4784,292,214.47,1.0
4784,658,165.29,
4784,846,95.98,1.0
4785,562,205.86,2.0
4785,589,62.33,2.0
4785,778,,1.0
4786,154,146.97,2.0
4786,527,157.45,1.0
4786,537,220.97,1.0
4786,822,132.13,2.0
4787,113,102.99,3.0
4787,463,198.51,2.0
4787,634,112.99,2.0
4788,11,114.72,3.0
4788,76,90.52,2.0
4788,235,239.95,1.0
4788,642,157.65,3.0
4788,795,127.79,1.0
4789,48,90.11,3.0
4789,315,125.67,3.0
4789,878,50.82,3.0
4790,87,150.25,
4790,197,220.79,
4790,559,164.08,2.0
4790,793,202.22,2.0
4790,861,188.97,3.0
4791,130,121.41,1.0
4791,388,231.18,1.0
4791,675,64.53,3.0
4791,852,239.79,3.0
4792,61,112.13,1.0
4792,172,103.8,3.0
4792,190,99.3,2.0
4792,523,229.28,1.0
4792,745,180.42,3.0
4793,281,242.32,1.0
4793,346,96.77,3.0
4793,472,63.46,1.0
4793,507,226.65,2.0
4793,981,60.43,2.0
4794,177,131.35,2.0
4794,382,138.74,3.0
4794,450,148.27,1.0
4794,780,73.93,3.0
4794,850,232.72,2.0
4795,212,219.1,3.0
4795,687,176.38,2.0
4795,874,173.76,3.0
4796,130,121.41,1.0
4796,273,216.8,3.0
4796,840,135.48,1.0
4796,846,,3.0
4797,112,97.85,3.0
4797,122,69.72,1.0
4797,193,142.88,
4798,177,131.35,1.0
4798,324,231.64,3.0
4798,910,142.16,1.0
4799,250,184.37,2.0
4799,478,155.47,3.0
4799,524,67.52,3.0
4799,912,101.23,3.0
4800,162,,3.0
4800,297,146.37,2.0
4800,599,227.54,2.0
4800,966,206.2,1.0
4801,110,87.63,2.0
4801,309,124.79,1.0
4801,360,125.34,1.0
4801,776,225.87,3.0
4802,108,66.24,1.0
4802,366,106.38,3.0
4802,574,118.2,3.0
4803,218,215.86,1.0
4803,289,128.11,3.0
4803,419,183.25,2.0
4803,713,120.97,2.0
4804,20,237.34,1.0
4804,289,128.11,3.0
4804,444,62.33,2.0
4804,836,244.73,1.0
4804,938,92.58,
4805,168,62.42,2.0
4805,279,200.37,1.0
4805,530,,2.0
4805,1000,133.67,3.0
4806,302,124.05,1.0
4806,306,196.65,2.0
4806,493,173.08,2.0
4806,579,202.8,2.0
4806,688,62.79,3.0
4807,101,141.82,3.0
4807,419,183.25,2.0
4807,761,78.05,2.0
4808,74,172.32,3.0
4808,660,185.42,2.0
4808,712,151.86,1.0
4809,458,243.84,3.0
4809,809,66.18,2.0
4809,964,106.28,1.0
4810,374,86.56,1.0
4810,677,239.14,2.0
4810,844,133.38,1.0
4811,173,65.65,3.0
4811,340,67.14,1.0
4811,435,249.48,2.0
4811,826,241.6,3.0
4811,835,163.93,2.0
4812,30,207.25,2.0
4812,115,178.84,1.0
4812,623,118.18,1.0
4812,780,73.93,3.0
4813,148,241.66,2.0
4813,430,88.19,1.0
4813,490,134.37,1.0
4813,643,98.94,3.0
4813,750,149.73,2.0
4814,242,142.14,1.0
4814,362,177.66,3.0
4814,844,133.38,3.0
4814,879,107.5,1.0
4815,8,63.45,1.0
4815,282,216.11,3.0
4815,736,173.14,1.0
4816,9,214.61,3.0
4816,554,228.02,1.0
4816,774,226.25,3.0
4816,792,237.91,1.0
4816,872,159.66,2.0
4817,420,55.79,1.0
4817,483,109.71,2.0
4817,698,86.52,2.0
4817,954,104.74,2.0
4818,327,149.0,1.0
4818,413,207.64,2.0
4818,688,,1.0
4818,736,173.14,1.0
4818,844,133.38,1.0
4819,120,183.66,1.0
4819,309,124.79,1.0
4819,594,196.51,
4819,796,213.28,2.0
4820,209,151.17,3.0
4820,312,57.94,2.0
4820,512,185.45,3.0
4820,808,233.39,3.0
4821,597,208.18,2.0
4821,951,81.4,1.0
4821,964,106.28,1.0
4822,7,95.98,3.0
4822,188,105.53,3.0
4822,215,152.98,3.0
4822,680,149.96,1.0
4822,798,80.05,1.0
4823,237,115.28,2.0
4823,374,86.56,3.0
4823,381,56.19,
4823,419,183.25,2.0
4823,982,96.15,2.0
4824,222,92.66,1.0
4824,297,146.37,3.0
4824,488,80.54,1.0
4824,701,209.76,2.0
4824,893,195.69,2.0
4825,31,240.33,1.0
4825,253,211.86,3.0
4825,269,81.71,1.0
4826,160,97.07,1.0
4826,299,70.27,2.0
4826,387,,2.0
4826,866,178.4,3.0
4827,350,61.9,3.0
4827,382,138.74,
4827,747,,2.0
4827,789,138.29,1.0
4827,821,119.15,
4828,261,71.6,2.0
4828,706,124.5,3.0
4828,890,177.49,3.0
4829,240,189.89,2.0
4829,321,129.7,1.0
4829,678,,3.0
4829,784,112.27,1.0
4829,840,135.48,2.0
4830,157,,3.0
4830,282,216.11,1.0
4830,490,134.37,1.0
4830,491,214.4,1.0
4831,102,227.13,1.0
4831,104,173.39,1.0
4831,146,215.92,2.0
4831,294,237.5,1.0
4831,476,164.01,3.0
4832,93,202.8,1.0
4832,130,121.41,3.0
4832,215,152.98,3.0
4832,326,173.51,1.0
4832,598,119.08,1.0
4833,304,208.6,2.0
4833,605,138.19,2.0
4833,617,70.77,3.0
4833,757,228.29,3.0
4833,797,220.47,2.0
4834,206,148.94,1.0
4834,279,200.37,1.0
4834,460,89.74,2.0
4834,792,237.91,2.0
4834,902,98.7,2.0
4835,314,,3.0
4835,706,124.5,1.0
4835,780,73.93,3.0
4835,876,227.05,1.0
4835,944,77.61,3.0
4836,37,65.77,2.0
4836,278,100.46,3.0
4836,318,68.99,3.0
4836,433,242.72,1.0
4837,157,246.43,3.0
4837,786,110.34,3.0
4837,826,241.6,2.0
4838,20,237.34,2.0
4838,320,57.22,2.0
4838,772,103.65,3.0
4839,307,197.91,1.0
4839,519,180.71,
4839,834,127.56,1.0
4839,864,104.77,1.0
4840,181,120.56,
4840,420,55.79,3.0
4840,886,76.08,1.0
4840,990,76.1,3.0
4841,260,87.94,1.0
4841,401,227.82,3.0
4841,688,62.79,1.0
4841,785,249.16,3.0
4842,71,86.5,3.0
4842,141,140.89,3.0
4842,425,235.7,2.0
4842,453,152.15,1.0
4842,487,141.3,3.0
4843,128,94.73,1.0
4843,183,126.36,2.0
4843,751,121.44,1.0
4843,989,218.85,2.0
4844,96,171.87,3.0
4844,129,200.64,
4844,602,86.81,3.0
4844,760,226.3,
4844,966,206.2,1.0
4845,263,93.74,2.0
4845,316,159.68,3.0
4845,633,116.68,3.0
4845,691,166.4,3.0
4845,993,83.38,1.0
4846,158,118.43,2.0
4846,233,243.92,
4846,909,203.1,3.0
4847,75,154.27,2.0
4847,222,92.66,2.0
4847,347,136.1,1.0
4847,897,153.0,3.0
4848,55,238.3,2.0
4848,295,225.4,3.0
4848,902,98.7,1.0
4848,918,216.21,2.0
4849,91,176.48,3.0
4849,368,209.82,
4849,674,155.82,3.0
4850,376,152.57,1.0
4850,554,228.02,2.0
4850,637,56.45,2.0
4850,853,151.97,2.0
4851,348,203.33,1.0
4851,637,56.45,2.0
4851,780,73.93,1.0
4851,956,212.49,2.0
4852,591,61.38,2.0
4852,851,221.01,1.0
4852,881,150.03,
4853,365,153.13,3.0
4853,481,115.71,2.0
4853,911,112.85,3.0
4854,38,104.28,3.0
4854,395,203.83,2.0
4854,818,78.09,3.0
4855,601,189.18,2.0
4855,608,220.66,1.0
4855,683,,3.0
4855,798,80.05,1.0
4856,77,61.77,3.0
4856,219,237.76,2.0
4856,638,68.44,1.0
4856,641,59.05,1.0
4856,847,163.66,3.0
4857,516,113.3,1.0
4857,573,61.97,1.0
4857,843,218.71,3.0
4857,865,150.88,3.0
4857,947,201.85,1.0
4858,103,67.22,1.0
4858,481,115.71,1.0
4858,702,81.84,3.0
4859,35,146.61,3.0
4859,184,218.95,2.0
4859,218,215.86,3.0
4860,31,240.33,3.0
4860,813,246.86,2.0
4860,966,206.2,2.0
4861,47,95.83,3.0
4861,276,245.17,2.0
4861,726,122.98,3.0
4862,12,114.63,1.0
4862,285,177.93,3.0
4862,628,237.6,2.0
4863,87,150.25,2.0
4863,296,,1.0
4863,569,160.56,3.0
4864,262,114.64,3.0
4864,652,150.27,2.0
4864,692,101.01,2.0
4865,196,82.73,1.0
4865,295,225.4,1.0
4865,315,,1.0
4866,236,185.64,2.0
4866,282,216.11,2.0
4866,655,106.97,1.0
4867,494,64.74,2.0
4867,633,116.68,3.0
4867,851,221.01,2.0
4868,41,141.64,2.0
4868,710,139.0,3.0
4868,868,163.34,2.0
4868,872,159.66,3.0
4869,213,206.95,2.0
4869,301,236.73,1.0
4869,619,134.73,1.0
4869,858,219.38,3.0
4870,223,83.22,3.0
4870,338,118.52,3.0
4870,638,68.44,2.0
4871,305,147.13,3.0
4871,536,162.12,1.0
4871,736,173.14,3.0
4871,762,133.63,3.0
4872,37,65.77,1.0
4872,626,95.95,1.0
4872,665,86.52,3.0
4872,700,79.91,3.0
4872,956,212.49,3.0
4873,260,87.94,3.0
4873,455,235.33,2.0
4873,546,145.42,1.0
4873,745,180.42,1.0
4873,777,176.22,2.0
4874,88,,3.0
4874,488,80.54,1.0
4874,552,96.49,1.0
4874,793,202.22,2.0
4875,232,208.43,2.0
4875,249,224.27,
4875,450,148.27,2.0
4875,813,246.86,2.0
4875,858,219.38,3.0
4876,59,80.92,
4876,309,124.79,2.0
4876,406,192.02,2.0
4876,630,160.61,3.0
4877,200,230.67,3.0
4877,247,207.42,3.0
4877,489,65.95,3.0
4877,504,208.11,3.0
4878,584,245.83,2.0
4878,617,,1.0
4878,711,187.54,1.0
4879,291,181.87,1.0
4879,346,96.77,3.0
4879,436,170.1,3.0
4879,939,113.97,1.0
4880,3,132.41,2.0
4880,357,77.1,2.0
4880,629,195.26,2.0
4881,29,62.51,2.0
4881,361,82.42,2.0
4881,813,246.86,1.0
4882,73,204.1,3.0
4882,228,110.69,2.0
4882,379,148.21,2.0
4882,653,82.55,3.0
4882,775,131.39,2.0
4883,168,62.42,3.0
4883,347,136.1,1.0
4883,602,86.81,3.0
4884,70,135.13,
4884,143,72.98,2.0
4884,369,83.25,2.0
4884,395,,3.0
4884,706,124.5,1.0
4885,60,71.49,2.0
4885,149,209.72,3.0
4885,157,246.43,1.0
4885,197,220.79,2.0
4886,286,159.85,3.0
4886,688,62.79,2.0
4886,736,173.14,3.0
4886,757,228.29,3.0
4886,935,98.57,2.0
4887,416,141.33,1.0
4887,989,218.85,2.0
4887,994,,1.0
4888,222,92.66,2.0
4888,524,67.52,3.0
4888,540,162.04,2.0
4888,873,148.67,3.0
4888,877,202.64,2.0
4889,123,79.64,3.0
4889,333,184.45,3.0
4889,603,153.0,2.0
4889,852,239.79,3.0
4889,986,94.04,2.0
4890,110,87.63,2.0
4890,623,118.18,1.0
4890,624,67.8,3.0
4890,926,64.91,3.0
4890,993,83.38,1.0
4891,430,88.19,2.0
4891,642,157.65,3.0
4891,759,239.0,2.0
4891,900,247.74,
4892,137,110.1,1.0
4892,270,127.17,2.0
4892,646,191.41,1.0
4892,781,181.2,1.0
4892,863,183.04,1.0
4893,94,85.78,1.0
4893,159,170.35,2.0
4893,252,195.57,1.0
4893,618,208.82,3.0
4893,796,,1.0
4894,507,226.65,1.0
4894,610,118.1,3.0
4894,652,150.27,2.0
4894,745,180.42,2.0
4894,898,208.88,3.0
4895,28,96.21,3.0
4895,392,113.94,2.0
4895,415,92.65,3.0
4895,820,51.21,2.0
4896,144,111.9,3.0
4896,224,226.21,3.0
4896,491,214.4,2.0
4896,502,146.58,2.0
4896,972,143.26,2.0
4897,147,177.18,3.0
4897,370,176.52,3.0
4897,464,191.8,3.0
4897,884,107.9,3.0
4897,938,92.58,2.0
4898,3,132.41,3.0
4898,431,,3.0
4898,602,,2.0
4899,425,235.7,3.0
4899,590,153.28,1.0
4899,671,204.75,1.0
4899,719,53.18,1.0
4899,835,163.93,1.0
4900,231,229.82,2.0
4900,541,184.84,3.0
4900,566,122.7,2.0
4900,687,176.38,1.0
4900,865,150.88,1.0
4901,15,62.94,2.0
4901,95,222.28,3.0
4901,112,97.85,
4901,519,180.71,1.0
4902,46,83.22,3.0
4902,582,195.63,2.0
4902,723,176.43,2.0
4903,170,105.05,2.0
4903,258,67.56,1.0
4903,273,216.8,2.0
4903,599,227.54,3.0
4903,806,146.82,
4904,117,85.95,1.0
4904,208,57.13,
4904,369,83.25,1.0
4905,5,165.12,1.0
4905,134,114.43,2.0
4905,628,,2.0
4905,640,97.33,1.0
4905,981,60.43,3.0
4906,549,87.59,2.0
4906,567,167.33,1.0
4906,592,195.71,3.0
4906,603,153.0,1.0
4906,903,64.48,3.0
4907,23,203.41,3.0
4907,361,82.42,1.0
4907,698,86.52,1.0
4908,357,77.1,2.0
4908,582,195.63,3.0
4908,620,137.63,1.0
4908,717,207.78,2.0
4909,370,176.52,2.0
4909,466,220.25,1.0
4909,509,94.66,3.0
4909,937,164.51,1.0
4910,50,121.44,3.0
4910,92,168.26,1.0
4910,293,168.57,
4910,397,238.21,2.0
4910,533,91.11,2.0
4911,728,246.11,3.0
4911,778,149.89,1.0
4911,864,104.77,2.0
4912,336,229.24,1.0
4912,517,106.05,1.0
4912,653,82.55,2.0
4912,796,213.28,1.0
4912,942,167.61,2.0
4913,308,117.08,2.0
4913,347,,2.0
4913,413,207.64,3.0
4913,631,183.29,2.0
4914,292,214.47,1.0
4914,740,111.83,3.0
4914,783,125.75,2.0
4914,903,64.48,2.0
4914,973,79.62,3.0
4915,217,78.51,2.0
4915,303,,1.0
4915,494,64.74,3.0
4915,708,191.55,2.0
4915,819,57.53,1.0
4916,105,232.06,2.0
4916,213,206.95,2.0
4916,587,62.1,1.0
4917,20,237.34,2.0
4917,477,245.15,2.0
4917,769,198.25,3.0
4917,793,202.22,3.0
4917,882,191.38,2.0
4918,291,181.87,2.0
4918,309,124.79,1.0
4918,546,145.42,1.0
4918,867,92.12,2.0
4918,869,192.32,1.0
4919,797,220.47,3.0
4919,849,54.69,3.0
4919,987,182.97,2.0
4920,32,161.45,3.0
4920,135,81.29,2.0
4920,267,119.48,2.0
4920,346,96.77,1.0
4921,252,195.57,2.0
4921,903,64.48,2.0
4921,944,77.61,
4922,185,134.78,1.0
4922,418,104.84,3.0
4922,551,162.25,3.0
4923,61,112.13,3.0
4923,274,,3.0
4923,711,187.54,3.0
4924,24,247.44,2.0
4924,69,153.27,2.0
4924,513,234.35,1.0
4924,690,239.97,1.0
4925,1,72.66,1.0
4925,56,162.42,
4925,220,168.73,3.0
4925,596,195.79,2.0
4925,681,235.72,1.0
4926,467,176.42,2.0
4926,666,109.41,2.0
4926,778,149.89,2.0
4926,867,92.12,3.0
4927,764,184.08,2.0
4927,807,198.27,
4927,876,227.05,1.0
4927,949,248.37,2.0
4928,166,192.62,3.0
4928,546,145.42,3.0
4928,774,226.25,2.0
4929,313,223.73,3.0
4929,553,128.85,3.0
4929,588,151.91,2.0
4929,775,131.39,2.0
4929,806,146.82,1.0
4930,112,97.85,2.0
4930,737,127.14,2.0
4930,791,169.28,3.0
4931,272,73.28,1.0
4931,731,207.18,3.0
4931,804,232.19,3.0
4931,905,98.14,1.0
4932,676,141.76,3.0
4932,740,111.83,3.0
4932,789,138.29,3.0
4932,998,168.56,2.0
4933,29,62.51,3.0
4933,179,174.38,1.0
4933,237,115.28,2.0
4933,266,200.67,2.0
4933,789,138.29,2.0
4934,67,55.29,2.0
4934,222,92.66,3.0
4934,923,149.87,1.0
4935,121,152.74,1.0
4935,123,,2.0
4935,641,59.05,1.0
4935,664,199.35,3.0
4935,856,233.37,1.0
4936,24,247.44,2.0
4936,62,84.49,2.0
4936,119,151.13,1.0
4936,325,149.23,3.0
4936,973,79.62,2.0
4937,289,128.11,2.0
4937,315,125.67,1.0
4937,499,165.93,2.0
4937,559,164.08,3.0
4937,785,249.16,1.0
4938,158,118.43,1.0
4938,174,141.85,2.0
4938,370,176.52,3.0
4938,469,,1.0
4939,64,,1.0
4939,304,208.6,
4939,362,177.66,2.0
4939,638,68.44,1.0
4940,90,180.87,2.0
4940,305,147.13,3.0
4940,512,185.45,1.0
4940,952,245.6,3.0
4941,153,92.66,1.0
4941,621,189.73,3.0
4941,685,231.56,3.0
4942,481,115.71,2.0
4942,553,128.85,3.0
4942,598,119.08,3.0
4942,967,,3.0
4943,265,245.93,2.0
4943,369,83.25,1.0
4943,382,138.74,3.0
4944,46,83.22,2.0
4944,525,201.26,
4944,716,63.71,3.0
4945,49,,1.0
4945,86,192.31,2.0
4945,972,143.26,1.0
4946,301,236.73,3.0
4946,472,,1.0
4946,518,232.96,1.0
4947,2,80.34,1.0
4947,177,131.35,2.0
4947,527,157.45,2.0
4947,902,98.7,2.0
4947,999,66.5,
4948,89,81.47,1.0
4948,221,142.79,2.0
4948,530,215.96,1.0
4948,663,130.57,1.0
4949,307,197.91,2.0
4949,618,208.82,2.0
4949,866,178.4,1.0
4950,395,203.83,1.0
4950,438,131.49,3.0
4950,647,99.37,3.0
4951,309,124.79,1.0
4951,341,125.25,2.0
4951,775,131.39,2.0
4952,158,118.43,1.0
4952,410,70.81,1.0
4952,424,246.7,3.0
4952,522,210.27,3.0
4952,868,,2.0
4953,169,116.7,2.0
4953,395,203.83,2.0
4953,570,77.81,3.0
4953,818,78.09,2.0
4953,821,119.15,1.0
4954,95,222.28,1.0
4954,183,126.36,2.0
4954,511,219.43,3.0
4954,745,180.42,3.0
4955,353,247.18,2.0
4955,520,171.69,3.0
4955,936,157.52,
4956,106,140.96,2.0
4956,149,209.72,3.0
4956,472,63.46,3.0
4956,996,196.78,1.0
4957,256,114.14,3.0
4957,312,57.94,2.0
4957,414,184.12,3.0
4957,441,208.41,3.0
4957,874,173.76,1.0
4958,110,87.63,1.0
4958,219,237.76,1.0
4958,601,,2.0
4958,732,247.41,2.0
4959,466,,1.0
4959,679,,2.0
4959,736,173.14,1.0
4959,776,225.87,2.0
4960,42,226.48,3.0
4960,193,142.88,2.0
4960,312,,1.0
4960,390,82.52,1.0
4961,619,134.73,3.0
4961,683,143.94,
4961,697,77.43,2.0
4962,703,171.58,3.0
4962,820,51.21,
4962,842,107.24,3.0
4962,881,150.03,3.0
4963,353,247.18,3.0
4963,852,239.79,2.0
4963,894,88.22,1.0
4964,639,110.99,3.0
4964,658,165.29,2.0
4964,672,79.28,3.0
4964,817,216.7,1.0
4965,6,72.5,1.0
4965,62,84.49,3.0
4965,810,160.28,3.0
4966,266,200.67,2.0
4966,765,189.72,1.0
4966,814,160.37,2.0
4966,935,98.57,1.0
4966,981,60.43,1.0
4967,76,90.52,1.0
4967,256,114.14,
4967,572,87.01,3.0
4967,682,103.7,2.0
4968,32,161.45,1.0
4968,400,186.19,2.0
4968,634,112.99,3.0
4968,772,103.65,3.0
4968,950,209.25,2.0
4969,7,95.98,2.0
4969,173,65.65,1.0
4969,538,232.66,2.0
4969,708,191.55,2.0
4969,731,207.18,
4970,58,231.34,3.0
4970,73,204.1,1.0
4970,959,239.53,3.0
4971,39,200.01,2.0
4971,312,57.94,
4971,344,85.83,3.0
4971,452,125.45,2.0
4971,808,233.39,2.0
4972,673,71.97,2.0
4972,773,148.67,3.0
4972,986,94.04,1.0
4973,134,114.43,3.0
4973,441,208.41,1.0
4973,532,70.73,3.0
4973,753,54.32,3.0
4974,434,199.38,3.0
4974,631,183.29,2.0
4974,872,159.66,1.0
4975,234,194.51,3.0
4975,301,236.73,3.0
4975,355,140.68,
4975,738,185.7,3.0
4975,790,125.07,2.0
4976,14,,3.0
4976,438,131.49,2.0
4976,640,97.33,1.0
4976,672,79.28,2.0
4976,736,173.14,1.0
4977,90,180.87,3.0
4977,468,72.43,2.0
4977,867,92.12,
4978,35,146.61,
4978,40,146.27,1.0
4978,895,187.0,1.0
4978,924,196.23,2.0
4979,68,206.01,1.0
4979,421,66.61,2.0
4979,599,227.54,2.0
4979,709,92.58,1.0
4979,764,184.08,1.0
4980,188,105.53,2.0
4980,291,181.87,2.0
4980,391,185.14,
4980,825,100.58,2.0
4981,117,85.95,
4981,545,128.32,1.0
4981,712,151.86,3.0
4981,755,198.93,1.0
4981,891,,2.0
4982,105,232.06,1.0
4982,313,223.73,3.0
4982,425,235.7,1.0
4982,476,164.01,2.0
4982,783,,2.0
4983,152,63.89,1.0
4983,447,83.16,2.0
4983,903,64.48,3.0
4983,943,173.92,2.0
4983,983,78.57,3.0
4984,326,173.51,2.0
4984,437,224.5,3.0
4984,447,83.16,2.0
4984,617,70.77,1.0
4985,214,67.39,1.0
4985,358,134.49,2.0
4985,368,209.82,2.0
4985,438,131.49,2.0
4985,449,80.11,3.0
4986,248,124.74,2.0
4986,391,185.14,3.0
4986,514,247.43,1.0
4986,815,75.93,1.0
4986,943,173.92,1.0
4987,54,84.5,3.0
4987,275,99.56,3.0
4987,684,248.13,2.0
4987,956,212.49,3.0
4988,284,191.93,2.0
4988,337,160.66,3.0
4988,697,77.43,1.0
4988,915,239.01,1.0
4989,36,197.14,3.0
4989,107,123.53,1.0
4989,629,195.26,1.0
4989,835,163.93,1.0
4989,857,60.36,1.0
4990,242,142.14,3.0
4990,265,245.93,1.0
4990,413,207.64,2.0
4990,499,165.93,1.0
4990,705,91.17,3.0
4991,83,125.49,3.0
4991,122,69.72,3.0
4991,226,177.91,3.0
4991,973,79.62,3.0
4991,992,88.48,1.0
4992,365,153.13,2.0
4992,593,97.97,2.0
4992,712,151.86,1.0
4992,730,,3.0
4992,895,187.0,3.0
4993,303,134.23,1.0
4993,356,144.51,1.0
4993,458,243.84,1.0
4994,71,86.5,1.0
4994,96,171.87,
4994,241,69.12,2.0
4994,353,247.18,3.0
4994,660,185.42,3.0
4995,98,246.81,1.0
4995,213,206.95,1.0
4995,276,,1.0
4995,988,225.45,1.0
4996,432,56.08,1.0
4996,593,97.97,1.0
4996,670,60.76,3.0
4996,808,233.39,3.0
4997,159,170.35,3.0
4997,223,83.22,3.0
4997,480,185.48,1.0
4998,269,81.71,3.0
4998,329,,1.0
4998,418,104.84,2.0
4998,872,159.66,2.0
4999,45,170.78,3.0
4999,391,185.14,3.0
4999,783,125.75,1.0
5000,642,157.65,2.0
5000,679,90.4,1.0
5000,816,171.99,3.0
5000,934,84.39,1.0
5000,970,54.56,2.0
5001,166,192.62,1.0
5001,689,132.29,3.0
5001,965,239.42,1.0
5001,972,,3.0
5002,143,72.98,2.0
5002,564,228.93,1.0
5002,812,119.48,2.0
5002,931,122.11,1.0
5002,949,248.37,3.0
5003,249,224.27,1.0
5003,431,208.24,1.0
5003,804,232.19,2.0
5003,828,80.98,1.0
5003,892,164.04,2.0
5004,165,69.55,
5004,251,60.23,1.0
5004,816,171.99,3.0
5004,918,216.21,2.0
5005,172,103.8,1.0
5005,283,124.19,
5005,623,118.18,3.0
5005,951,81.4,3.0
5006,76,90.52,2.0
5006,575,124.4,3.0
5006,696,231.65,3.0
5006,800,76.15,3.0
5006,809,66.18,3.0
5007,41,141.64,3.0
5007,541,184.84,3.0
5007,666,109.41,2.0
5007,699,,3.0
5007,829,95.21,3.0
5008,16,196.57,3.0
5008,36,197.14,3.0
5008,162,76.84,1.0
5008,204,124.94,
5008,776,225.87,3.0
5009,53,60.45,3.0
5009,179,174.38,1.0
5009,275,99.56,2.0
5009,526,217.47,
5009,765,189.72,1.0
5010,142,56.89,2.0
5010,233,243.92,1.0
5010,582,195.63,2.0
5010,734,201.32,2.0
5011,32,161.45,1.0
5011,511,219.43,1.0
5011,726,122.98,1.0
5011,791,169.28,
5012,28,96.21,1.0
5012,221,142.79,2.0
5012,650,65.51,1.0
5012,899,199.38,1.0
5013,402,101.5,2.0
5013,766,249.63,2.0
5013,875,127.14,1.0
5014,466,220.25,1.0
5014,556,246.31,2.0
5014,825,100.58,2.0
5015,116,247.88,2.0
5015,256,114.14,1.0
5015,738,185.7,3.0
5015,740,111.83,2.0
5015,922,246.25,2.0
5016,352,226.63,
5016,451,,2.0
5016,535,167.78,1.0
5016,567,167.33,3.0
5016,982,96.15,2.0
5017,9,,3.0
5017,24,247.44,2.0
5017,77,61.77,
5017,360,125.34,3.0
5018,291,,1.0
5018,677,239.14,1.0
5018,717,207.78,1.0
5018,748,232.9,2.0
5018,987,182.97,3.0
5019,32,161.45,1.0
5019,137,110.1,2.0
5019,172,103.8,1.0
5019,182,204.96,2.0
5019,617,,1.0
5020,47,95.83,3.0
5020,308,117.08,1.0
5020,431,,2.0
5020,644,102.24,1.0
5020,800,76.15,3.0
5021,110,87.63,3.0
5021,335,146.92,1.0
5021,726,122.98,2.0
5021,854,155.1,2.0
5021,896,238.61,1.0
5022,99,224.99,2.0
5022,266,200.67,2.0
5022,607,222.02,3.0
5022,670,60.76,1.0
5023,34,62.0,2.0
5023,371,51.0,3.0
5023,416,141.33,2.0
5023,802,158.8,3.0
5024,142,56.89,3.0
5024,402,101.5,2.0
5024,524,67.52,1.0
5024,640,97.33,1.0
5025,541,184.84,
5025,557,102.94,3.0
5025,655,106.97,3.0
5025,754,219.81,2.0
5025,778,149.89,1.0
5026,19,146.71,1.0
5026,133,240.19,2.0
5026,238,203.38,2.0
5026,249,224.27,2.0
5027,13,236.18,2.0
5027,141,140.89,1.0
5027,368,209.82,1.0
5027,449,80.11,1.0
5027,699,230.12,1.0
5028,141,140.89,1.0
5028,496,145.41,2.0
5028,628,237.6,3.0
5029,56,162.42,3.0
5029,572,87.01,2.0
5029,575,124.4,3.0
5029,852,239.79,2.0
5029,959,239.53,3.0
5030,92,168.26,2.0
5030,721,107.84,2.0
5030,935,98.57,3.0
5031,22,74.05,3.0
5031,87,150.25,1.0
5031,111,209.87,2.0
5031,454,155.48,1.0
5031,659,163.96,3.0
5032,171,201.72,2.0
5032,542,229.25,2.0
5032,731,207.18,3.0
5033,210,208.67,3.0
5033,269,81.71,1.0
5033,723,176.43,
5033,754,219.81,1.0
5033,916,233.11,1.0
5034,19,146.71,3.0
5034,48,90.11,3.0
5034,147,177.18,2.0
5034,317,132.96,3.0
5034,929,197.89,3.0
5035,98,246.81,2.0
5035,101,141.82,3.0
5035,356,144.51,3.0
5036,828,80.98,3.0
5036,987,182.97,1.0
5036,988,225.45,2.0
5037,136,64.57,3.0
5037,554,228.02,2.0
5037,601,,2.0
5037,897,153.0,3.0
5037,935,98.57,
5038,127,108.62,2.0
5038,538,232.66,1.0
5038,738,,1.0
5038,789,138.29,2.0
5039,10,62.55,1.0
5039,278,100.46,1.0
5039,371,51.0,1.0
5040,363,87.53,2.0
5040,465,230.21,3.0
5040,682,103.7,3.0
5040,912,101.23,1.0
5041,464,191.8,3.0
5041,531,51.53,3.0
5041,561,,2.0
5041,569,160.56,1.0
5041,620,,2.0
5042,291,181.87,1.0
5042,368,209.82,
5042,599,227.54,2.0
5042,661,83.39,1.0
5042,884,107.9,1.0
5043,407,174.05,2.0
5043,778,149.89,2.0
5043,855,146.69,1.0
5043,920,147.21,3.0
5044,135,81.29,3.0
5044,459,,1.0
5044,512,185.45,1.0
5044,629,195.26,1.0
5044,893,195.69,3.0
5045,11,114.72,1.0
5045,591,61.38,1.0
5045,673,71.97,1.0
5045,704,50.64,1.0
5046,217,78.51,3.0
5046,231,229.82,3.0
5046,387,200.4,1.0
5046,741,90.08,2.0
5046,767,106.78,1.0
5047,19,146.71,1.0
5047,130,121.41,1.0
5047,593,97.97,1.0
5047,687,176.38,1.0
5047,889,,3.0
5048,7,95.98,1.0
5048,58,231.34,2.0
5048,274,189.78,1.0
5048,419,,2.0
5048,701,209.76,2.0
5049,51,106.86,2.0
5049,456,199.14,2.0
5049,575,124.4,3.0
5050,110,87.63,2.0
5050,153,92.66,3.0
5050,736,173.14,
5050,967,110.73,
5051,215,152.98,2.0
5051,595,56.33,2.0
5051,751,121.44,3.0
5051,908,146.12,2.0
5051,909,203.1,1.0
5052,410,70.81,3.0
5052,635,132.03,3.0
5052,893,195.69,3.0
5052,933,140.94,3.0
5053,126,139.84,1.0
5053,165,,3.0
5053,402,101.5,1.0
5053,596,195.79,2.0
5054,170,105.05,2.0
5054,196,82.73,2.0
5054,371,51.0,1.0
5054,627,160.87,2.0
5054,892,,3.0
5055,477,245.15,2.0
5055,797,220.47,3.0
5055,823,243.4,3.0
5055,837,249.04,2.0
5056,95,222.28,3.0
5056,116,,2.0
5056,150,213.11,3.0
5056,614,174.25,1.0
5057,338,118.52,1.0
5057,656,168.41,3.0
5057,850,232.72,1.0
5058,547,186.62,1.0
5058,683,143.94,3.0
5058,838,124.38,3.0
5058,892,164.04,2.0
5059,36,197.14,1.0
5059,135,81.29,2.0
5059,256,114.14,3.0
5059,388,,1.0
5059,916,233.11,2.0
5060,17,128.61,3.0
5060,32,161.45,2.0
5060,40,146.27,
5060,268,80.87,1.0
5060,420,55.79,1.0
5061,306,196.65,3.0
5061,541,184.84,1.0
5061,960,244.86,1.0
5062,421,66.61,2.0
5062,529,69.77,1.0
5062,745,180.42,3.0
5062,819,57.53,3.0
5062,887,217.22,3.0
5063,136,64.57,1.0
5063,274,189.78,3.0
5063,659,163.96,1.0
5064,149,209.72,3.0
5064,206,148.94,3.0
5064,865,150.88,3.0
5065,86,192.31,2.0
5065,213,206.95,3.0
5065,907,121.43,2.0
5066,8,63.45,3.0
5066,213,206.95,3.0
5066,689,132.29,1.0
5067,196,82.73,1.0
5067,368,209.82,3.0
5067,430,88.19,3.0
5067,515,,2.0
5067,557,102.94,3.0
5068,123,79.64,3.0
5068,481,115.71,3.0
5068,961,79.78,2.0
5069,197,220.79,2.0
5069,861,188.97,3.0
5069,954,,2.0
5069,992,88.48,3.0
5070,243,188.05,3.0
5070,267,119.48,1.0
5070,536,162.12,3.0
5070,800,76.15,2.0
5070,877,202.64,2.0
5071,73,204.1,2.0
5071,202,214.72,1.0
5071,301,236.73,1.0
5071,493,173.08,2.0
5072,337,160.66,1.0
5072,624,67.8,3.0
5072,704,50.64,2.0
5073,110,,3.0
5073,143,72.98,1.0
5073,157,246.43,2.0
5073,334,175.68,2.0
5073,525,201.26,2.0
5074,37,65.77,1.0
5074,665,86.52,2.0
5074,706,124.5,3.0
5075,479,160.63,2.0
5075,522,210.27,1.0
5075,796,213.28,2.0
5075,840,135.48,3.0
5076,13,236.18,
5076,500,136.7,1.0
5076,598,119.08,3.0
5076,812,119.48,1.0
5076,932,189.85,1.0
5077,446,203.34,2.0
5077,881,150.03,2.0
5077,933,140.94,1.0
5078,208,57.13,1.0
5078,771,76.39,
5078,927,195.53,
5079,167,56.81,3.0
5079,610,118.1,1.0
5079,968,166.73,3.0
5080,251,60.23,1.0
5080,731,207.18,
5080,820,51.21,3.0
5080,923,149.87,1.0
5081,458,243.84,1.0
5081,474,,2.0
5081,811,223.59,3.0
5082,97,83.87,1.0
5082,100,,3.0
5082,118,62.77,1.0
5082,955,151.86,1.0
5082,976,80.22,3.0
5083,68,206.01,3.0
5083,545,128.32,3.0
5083,790,125.07,2.0
5083,818,78.09,3.0
5084,22,74.05,3.0
5084,151,226.05,2.0
5084,359,196.99,1.0
5084,789,138.29,3.0
5085,10,62.55,1.0
5085,235,239.95,2.0
5085,371,,3.0
5085,877,202.64,3.0
5086,302,124.05,2.0
5086,469,115.23,3.0
5086,616,178.66,1.0
5086,711,187.54,1.0
5087,96,171.87,
5087,127,108.62,1.0
5087,137,110.1,3.0
5087,874,173.76,2.0
5088,57,140.97,3.0
5088,580,210.06,3.0
5088,916,233.11,2.0
5088,926,64.91,1.0
5089,535,167.78,3.0
5089,537,220.97,1.0
5089,810,160.28,3.0
5090,395,203.83,2.0
5090,753,54.32,3.0
5090,894,88.22,3.0
5091,339,52.62,2.0
5091,365,153.13,1.0
5091,695,77.45,3.0
5091,803,182.99,2.0
5092,578,67.16,3.0
5092,686,138.01,3.0
5092,896,238.61,3.0
5092,968,166.73,1.0
5092,975,187.08,1.0
5093,233,243.92,1.0
5093,591,61.38,3.0
5093,750,149.73,3.0
5094,3,,1.0
5094,210,208.67,1.0
5094,422,120.82,1.0
5094,589,62.33,
5094,767,106.78,
5095,92,168.26,2.0
5095,712,151.86,3.0
5095,773,148.67,3.0
5095,901,142.02,1.0
5096,132,221.69,1.0
5096,309,124.79,3.0
5096,555,187.68,1.0
5096,649,,2.0
5096,765,189.72,2.0
5097,18,66.18,3.0
5097,297,146.37,2.0
5097,576,227.01,1.0
5098,416,,3.0
5098,485,52.72,1.0
5098,793,202.22,2.0
5099,579,202.8,1.0
5099,742,153.3,
5099,925,64.95,3.0
5100,639,110.99,3.0
5100,833,189.81,3.0
5100,941,,1.0
5101,533,91.11,3.0
5101,805,159.55,3.0
5101,825,100.58,3.0
5101,846,95.98,3.0
5101,935,98.57,3.0
5102,262,114.64,1.0
5102,442,105.37,3.0
5102,831,208.58,2.0
5103,194,185.69,2.0
5103,443,244.96,1.0
5103,901,142.02,3.0
5104,134,114.43,1.0
5104,455,235.33,1.0
5104,740,111.83,2.0
5104,885,65.26,1.0
5105,317,132.96,1.0
5105,358,134.49,3.0
5105,789,138.29,1.0
5106,106,140.96,2.0
5106,332,129.36,2.0
5106,865,150.88,1.0
5106,897,153.0,2.0
5106,940,87.48,1.0
5107,76,90.52,2.0
5107,325,149.23,1.0
5107,394,191.95,3.0
5107,552,96.49,2.0
5108,346,96.77,
5108,685,231.56,
5108,934,84.39,2.0
5108,977,63.96,2.0
5109,26,181.39,2.0
5109,295,225.4,2.0
5109,471,189.72,2.0
5109,591,61.38,2.0
5109,986,94.04,2.0
5110,104,173.39,3.0
5110,365,153.13,3.0
5110,794,112.71,3.0
5111,259,57.05,1.0
5111,296,217.57,2.0
5111,506,201.97,3.0
5111,777,176.22,1.0
5111,924,196.23,3.0
5112,41,141.64,2.0
5112,74,172.32,3.0
5112,757,228.29,1.0
5112,760,226.3,1.0
5112,969,231.07,3.0
5113,306,196.65,1.0
5113,741,90.08,2.0
5113,848,58.97,3.0
5114,104,173.39,3.0
5114,488,80.54,3.0
5114,581,165.07,2.0
5114,651,126.72,2.0
5114,666,109.41,3.0
5115,237,115.28,2.0
5115,445,232.1,3.0
5115,752,,3.0
5116,69,153.27,1.0
5116,259,57.05,3.0
5116,779,92.97,2.0
5117,84,225.47,1.0
5117,86,192.31,2.0
5117,161,109.19,1.0
5117,865,150.88,1.0
5117,959,239.53,3.0
5118,34,62.0,3.0
5118,649,160.83,3.0
5118,861,,3.0
5118,895,187.0,1.0
5119,237,115.28,2.0
5119,271,80.13,3.0
5119,564,228.93,1.0
5119,642,157.65,3.0
5120,19,146.71,3.0
5120,634,112.99,3.0
5120,675,64.53,2.0
5120,840,135.48,3.0
5120,999,66.5,1.0
5121,195,153.66,3.0
5121,200,230.67,1.0
5121,225,58.78,2.0
5122,36,197.14,1.0
5122,189,187.35,1.0
5122,199,121.89,3.0
5122,716,63.71,1.0
5122,961,79.78,3.0
5123,242,142.14,1.0
5123,306,196.65,2.0
5123,437,224.5,1.0
5123,605,138.19,3.0
5123,979,205.27,1.0
5124,65,160.5,1.0
5124,673,71.97,2.0
5124,810,160.28,1.0
5124,825,100.58,3.0
5125,117,85.95,2.0
5125,263,93.74,1.0
5125,582,195.63,2.0
5125,589,62.33,3.0
5125,635,132.03,3.0
5126,253,211.86,1.0
5126,828,,2.0
5126,907,121.43,1.0
5126,954,104.74,3.0
5127,5,165.12,2.0
5127,13,236.18,2.0
5127,598,119.08,
5127,883,133.41,3.0
5128,13,236.18,1.0
5128,714,113.33,1.0
5128,814,160.37,3.0
5129,225,58.78,3.0
5129,372,145.25,3.0
5129,373,160.95,1.0
5129,675,64.53,2.0
5129,730,,1.0
5130,698,86.52,3.0
5130,715,,2.0
5130,737,127.14,3.0
5130,862,160.96,1.0
5130,938,92.58,1.0
5131,111,209.87,3.0
5131,480,185.48,2.0
5131,731,207.18,1.0
5132,200,230.67,3.0
5132,231,,3.0
5132,645,151.87,2.0
5132,904,163.76,3.0
5132,970,54.56,1.0
5133,131,157.55,3.0
5133,334,175.68,3.0
5133,713,120.97,1.0
5134,164,91.14,2.0
5134,421,66.61,2.0
5134,771,76.39,1.0
5134,803,182.99,3.0
5135,15,62.94,2.0
5135,641,59.05,2.0
5135,653,82.55,1.0
5135,813,246.86,1.0
5136,45,170.78,
5136,177,131.35,2.0
5136,334,,2.0
5136,461,171.34,2.0
5137,24,247.44,1.0
5137,223,83.22,2.0
5137,268,80.87,2.0
5137,695,,2.0
5138,161,109.19,2.0
5138,251,60.23,1.0
5138,570,77.81,2.0
5138,656,168.41,2.0
5138,661,83.39,2.0
5139,238,203.38,1.0
5139,568,217.68,1.0
5139,656,168.41,3.0
5139,796,213.28,2.0
5139,888,80.36,2.0
5140,476,164.01,2.0
5140,586,241.2,1.0
5140,666,109.41,1.0
5140,805,159.55,2.0
5140,832,119.16,1.0
5141,237,,2.0
5141,524,67.52,2.0
5141,626,95.95,1.0
5142,243,188.05,1.0
5142,334,175.68,1.0
5142,400,186.19,1.0
5143,377,52.08,1.0
5143,436,170.1,3.0
5143,651,126.72,2.0
5143,775,131.39,2.0
5143,881,150.03,2.0
5144,41,141.64,
5144,91,176.48,3.0
5144,119,151.13,2.0
5144,954,104.74,1.0
5144,985,154.3,2.0
5145,22,74.05,3.0
5145,131,157.55,
5145,531,51.53,2.0
5145,721,107.84,2.0
5145,725,226.28,2.0
5146,168,62.42,2.0
5146,779,92.97,2.0
5146,955,151.86,3.0
5147,52,147.19,2.0
5147,569,160.56,3.0
5147,642,157.65,3.0
5147,695,77.45,3.0
5147,820,51.21,2.0
5148,828,80.98,2.0
5148,860,91.93,3.0
5148,976,80.22,3.0
5149,283,124.19,3.0
5149,676,141.76,1.0
5149,704,50.64,1.0
5149,720,225.01,1.0
5150,136,64.57,1.0
5150,231,229.82,2.0
5150,549,87.59,3.0
5150,834,127.56,3.0
5150,991,204.99,2.0
5151,480,185.48,1.0
5151,572,87.01,3.0
5151,629,,3.0
5151,855,,2.0
5151,866,178.4,3.0
5152,7,95.98,
5152,258,67.56,1.0
5152,573,61.97,2.0
5152,654,,3.0
5153,120,183.66,1.0
5153,127,108.62,3.0
5153,388,231.18,1.0
5153,866,178.4,1.0
5154,288,101.72,2.0
5154,652,150.27,2.0
5154,944,77.61,1.0
5155,175,150.13,2.0
5155,364,217.62,2.0
5155,649,160.83,2.0
5155,827,172.87,3.0
5156,90,180.87,3.0
5156,453,,1.0
5156,656,168.41,3.0
5156,713,120.97,3.0
5157,138,221.92,1.0
5157,620,,2.0
5157,722,134.69,1.0
5157,748,232.9,3.0
5157,984,246.44,2.0
5158,15,62.94,2.0
5158,209,151.17,1.0
5158,290,168.98,1.0
5158,495,127.08,3.0
5158,861,188.97,1.0
5159,64,183.33,3.0
5159,87,150.25,1.0
5159,244,204.28,2.0
5159,282,216.11,1.0
5159,953,61.07,
5160,41,141.64,2.0
5160,458,243.84,3.0
5160,556,246.31,1.0
5161,199,121.89,3.0
5161,840,135.48,
5161,953,61.07,1.0
5161,998,168.56,1.0
5162,579,202.8,3.0
5162,590,153.28,2.0
5162,696,231.65,1.0
5162,865,150.88,3.0
5163,78,166.26,1.0
5163,170,105.05,1.0
5163,401,227.82,3.0
5163,569,160.56,1.0
5163,969,231.07,3.0
5164,252,195.57,3.0
5164,664,199.35,1.0
5164,924,196.23,3.0
5165,123,79.64,3.0
5165,287,109.88,1.0
5165,420,55.79,1.0
5165,852,239.79,2.0
5166,93,202.8,1.0
5166,738,185.7,3.0
5166,884,107.9,1.0
5167,19,146.71,3.0
5167,64,183.33,3.0
5167,128,94.73,1.0
5167,285,177.93,1.0
5167,848,58.97,
5168,45,170.78,1.0
5168,193,142.88,1.0
5168,398,118.83,3.0
5168,928,235.84,3.0
5168,976,80.22,1.0
5169,35,146.61,1.0
5169,239,220.93,3.0
5169,432,56.08,2.0
5170,428,174.0,3.0
5170,492,218.49,2.0
5170,619,134.73,2.0
5170,625,71.81,3.0
5170,740,,3.0
5171,93,202.8,2.0
5171,323,170.98,3.0
5171,488,80.54,2.0
5171,575,124.4,1.0
5172,519,180.71,2.0
5172,569,160.56,2.0
5172,626,95.95,1.0
5172,869,192.32,3.0
5173,125,146.21,2.0
5173,473,196.68,1.0
5173,553,128.85,2.0
5173,841,196.07,2.0
5174,416,141.33,2.0
5174,510,133.23,2.0
5174,809,66.18,2.0
5175,252,,1.0
5175,379,148.21,3.0
5175,551,162.25,3.0
5175,739,,3.0
5176,50,121.44,3.0
5176,315,125.67,3.0
5176,577,,1.0
5177,445,232.1,1.0
5177,544,244.85,3.0
5177,680,149.96,2.0
5177,684,248.13,
5178,86,192.31,2.0
5178,262,114.64,1.0
5178,294,237.5,3.0
5178,323,170.98,1.0
5178,409,121.46,3.0
5179,494,64.74,3.0
5179,641,59.05,2.0
5179,752,208.54,3.0
5179,996,196.78,3.0
5180,421,66.61,2.0
5180,493,173.08,2.0
5180,622,124.39,2.0
5180,673,71.97,2.0
5181,214,67.39,3.0
5181,417,224.94,3.0
5181,545,128.32,1.0
5181,998,168.56,3.0
5182,42,226.48,3.0
5182,97,83.87,2.0
5182,462,77.21,3.0
5183,81,223.52,3.0
5183,134,114.43,2.0
5183,426,227.24,2.0
5183,642,157.65,1.0
5183,759,239.0,1.0
5184,400,186.19,3.0
5184,428,174.0,1.0
5184,590,153.28,3.0
5184,777,176.22,2.0
5185,238,203.38,3.0
5185,334,,2.0
5185,560,124.85,1.0
5185,597,208.18,1.0
5185,637,56.45,3.0
5186,284,191.93,3.0
5186,622,124.39,3.0
5186,840,135.48,3.0
5186,848,58.97,2.0
5187,33,116.23,2.0
5187,42,226.48,3.0
5187,224,226.21,2.0
5187,238,203.38,1.0
5188,129,200.64,2.0
5188,589,62.33,
5188,785,249.16,2.0
5189,100,126.84,2.0
5189,380,,1.0
5189,391,185.14,2.0
5189,692,101.01,3.0
5189,991,204.99,2.0
5190,656,168.41,3.0
5190,728,246.11,1.0
5190,756,133.58,2.0
5190,777,176.22,2.0
5190,917,,1.0
5191,370,176.52,1.0
5191,456,199.14,1.0
5191,810,160.28,3.0
5191,833,189.81,3.0
5192,508,201.16,1.0
5192,864,104.77,3.0
5192,913,156.18,1.0
5193,437,224.5,1.0
5193,774,226.25,1.0
5193,885,65.26,2.0
5194,255,248.35,1.0
5194,693,117.46,1.0
5194,1000,133.67,3.0
5195,233,243.92,3.0
5195,401,227.82,3.0
5195,722,134.69,1.0
5195,812,119.48,2.0
5195,855,146.69,3.0
5196,574,118.2,2.0
5196,730,167.65,2.0
5196,995,113.27,1.0
5197,363,87.53,
5197,644,102.24,1.0
5197,703,171.58,2.0
5197,930,232.52,3.0
5198,65,160.5,3.0
5198,296,217.57,2.0
5198,830,56.52,3.0
5199,248,124.74,1.0
5199,289,128.11,3.0
5199,429,99.3,1.0
5199,559,164.08,1.0
5200,99,224.99,1.0
5200,721,107.84,1.0
5200,739,,1.0
5201,11,114.72,1.0
5201,211,92.17,2.0
5201,347,136.1,2.0
5202,262,114.64,2.0
5202,626,95.95,2.0
5202,795,127.79,1.0
5202,944,77.61,1.0
5202,972,143.26,3.0
5203,430,88.19,2.0
5203,662,175.98,3.0
5203,950,209.25,1.0
5204,11,,2.0
5204,54,84.5,1.0
5204,402,101.5,1.0
5204,462,77.21,2.0
5204,653,82.55,1.0
5205,206,148.94,1.0
5205,264,227.0,2.0
5205,543,103.79,2.0
5206,1,72.66,3.0
5206,199,121.89,3.0
5206,758,83.48,3.0
5206,936,157.52,3.0
5207,211,92.17,2.0
5207,236,185.64,3.0
5207,713,120.97,1.0
5208,71,86.5,1.0
5208,197,220.79,3.0
5208,230,142.07,2.0
5208,233,243.92,2.0
5208,775,131.39,1.0
5209,14,238.51,1.0
5209,469,115.23,1.0
5209,836,244.73,1.0
5209,916,233.11,3.0
5210,254,129.75,2.0
5210,388,231.18,3.0
5210,435,249.48,2.0
5210,593,97.97,3.0
5211,95,222.28,3.0
5211,258,67.56,1.0
5211,434,199.38,3.0
5211,437,224.5,2.0
5212,20,237.34,2.0
5212,67,55.29,2.0
5212,315,125.67,2.0
5213,261,71.6,2.0
5213,304,208.6,1.0
5213,315,125.67,1.0
5213,348,203.33,3.0
5213,509,94.66,2.0
5214,227,234.63,1.0
5214,411,152.22,3.0
5214,503,51.95,2.0
5214,808,233.39,3.0
5215,621,189.73,1.0
5215,671,204.75,1.0
5215,955,151.86,3.0
5215,959,239.53,
5216,23,203.41,1.0
5216,404,95.37,1.0
5216,545,128.32,3.0
5217,22,74.05,3.0
5217,169,116.7,1.0
5217,796,213.28,2.0
5217,832,119.16,1.0
5218,172,103.8,3.0
5218,524,67.52,1.0
5218,587,62.1,1.0
5218,737,127.14,3.0
5219,42,226.48,
5219,107,123.53,1.0
5219,154,146.97,2.0
5219,471,189.72,1.0
5219,646,191.41,1.0
5220,249,224.27,3.0
5220,365,,2.0
5220,655,106.97,3.0
5221,261,71.6,1.0
5221,280,190.85,2.0
5221,307,197.91,1.0
5221,780,73.93,2.0
5221,858,219.38,1.0
5222,23,203.41,
5222,151,226.05,
5222,471,189.72,1.0
5222,887,217.22,
5223,676,141.76,2.0
5223,780,73.93,2.0
5223,947,201.85,1.0
5224,137,110.1,1.0
5224,324,231.64,2.0
5224,567,167.33,1.0
5224,776,225.87,2.0
5224,817,216.7,2.0
5225,143,72.98,1.0
5225,486,172.25,
5225,793,202.22,1.0
5226,366,106.38,2.0
5226,689,132.29,
5226,994,59.99,3.0
5227,46,83.22,3.0
5227,115,178.84,2.0
5227,400,186.19,1.0
5227,624,67.8,2.0
5227,974,55.39,
5228,257,51.04,3.0
5228,384,137.63,3.0
5228,836,244.73,2.0
5228,885,65.26,2.0
5229,253,211.86,3.0
5229,423,221.14,1.0
5229,521,195.86,2.0
5229,727,148.9,1.0
5229,917,87.21,1.0
5230,8,63.45,3.0
5230,66,167.64,1.0
5230,603,153.0,3.0
5230,729,233.18,2.0
5231,20,237.34,1.0
5231,177,131.35,2.0
5231,194,185.69,3.0
5231,256,114.14,2.0
5231,438,131.49,3.0
5232,250,184.37,
5232,305,147.13,3.0
5232,306,196.65,3.0
5232,589,62.33,3.0
5232,689,132.29,2.0
5233,221,142.79,1.0
5233,263,93.74,2.0
5233,956,,2.0
5234,274,189.78,1.0
5234,313,223.73,3.0
5234,358,134.49,2.0
5234,363,87.53,2.0
5234,778,149.89,3.0
5235,181,120.56,2.0
5235,873,148.67,2.0
5235,968,166.73,1.0
5236,166,192.62,3.0
5236,778,149.89,2.0
5236,833,189.81,2.0
5236,837,249.04,3.0
5236,977,63.96,2.0
5237,6,72.5,1.0
5237,435,,3.0
5237,630,160.61,2.0
5237,798,80.05,2.0
5238,481,115.71,2.0
5238,779,92.97,3.0
5238,792,237.91,1.0
5238,853,151.97,3.0
5239,118,62.77,1.0
5239,320,57.22,3.0
5239,324,231.64,1.0
5239,646,191.41,
5239,781,181.2,1.0
5240,96,171.87,1.0
5240,549,87.59,2.0
5240,570,,2.0
5240,571,179.32,3.0
5241,433,242.72,3.0
5241,615,85.81,3.0
5241,723,176.43,3.0
5241,856,233.37,3.0
5241,952,245.6,3.0
5242,606,79.36,1.0
5242,761,78.05,1.0
5242,817,216.7,2.0
5243,37,65.77,1.0
5243,695,,2.0
5243,714,113.33,2.0
5243,822,132.13,1.0
5244,331,133.75,
5244,502,146.58,
5244,696,231.65,1.0
5244,884,107.9,3.0
5245,270,127.17,3.0
5245,474,224.08,3.0
5245,504,208.11,2.0
5245,682,,2.0
5245,863,183.04,2.0
5246,469,115.23,1.0
5246,526,,3.0
5246,601,,3.0
5247,36,197.14,1.0
5247,152,63.89,1.0
5247,667,124.68,3.0
5247,809,66.18,2.0
5248,114,164.82,2.0
5248,287,109.88,2.0
5248,431,208.24,3.0
5248,939,113.97,2.0
5248,954,104.74,1.0
5249,29,62.51,3.0
5249,264,227.0,2.0
5249,349,138.39,2.0
5249,940,87.48,2.0
5249,996,196.78,1.0
5250,251,60.23,2.0
5250,537,220.97,2.0
5250,546,145.42,1.0
5250,622,124.39,2.0
5250,976,80.22,2.0
5251,119,151.13,2.0
5251,546,145.42,2.0
5251,918,216.21,3.0
5251,963,220.36,1.0
5252,28,96.21,2.0
5252,513,234.35,1.0
5252,634,112.99,2.0
5252,945,115.38,1.0
5253,412,242.29,3.0
5253,571,179.32,1.0
5253,758,83.48,2.0
5254,615,85.81,3.0
5254,651,126.72,2.0
5254,726,122.98,3.0
5254,771,76.39,3.0
5254,868,163.34,
5255,246,,3.0
5255,387,200.4,2.0
5255,522,210.27,1.0
5255,620,137.63,3.0
5255,771,76.39,3.0
5256,296,217.57,1.0
5256,447,83.16,2.0
5256,628,237.6,2.0
5256,916,233.11,3.0
5257,587,62.1,3.0
5257,618,208.82,3.0
5257,700,79.91,3.0
5258,181,120.56,1.0
5258,194,185.69,1.0
5258,526,217.47,2.0
5258,653,82.55,3.0
5258,983,78.57,1.0
5259,263,93.74,2.0
5259,513,234.35,2.0
5259,839,124.12,
5259,876,227.05,1.0
5260,208,57.13,2.0
5260,377,52.08,3.0
5260,622,124.39,3.0
5260,796,213.28,2.0
5261,170,105.05,2.0
5261,244,204.28,3.0
5261,349,138.39,
5261,846,95.98,2.0
5261,982,96.15,3.0
5262,136,64.57,1.0
5262,624,,1.0
5262,902,98.7,
5263,419,183.25,2.0
5263,524,67.52,2.0
5263,685,231.56,3.0
5263,809,66.18,3.0
5264,697,77.43,2.0
5264,797,220.47,3.0
5264,948,145.76,2.0
5264,991,,2.0
5265,302,124.05,2.0
5265,363,87.53,1.0
5265,380,210.24,1.0
5265,436,170.1,3.0
5266,71,,2.0
5266,207,88.92,1.0
5266,465,230.21,1.0
5267,46,83.22,2.0
5267,216,87.98,2.0
5267,587,62.1,2.0
5268,149,209.72,2.0
5268,261,71.6,3.0
5268,407,174.05,1.0
5268,921,156.4,1.0
5269,191,226.32,
5269,566,122.7,2.0
5269,731,207.18,2.0
5270,178,186.24,3.0
5270,297,146.37,1.0
5270,342,91.83,2.0
5271,61,112.13,2.0
5271,378,148.58,2.0
5271,410,70.81,2.0
5271,536,162.12,2.0
5272,42,226.48,3.0
5272,741,90.08,3.0
5272,850,232.72,3.0
5273,14,238.51,3.0
5273,192,62.03,1.0
5273,199,121.89,
5273,334,175.68,1.0
5273,369,83.25,2.0
5274,491,214.4,2.0
5274,735,,2.0
5274,851,221.01,2.0
5275,7,95.98,2.0
5275,23,203.41,1.0
5275,303,134.23,2.0
5275,769,,2.0
5275,838,124.38,2.0
5276,397,238.21,2.0
5276,419,183.25,2.0
5276,523,229.28,3.0
5276,671,204.75,1.0
5277,76,90.52,2.0
5277,264,227.0,3.0
5277,310,157.3,2.0
5277,612,152.96,3.0
5277,821,119.15,1.0
5278,57,140.97,
5278,79,182.33,3.0
5278,606,79.36,2.0
5278,765,189.72,1.0
5279,31,240.33,2.0
5279,499,165.93,2.0
5279,786,110.34,
5279,860,,1.0
5280,175,150.13,3.0
5280,366,106.38,3.0
5280,824,170.3,3.0
5281,10,62.55,2.0
5281,105,232.06,2.0
5281,118,62.77,3.0
5281,535,167.78,2.0
5281,662,175.98,2.0
5282,288,101.72,2.0
5282,305,147.13,3.0
5282,682,103.7,1.0
5283,38,104.28,1.0
5283,283,124.19,3.0
5283,770,215.18,1.0
5284,34,62.0,2.0
5284,643,98.94,2.0
5284,872,159.66,1.0
5285,240,189.89,3.0
5285,681,235.72,
5285,753,54.32,2.0
5285,813,246.86,2.0
5285,834,127.56,2.0
5286,11,114.72,1.0
5286,184,218.95,2.0
5286,454,155.48,3.0
5286,518,232.96,
5286,977,63.96,3.0
5287,264,,1.0
5287,311,160.61,2.0
5287,646,191.41,1.0
5287,662,175.98,1.0
5287,867,92.12,1.0
5288,484,199.61,3.0
5288,767,106.78,3.0
5288,824,170.3,1.0
5288,898,208.88,1.0
5289,176,75.79,3.0
5289,267,119.48,1.0
5289,564,228.93,1.0
5289,813,246.86,2.0
5290,123,79.64,1.0
5290,144,111.9,2.0
5290,179,174.38,2.0
5290,245,136.11,2.0
5290,514,247.43,1.0
5291,51,106.86,2.0
5291,234,194.51,1.0
5291,292,214.47,3.0
5291,389,135.35,2.0
5291,470,244.46,1.0
5292,226,177.91,1.0
5292,322,245.9,3.0
5292,453,152.15,3.0
5292,532,70.73,2.0
5292,822,132.13,
5293,333,184.45,3.0
5293,494,64.74,2.0
5293,649,160.83,1.0
5293,783,125.75,
5293,972,143.26,3.0
5294,98,246.81,1.0
5294,571,179.32,2.0
5294,668,88.59,2.0
5295,5,165.12,3.0
5295,739,,3.0
5295,883,133.41,3.0
5296,128,94.73,3.0
5296,529,69.77,1.0
5296,668,88.59,3.0
5297,322,,1.0
5297,479,160.63,1.0
5297,576,227.01,3.0
5297,877,202.64,2.0
5298,201,50.2,2.0
5298,608,220.66,2.0
5298,749,,1.0
5298,954,104.74,1.0
5299,375,216.37,3.0
5299,418,104.84,1.0
5299,778,149.89,2.0
5299,862,160.96,1.0
5300,13,236.18,2.0
5300,193,142.88,2.0
5300,248,124.74,1.0
5300,574,118.2,2.0
5301,525,,2.0
5301,789,,2.0
5301,815,75.93,3.0
5301,863,183.04,1.0
5301,882,191.38,2.0
5302,227,234.63,1.0
5302,346,96.77,1.0
5302,427,,1.0
5302,583,150.9,2.0
5302,927,195.53,2.0
5303,275,99.56,1.0
5303,314,186.8,1.0
5303,445,232.1,1.0
5303,603,153.0,1.0
5303,723,176.43,1.0
5304,181,120.56,2.0
5304,273,216.8,3.0
5304,364,217.62,3.0
5305,340,67.14,1.0
5305,345,168.81,
5305,769,198.25,1.0
5305,964,106.28,3.0
5306,320,57.22,3.0
5306,432,56.08,3.0
5306,648,230.35,3.0
5306,701,209.76,2.0
5306,955,151.86,2.0
5307,137,110.1,2.0
5307,157,246.43,2.0
5307,456,199.14,3.0
5307,687,176.38,2.0
5307,744,231.74,1.0
5308,505,120.77,2.0
5308,569,160.56,2.0
5308,633,116.68,3.0
5308,822,132.13,3.0
5308,838,124.38,1.0
5309,290,168.98,2.0
5309,572,87.01,2.0
5309,880,227.92,2.0
5310,1,72.66,3.0
5310,62,84.49,3.0
5310,190,99.3,1.0
5310,441,208.41,2.0
5310,850,232.72,1.0
5311,498,174.24,2.0
5311,695,77.45,1.0
5311,820,51.21,2.0
5311,873,148.67,2.0
5312,1,72.66,3.0
5312,149,209.72,3.0
5312,404,95.37,1.0
5312,785,249.16,3.0
5313,242,142.14,2.0
5313,377,52.08,1.0
5313,591,61.38,3.0
5314,245,136.11,2.0
5314,459,94.26,1.0
5314,540,162.04,3.0
5314,983,78.57,3.0
5315,257,51.04,3.0
5315,347,136.1,3.0
5315,479,160.63,3.0
5315,507,226.65,1.0
5315,941,60.5,3.0
5316,272,73.28,1.0
5316,366,106.38,2.0
5316,855,,3.0
5317,415,92.65,1.0
5317,664,199.35,3.0
5317,669,230.08,2.0
5317,766,249.63,1.0
5318,1,72.66,2.0
5318,203,202.04,3.0
5318,522,210.27,2.0
5318,859,67.61,
5319,219,237.76,1.0
5319,229,89.49,2.0
5319,450,148.27,1.0
5319,554,,2.0
5320,194,185.69,3.0
5320,499,165.93,3.0
5320,733,,1.0
5320,801,207.59,3.0
5320,821,119.15,1.0
5321,70,135.13,2.0
5321,159,170.35,2.0
5321,472,63.46,2.0
5321,491,214.4,1.0
5321,589,62.33,1.0
5322,165,69.55,1.0
5322,518,232.96,1.0
5322,779,92.97,3.0
5323,369,83.25,1.0
5323,419,183.25,3.0
5323,427,113.76,3.0
5323,534,190.45,3.0
5323,545,128.32,1.0
5324,506,201.97,1.0
5324,547,186.62,3.0
5324,882,191.38,3.0
5324,950,209.25,1.0
5325,167,56.81,
5325,656,168.41,1.0
5325,809,66.18,2.0
5326,318,68.99,2.0
5326,589,62.33,2.0
5326,622,124.39,2.0
5327,135,81.29,1.0
5327,990,76.1,2.0
5327,996,196.78,2.0
5328,43,116.23,2.0
5328,527,157.45,3.0
5328,889,132.36,3.0
5328,902,98.7,3.0
5329,124,139.26,3.0
5329,864,104.77,2.0
5329,991,204.99,2.0
5330,250,184.37,3.0
5330,744,231.74,2.0
5330,830,56.52,2.0
5331,9,214.61,2.0
5331,157,246.43,2.0
5331,368,209.82,3.0
5331,438,131.49,3.0
5331,902,98.7,1.0
5332,27,76.78,3.0
5332,198,180.7,1.0
5332,230,142.07,2.0
5333,108,66.24,1.0
5333,131,157.55,2.0
5333,313,223.73,3.0
5333,572,87.01,1.0
5333,696,231.65,1.0
5334,88,183.78,1.0
5334,133,240.19,1.0
5334,591,61.38,1.0
5334,916,233.11,3.0
5334,966,,1.0
5335,141,140.89,2.0
5335,572,87.01,3.0
5335,843,218.71,
5335,886,76.08,2.0
5336,55,238.3,1.0
5336,98,246.81,2.0
5336,170,105.05,3.0
5336,638,68.44,3.0
5337,135,81.29,3.0
5337,870,77.14,3.0
5337,969,231.07,2.0
5338,435,249.48,3.0
5338,490,,1.0
5338,591,61.38,2.0
5338,852,239.79,2.0
5338,906,93.79,3.0
5339,384,137.63,1.0
5339,597,208.18,1.0
5339,686,138.01,2.0
5339,880,227.92,1.0
5340,221,,3.0
5340,229,89.49,3.0
5340,661,83.39,2.0
5340,759,239.0,1.0
5341,51,106.86,2.0
5341,593,97.97,3.0
5341,928,235.84,2.0
5342,127,108.62,3.0
5342,327,149.0,3.0
5342,379,148.21,1.0
5342,676,141.76,2.0
5342,883,133.41,1.0
5343,96,171.87,3.0
5343,277,156.48,1.0
5343,448,91.2,3.0
5343,773,148.67,2.0
5343,786,110.34,2.0
5344,697,77.43,2.0
5344,841,196.07,3.0
5344,946,226.43,1.0
5345,456,199.14,2.0
5345,500,136.7,1.0
5345,929,197.89,1.0
5346,94,85.78,2.0
5346,117,85.95,
5346,421,66.61,3.0
5347,61,,2.0
5347,691,166.4,3.0
5347,796,213.28,2.0
5347,811,223.59,3.0
5348,486,172.25,2.0
5348,650,65.51,2.0
5348,678,201.53,2.0
5348,870,77.14,1.0
5348,972,143.26,1.0
5349,187,125.22,1.0
5349,649,160.83,
5349,668,88.59,2.0
5350,228,110.69,1.0
5350,511,219.43,2.0
5350,906,93.79,1.0
5350,938,92.58,1.0
5351,132,221.69,2.0
5351,344,85.83,2.0
5351,507,226.65,3.0
5351,565,148.85,2.0
5351,671,204.75,1.0
5352,68,206.01,2.0
5352,148,241.66,2.0
5352,272,73.28,3.0
5353,231,229.82,2.0
5353,289,128.11,1.0
5353,417,224.94,2.0
5353,457,111.71,3.0
5353,929,197.89,3.0
5354,479,160.63,2.0
5354,755,198.93,3.0
5354,785,249.16,2.0
5355,127,108.62,2.0
5355,504,208.11,3.0
5355,533,91.11,3.0
5356,57,140.97,2.0
5356,730,167.65,1.0
5356,909,203.1,3.0
5357,555,187.68,
5357,606,79.36,2.0
5357,764,,3.0
5358,121,152.74,3.0
5358,180,136.21,3.0
5358,320,57.22,1.0
5358,962,158.95,2.0
5359,183,126.36,
5359,202,214.72,1.0
5359,402,101.5,2.0
5359,872,159.66,2.0
5360,144,111.9,2.0
5360,875,127.14,2.0
5360,967,110.73,3.0
5361,761,78.05,1.0
5361,911,112.85,1.0
5361,992,88.48,2.0
5362,416,141.33,3.0
5362,443,,1.0
5362,922,246.25,3.0
5362,970,54.56,1.0
5363,531,51.53,1.0
5363,726,122.98,2.0
5363,792,237.91,3.0
5363,853,151.97,3.0
5364,363,87.53,2.0
5364,833,189.81,1.0
5364,884,107.9,3.0
5365,324,231.64,
5365,569,160.56,2.0
5365,589,62.33,3.0
5365,730,167.65,3.0
5366,201,50.2,1.0
5366,318,68.99,3.0
5366,443,244.96,1.0
5366,601,189.18,2.0
5366,732,247.41,3.0
5367,135,81.29,2.0
5367,168,,1.0
5367,693,117.46,3.0
5367,823,243.4,2.0
5368,545,128.32,3.0
5368,685,231.56,2.0
5368,917,87.21,3.0
5369,22,74.05,2.0
5369,45,170.78,3.0
5369,932,189.85,3.0
5369,953,61.07,1.0
5370,28,96.21,1.0
5370,149,209.72,1.0
5370,874,173.76,2.0
5370,976,80.22,2.0
5370,977,63.96,2.0
5371,367,192.22,2.0
5371,665,86.52,2.0
5371,786,110.34,1.0
5371,824,170.3,
5372,322,245.9,3.0
5372,706,124.5,3.0
5372,842,107.24,3.0
5372,848,58.97,1.0
5372,869,192.32,2.0
5373,54,84.5,1.0
5373,530,215.96,1.0
5373,590,153.28,1.0
5374,415,92.65,3.0
5374,510,133.23,
5374,758,83.48,3.0
5374,994,59.99,1.0
5375,253,211.86,3.0
5375,285,177.93,2.0
5375,376,152.57,3.0
5375,474,224.08,2.0
5375,489,65.95,3.0
5376,324,231.64,2.0
5376,481,115.71,3.0
5376,568,217.68,2.0
5376,802,158.8,3.0
5377,324,231.64,2.0
5377,890,177.49,1.0
5377,937,164.51,3.0
5377,973,79.62,1.0
5378,25,195.55,
5378,181,120.56,1.0
5378,534,190.45,1.0
5379,132,221.69,3.0
5379,745,180.42,2.0
5379,822,132.13,1.0
5380,339,52.62,1.0
5380,647,,2.0
5380,770,215.18,2.0
5380,916,233.11,3.0
5381,188,105.53,1.0
5381,269,81.71,1.0
5381,782,158.46,1.0
5381,827,172.87,3.0
5382,78,,3.0
5382,95,222.28,2.0
5382,152,,3.0
5382,626,,2.0
5383,300,173.53,1.0
5383,442,105.37,3.0
5383,842,107.24,2.0
5383,972,,2.0
5384,251,60.23,3.0
5384,519,180.71,1.0
5384,682,103.7,1.0
5384,757,228.29,3.0
5385,337,160.66,3.0
5385,495,127.08,3.0
5385,960,244.86,3.0
5385,969,231.07,3.0
5385,991,204.99,3.0
5386,270,127.17,2.0
5386,329,,1.0
5386,957,117.34,1.0
5387,382,138.74,1.0
5387,426,227.24,
5387,832,119.16,2.0
5387,861,188.97,1.0
5388,266,200.67,1.0
5388,632,218.24,1.0
5388,668,88.59,1.0
5388,737,127.14,3.0
5388,912,101.23,1.0
5389,504,208.11,3.0
5389,506,201.97,1.0
5389,610,118.1,3.0
5389,617,70.77,2.0
5389,735,237.3,2.0
5390,231,229.82,3.0
5390,316,159.68,2.0
5390,720,225.01,1.0
5390,733,188.04,2.0
5390,746,98.77,3.0
5391,319,57.58,3.0
5391,751,121.44,2.0
5391,760,226.3,3.0
5391,867,92.12,3.0
5391,964,106.28,3.0
5392,41,141.64,3.0
5392,602,86.81,2.0
5392,968,166.73,1.0
5392,980,211.03,2.0
5393,95,222.28,3.0
5393,112,97.85,3.0
5393,185,134.78,1.0
5393,323,170.98,3.0
5393,590,153.28,2.0
5394,52,147.19,2.0
5394,59,80.92,3.0
5394,819,57.53,3.0
5395,55,238.3,3.0
5395,61,112.13,3.0
5395,137,110.1,2.0
5396,245,136.11,1.0
5396,336,229.24,3.0
5396,477,245.15,1.0
5396,560,124.85,2.0
5396,755,198.93,2.0
5397,710,139.0,1.0
5397,794,112.71,3.0
5397,847,163.66,3.0
5397,906,93.79,3.0
5398,42,226.48,3.0
5398,104,173.39,1.0
5398,298,,2.0
5398,441,208.41,2.0
5399,180,136.21,2.0
5399,481,,3.0
5399,762,133.63,1.0
5399,838,124.38,1.0
5400,300,,3.0
5400,432,56.08,3.0
5400,787,164.1,1.0
5400,987,182.97,1.0
5401,512,185.45,2.0
5401,709,92.58,3.0
5401,839,124.12,2.0
5401,878,50.82,3.0
5402,103,67.22,3.0
5402,116,247.88,2.0
5402,499,165.93,2.0
5402,578,67.16,3.0
5402,908,,2.0
5403,255,248.35,2.0
5403,400,186.19,3.0
5403,478,155.47,1.0
5404,113,102.99,3.0
5404,661,,2.0
5404,822,132.13,3.0
5404,994,59.99,1.0
5405,305,147.13,2.0
5405,392,113.94,2.0
5405,895,187.0,3.0
5405,945,115.38,3.0
5406,336,229.24,3.0
5406,510,133.23,3.0
5406,532,70.73,3.0
5406,932,189.85,1.0
5407,405,70.71,1.0
5407,581,165.07,3.0
5407,605,138.19,3.0
5407,623,118.18,1.0
5407,789,138.29,3.0
5408,182,204.96,2.0
5408,504,208.11,3.0
5408,587,62.1,1.0
5408,616,178.66,2.0
5408,711,187.54,3.0
5409,351,155.07,2.0
5409,584,245.83,3.0
5409,941,60.5,1.0
5410,42,226.48,3.0
5410,611,,3.0
5410,680,149.96,3.0
5410,989,218.85,3.0
5411,24,247.44,1.0
5411,328,93.55,2.0
5411,940,87.48,1.0
5412,41,141.64,1.0
5412,78,166.26,2.0
5412,936,157.52,2.0
5413,203,202.04,2.0
5413,770,215.18,3.0
5413,773,148.67,1.0
5413,825,100.58,1.0
5414,37,65.77,3.0
5414,289,128.11,3.0
5414,314,186.8,3.0
5414,334,175.68,3.0
5415,210,208.67,3.0
5415,698,86.52,2.0
5415,970,54.56,2.0
5416,136,64.57,3.0
5416,543,103.79,3.0
5416,853,151.97,3.0
5417,158,118.43,2.0
5417,744,231.74,2.0
5417,955,151.86,3.0
5418,147,177.18,2.0
5418,874,173.76,1.0
5418,961,79.78,1.0
5419,237,115.28,2.0
5419,649,160.83,2.0
5419,794,112.71,2.0
5420,376,152.57,
5420,407,174.05,1.0
5420,627,160.87,1.0
5421,285,177.93,3.0
5421,293,168.57,2.0
5421,466,220.25,2.0
5421,564,228.93,1.0
5421,908,146.12,1.0
5422,11,114.72,1.0
5422,109,120.8,2.0
5422,424,246.7,1.0
5422,926,64.91,3.0
5422,972,143.26,3.0
5423,276,245.17,3.0
5423,325,149.23,3.0
5423,440,200.17,
5423,812,119.48,1.0
5424,295,225.4,2.0
5424,457,111.71,3.0
5424,610,118.1,1.0
5425,287,109.88,1.0
5425,471,189.72,2.0
5425,497,175.73,3.0
5426,69,153.27,3.0
5426,365,153.13,2.0
5426,570,77.81,1.0
5426,930,232.52,1.0
5427,685,,1.0
5427,781,181.2,
5427,993,83.38,3.0
5428,239,220.93,1.0
5428,391,185.14,2.0
5428,628,237.6,3.0
5429,688,62.79,3.0
5429,756,133.58,2.0
5429,757,228.29,2.0
5430,284,,2.0
5430,441,208.41,2.0
5430,680,,2.0
5430,779,,3.0
5431,100,,3.0
5431,292,214.47,3.0
5431,440,200.17,2.0
5431,845,225.55,2.0
5431,934,84.39,3.0
5432,300,173.53,2.0
5432,780,73.93,3.0
5432,951,81.4,2.0
5433,457,111.71,3.0
5433,601,189.18,3.0
5433,883,,2.0
5434,318,68.99,2.0
5434,503,51.95,3.0
5434,675,64.53,2.0
5434,680,149.96,1.0
5434,933,140.94,
5435,102,227.13,2.0
5435,427,113.76,3.0
5435,538,232.66,2.0
5435,617,70.77,2.0
5435,745,180.42,1.0
5436,63,141.12,
5436,282,216.11,2.0
5436,442,105.37,3.0
5436,519,180.71,1.0
5437,489,65.95,3.0
5437,572,87.01,1.0
5437,688,,3.0
5438,91,176.48,1.0
5438,256,114.14,3.0
5438,276,245.17,3.0
5438,291,181.87,2.0
5438,723,176.43,3.0
5439,251,60.23,3.0
5439,331,133.75,
5439,548,,2.0
5439,744,231.74,3.0
5439,996,196.78,2.0
5440,47,95.83,2.0
5440,354,85.44,3.0
5440,567,167.33,1.0
5440,828,,2.0
5441,490,134.37,2.0
5441,572,87.01,3.0
5441,623,118.18,3.0
5441,925,64.95,3.0
5441,978,218.51,3.0
5442,15,62.94,1.0
5442,41,141.64,3.0
5442,544,244.85,2.0
5442,727,148.9,2.0
5443,153,92.66,3.0
5443,284,191.93,2.0
5443,511,219.43,3.0
5443,609,205.56,1.0
5443,804,232.19,1.0
5444,209,151.17,2.0
5444,249,224.27,2.0
5444,754,219.81,2.0
5444,963,220.36,2.0
5445,399,166.38,3.0
5445,440,200.17,1.0
5445,472,63.46,1.0
5445,601,189.18,
5445,847,163.66,1.0
5446,454,155.48,2.0
5446,722,134.69,3.0
5446,871,243.22,2.0
5447,396,195.67,1.0
5447,536,162.12,3.0
5447,895,187.0,3.0
5447,971,103.93,2.0
5448,516,113.3,1.0
5448,548,216.83,1.0
5448,636,198.75,1.0
5448,851,221.01,
5449,33,116.23,
5449,80,117.92,3.0
5449,179,174.38,3.0
5449,508,201.16,1.0
5449,670,60.76,3.0
5450,14,238.51,2.0
5450,181,120.56,1.0
5450,297,146.37,2.0
5450,607,222.02,2.0
5450,828,80.98,3.0
5451,96,171.87,1.0
5451,106,140.96,
5451,537,220.97,1.0
5451,597,208.18,1.0
5451,867,92.12,2.0
5452,58,231.34,1.0
5452,64,183.33,1.0
5452,413,207.64,3.0
5452,860,91.93,2.0
5453,76,90.52,1.0
5453,96,,1.0
5453,456,199.14,2.0
5453,671,204.75,2.0
5453,680,149.96,2.0
5454,130,121.41,3.0
5454,370,176.52,1.0
5454,715,180.14,3.0
5454,802,158.8,3.0
5455,184,218.95,3.0
5455,506,,1.0
5455,664,199.35,3.0
5456,208,57.13,2.0
5456,613,163.05,3.0
5456,651,126.72,3.0
5457,46,83.22,1.0
5457,231,,3.0
5457,595,56.33,1.0
5457,801,,2.0
5458,262,114.64,
5458,498,174.24,1.0
5458,546,145.42,1.0
5458,757,228.29,3.0
5458,895,187.0,1.0
5459,102,227.13,3.0
5459,252,195.57,1.0
5459,287,109.88,2.0
5459,320,57.22,3.0
5459,836,244.73,1.0
5460,154,146.97,1.0
5460,547,186.62,2.0
5460,858,219.38,1.0
5461,9,214.61,2.0
5461,118,62.77,2.0
5461,445,232.1,3.0
5461,771,,1.0
5462,77,61.77,1.0
5462,261,71.6,2.0
5462,558,235.51,2.0
5462,643,98.94,3.0
5462,705,91.17,3.0
5463,212,219.1,1.0
5463,341,125.25,3.0
5463,555,187.68,1.0
5463,574,118.2,
5464,515,200.99,2.0
5464,938,92.58,3.0
5464,973,79.62,3.0
5465,12,114.63,2.0
5465,284,191.93,1.0
5465,724,53.44,3.0
5465,939,113.97,2.0
5466,183,126.36,1.0
5466,757,228.29,1.0
5466,816,171.99,3.0
5467,373,160.95,1.0
5467,612,152.96,2.0
5467,931,122.11,2.0
5468,5,165.12,1.0
5468,53,60.45,3.0
5468,452,125.45,3.0
5469,66,167.64,2.0
5469,257,51.04,2.0
5469,447,83.16,2.0
5469,594,196.51,3.0
5470,217,78.51,3.0
5470,298,69.9,2.0
5470,359,196.99,1.0
5470,790,,3.0
5471,122,69.72,1.0
5471,466,220.25,1.0
5471,568,217.68,1.0
5472,386,208.73,1.0
5472,401,227.82,3.0
5472,684,248.13,2.0
5472,930,232.52,3.0
5473,69,153.27,1.0
5473,248,124.74,1.0
5473,563,,1.0
5473,907,121.43,2.0
5474,229,89.49,3.0
5474,406,192.02,3.0
5474,508,,1.0
5475,214,67.39,1.0
5475,847,163.66,2.0
5475,886,76.08,3.0
5475,939,113.97,2.0
5476,355,140.68,1.0
5476,433,242.72,
5476,774,226.25,2.0
5477,395,203.83,3.0
5477,910,142.16,2.0
5477,967,110.73,2.0
5478,80,117.92,
5478,259,57.05,2.0
5478,736,173.14,2.0
5478,749,74.3,1.0
5478,896,238.61,1.0
5479,3,132.41,2.0
5479,203,202.04,3.0
5479,388,231.18,3.0
5479,876,227.05,
5480,60,71.49,
5480,214,67.39,2.0
5480,464,191.8,2.0
5480,792,237.91,2.0
5481,95,222.28,3.0
5481,105,232.06,
5481,338,118.52,3.0
5481,394,191.95,1.0
5482,344,85.83,1.0
5482,640,97.33,2.0
5482,711,187.54,2.0
5482,780,73.93,3.0
5483,202,,3.0
5483,372,145.25,2.0
5483,392,113.94,2.0
5483,676,141.76,3.0
5483,796,213.28,2.0
5484,693,117.46,3.0
5484,889,132.36,1.0
5484,953,61.07,2.0
5485,7,95.98,1.0
5485,171,201.72,3.0
5485,845,225.55,1.0
5486,180,136.21,2.0
5486,434,199.38,3.0
5486,545,128.32,1.0
5487,146,215.92,3.0
5487,714,113.33,3.0
5487,745,180.42,1.0
5487,827,172.87,3.0
5488,296,217.57,2.0
5488,408,100.88,1.0
5488,599,227.54,3.0
5489,352,226.63,3.0
5489,620,137.63,
5489,714,113.33,2.0
5490,72,143.79,1.0
5490,228,110.69,2.0
5490,344,85.83,1.0
5490,417,224.94,
5490,458,243.84,1.0
5491,4,102.01,3.0
5491,294,237.5,1.0
5491,473,,2.0
5491,772,103.65,3.0
5492,201,50.2,3.0
5492,448,91.2,3.0
5492,806,146.82,1.0
5493,82,95.97,3.0
5493,256,114.14,2.0
5493,656,168.41,2.0
5493,762,133.63,1.0
5493,957,117.34,3.0
5494,185,134.78,3.0
5494,291,,3.0
5494,645,151.87,3.0
5494,719,53.18,3.0
5495,158,118.43,2.0
5495,272,73.28,1.0
5495,603,153.0,2.0
5495,697,77.43,3.0
5495,898,208.88,1.0
5496,134,114.43,3.0
5496,558,235.51,2.0
5496,572,87.01,3.0
5496,634,112.99,3.0
5496,670,60.76,
5497,168,62.42,1.0
5497,645,151.87,2.0
5497,713,120.97,2.0
5497,920,147.21,1.0
5498,236,185.64,1.0
5498,470,244.46,1.0
5498,523,229.28,2.0
5499,140,,1.0
5499,370,176.52,
5499,476,164.01,1.0
5500,114,164.82,1.0
5500,471,189.72,1.0
5500,630,160.61,1.0
5500,692,101.01,2.0
5500,994,59.99,2.0
5501,101,,3.0
5501,334,175.68,3.0
5501,461,171.34,3.0
5501,475,227.5,3.0
5502,59,80.92,3.0
5502,751,121.44,1.0
5502,952,245.6,3.0
5503,299,70.27,2.0
5503,418,,3.0
5503,427,113.76,3.0
5503,818,78.09,3.0
5504,25,195.55,3.0
5504,288,101.72,2.0
5504,526,217.47,1.0
5504,934,84.39,2.0
5505,29,62.51,1.0
5505,44,,2.0
5505,369,83.25,3.0
5505,683,143.94,
5505,775,131.39,2.0
5506,26,181.39,2.0
5506,530,215.96,1.0
5506,696,231.65,2.0
5507,200,230.67,3.0
5507,622,124.39,1.0
5507,777,176.22,3.0
5507,868,163.34,1.0
5507,978,218.51,3.0
5508,145,69.03,3.0
5508,154,146.97,1.0
5508,294,237.5,1.0
5508,415,92.65,3.0
5508,489,65.95,3.0
5509,336,,1.0
5509,342,,1.0
5509,392,113.94,2.0
5509,706,124.5,2.0
5510,294,237.5,3.0
5510,398,118.83,2.0
5510,533,91.11,1.0
5510,917,87.21,2.0
5510,940,87.48,3.0
5511,61,112.13,3.0
5511,504,208.11,2.0
5511,722,134.69,1.0
5511,735,237.3,3.0
5512,14,238.51,2.0
5512,451,222.6,3.0
5512,486,172.25,1.0
5512,644,102.24,3.0
5512,918,216.21,3.0
5513,31,240.33,2.0
5513,64,183.33,
5513,150,213.11,3.0
5513,733,188.04,1.0
5513,765,189.72,1.0
5514,62,84.49,2.0
5514,236,185.64,1.0
5514,496,145.41,2.0
5515,25,,2.0
5515,201,50.2,2.0
5515,454,155.48,3.0
5515,521,195.86,2.0
5516,446,,2.0
5516,467,176.42,
5516,981,60.43,1.0
5517,410,70.81,3.0
5517,523,229.28,1.0
5517,907,121.43,2.0
5517,957,117.34,1.0
5518,48,90.11,
5518,485,52.72,1.0
5518,684,248.13,1.0
5518,873,148.67,3.0
5519,92,168.26,1.0
5519,236,185.64,3.0
5519,433,242.72,1.0
5519,447,83.16,3.0
5519,928,,3.0
5520,167,56.81,1.0
5520,194,185.69,1.0
5520,562,205.86,2.0
5521,11,114.72,2.0
5521,192,62.03,1.0
5521,817,216.7,3.0
5522,225,58.78,1.0
5522,544,244.85,2.0
5522,559,164.08,3.0
5522,679,90.4,1.0
5523,83,125.49,3.0
5523,502,146.58,2.0
5523,544,244.85,
5523,558,235.51,1.0
5524,100,126.84,1.0
5524,585,178.27,1.0
5524,613,163.05,2.0
5524,665,86.52,
5525,535,167.78,3.0
5525,618,208.82,3.0
5525,881,150.03,1.0
5526,163,193.4,1.0
5526,470,244.46,1.0
5526,599,227.54,2.0
5526,698,86.52,2.0
5526,966,206.2,2.0
5527,431,208.24,1.0
5527,776,225.87,3.0
5527,988,225.45,1.0
5528,157,246.43,3.0
5528,350,61.9,2.0
5528,595,56.33,1.0
5528,881,150.03,3.0
5529,177,131.35,3.0
5529,649,160.83,2.0
5529,732,247.41,1.0
5529,891,87.61,2.0
5530,273,216.8,3.0
5530,598,119.08,3.0
5530,889,132.36,1.0
5530,979,205.27,2.0
5531,104,173.39,2.0
5531,569,160.56,1.0
5531,665,86.52,3.0
5532,88,183.78,2.0
5532,396,195.67,2.0
5532,425,235.7,3.0
5532,506,201.97,1.0
5533,63,141.12,2.0
5533,135,81.29,3.0
5533,146,215.92,2.0
5533,186,233.84,2.0
5533,738,185.7,1.0
5534,45,,1.0
5534,54,84.5,
5534,351,155.07,3.0
5534,486,172.25,2.0
5534,565,148.85,2.0
5535,101,,3.0
5535,438,131.49,3.0
5535,541,184.84,3.0
5535,694,51.93,1.0
5535,827,172.87,3.0
5536,12,114.63,2.0
5536,449,80.11,2.0
5536,739,196.68,1.0
5536,821,119.15,
5536,876,227.05,3.0
5537,212,219.1,1.0
5537,320,57.22,3.0
5537,351,155.07,
5537,499,,3.0
5537,614,174.25,3.0
5538,342,91.83,2.0
5538,685,,1.0
5538,950,209.25,1.0
5539,48,90.11,1.0
5539,202,214.72,2.0
5539,211,92.17,1.0
5539,514,247.43,3.0
5539,604,223.98,2.0
5540,64,183.33,3.0
5540,99,224.99,1.0
5540,280,190.85,3.0
5540,338,118.52,1.0
5541,208,57.13,3.0
5541,220,168.73,1.0
5541,581,165.07,3.0
5542,198,180.7,1.0
5542,275,99.56,1.0
5542,276,245.17,3.0
5542,689,132.29,2.0
5542,997,75.45,1.0
5543,491,214.4,3.0
5543,592,195.71,2.0
5543,615,85.81,1.0
5544,338,118.52,1.0
5544,348,203.33,1.0
5544,369,83.25,2.0
5544,649,160.83,1.0
5545,204,124.94,3.0
5545,256,114.14,1.0
5545,575,124.4,3.0
5545,615,85.81,2.0
5545,759,239.0,3.0
5546,350,61.9,1.0
5546,354,85.44,2.0
5546,776,225.87,2.0
5547,166,192.62,2.0
5547,522,210.27,2.0
5547,526,217.47,1.0
5548,545,128.32,2.0
5548,606,79.36,2.0
5548,863,183.04,2.0
5549,72,143.79,
5549,97,83.87,2.0
5549,567,167.33,1.0
5549,644,102.24,1.0
5550,61,112.13,1.0
5550,728,246.11,1.0
5550,854,155.1,3.0
5550,980,211.03,2.0
5551,55,238.3,1.0
5551,139,106.94,2.0
5551,242,142.14,2.0
5551,520,171.69,2.0
5551,576,227.01,3.0
5552,86,192.31,1.0
5552,652,150.27,2.0
5552,899,199.38,3.0
5553,565,148.85,1.0
5553,790,125.07,2.0
5553,956,212.49,1.0
5554,258,67.56,3.0
5554,267,,1.0
5554,373,160.95,2.0
5554,1000,133.67,1.0
5555,76,90.52,2.0
5555,364,217.62,3.0
5555,540,162.04,1.0
5555,813,246.86,1.0
5555,955,151.86,3.0
5556,283,124.19,2.0
5556,450,148.27,3.0
5556,495,127.08,3.0
5556,967,110.73,3.0
5557,225,58.78,3.0
5557,299,70.27,2.0
5557,435,249.48,1.0
5557,624,67.8,3.0
5557,895,187.0,1.0
5558,109,120.8,1.0
5558,585,178.27,3.0
5558,955,151.86,3.0
5559,60,71.49,3.0
5559,453,152.15,3.0
5559,824,170.3,2.0
5560,70,135.13,2.0
5560,200,230.67,2.0
5560,368,209.82,2.0
5560,653,82.55,
5560,664,199.35,2.0
5561,395,203.83,3.0
5561,426,227.24,3.0
5561,780,73.93,3.0
5561,857,60.36,1.0
5561,858,219.38,1.0
5562,138,221.92,1.0
5562,342,91.83,2.0
5562,402,101.5,1.0
5562,986,94.04,1.0
5563,60,71.49,3.0
5563,413,207.64,1.0
5563,541,,3.0
5564,157,246.43,3.0
5564,270,127.17,1.0
5564,342,91.83,3.0
5564,408,100.88,1.0
5564,909,203.1,2.0
5565,620,137.63,2.0
5565,675,64.53,3.0
5565,926,64.91,1.0
5566,44,93.13,1.0
5566,322,245.9,1.0
5566,667,124.68,2.0
5566,824,170.3,3.0
5566,992,88.48,1.0
5567,20,237.34,3.0
5567,44,93.13,2.0
5567,267,119.48,2.0
5567,520,171.69,
5567,828,,3.0
5568,18,66.18,1.0
5568,179,174.38,2.0
5568,772,103.65,2.0
5568,785,249.16,1.0
5568,815,75.93,3.0
5569,321,129.7,2.0
5569,479,160.63,1.0
5569,851,221.01,1.0
5570,74,172.32,3.0
5570,150,213.11,2.0
5570,442,105.37,3.0
5570,651,126.72,3.0
5570,664,199.35,1.0
5571,2,80.34,3.0
5571,279,200.37,2.0
5571,590,153.28,3.0
5571,866,178.4,1.0
5572,446,203.34,2.0
5572,613,,2.0
5572,775,131.39,3.0
5573,167,56.81,2.0
5573,224,226.21,1.0
5573,401,227.82,1.0
5574,515,200.99,3.0
5574,594,196.51,1.0
5574,990,76.1,3.0
5575,63,141.12,3.0
5575,949,248.37,1.0
5575,998,168.56,3.0
5576,157,246.43,1.0
5576,334,175.68,3.0
5576,362,177.66,3.0
5576,478,155.47,2.0
5577,455,235.33,1.0
5577,772,103.65,
5577,878,50.82,
5578,61,112.13,1.0
5578,153,92.66,3.0
5578,194,185.69,3.0
5578,380,,1.0
5578,561,150.52,1.0
5579,14,238.51,3.0
5579,250,184.37,2.0
5579,321,129.7,3.0
5579,589,62.33,1.0
5580,237,115.28,3.0
5580,489,65.95,1.0
5580,537,220.97,3.0
5581,562,205.86,1.0
5581,750,,3.0
5581,805,159.55,3.0
5581,942,167.61,
5582,247,207.42,1.0
5582,619,134.73,3.0
5582,854,,3.0
5583,170,105.05,3.0
5583,293,168.57,2.0
5583,750,149.73,1.0
5583,829,95.21,3.0
5583,997,75.45,1.0
5584,76,,1.0
5584,198,180.7,3.0
5584,795,127.79,2.0
5584,864,104.77,3.0
5585,34,62.0,1.0
5585,134,114.43,3.0
5585,391,185.14,3.0
5586,200,230.67,1.0
5586,237,115.28,1.0
5586,597,208.18,1.0
5586,802,158.8,2.0
5586,970,54.56,2.0
5587,151,226.05,3.0
5587,442,105.37,2.0
5587,606,79.36,3.0
5587,812,119.48,2.0
5588,156,204.33,1.0
5588,699,230.12,1.0
5588,771,76.39,2.0
5589,284,191.93,2.0
5589,678,201.53,2.0
5589,757,228.29,2.0
5589,879,107.5,3.0
5590,310,157.3,1.0
5590,353,247.18,2.0
5590,822,132.13,3.0
5590,922,246.25,3.0
5591,407,,2.0
5591,783,125.75,2.0
5591,970,54.56,3.0
5591,990,76.1,2.0
5592,74,172.32,2.0
5592,98,246.81,1.0
5592,521,195.86,2.0
5592,627,160.87,2.0
5593,130,121.41,3.0
5593,583,150.9,1.0
5593,621,189.73,3.0
5594,21,184.17,3.0
5594,340,67.14,3.0
5594,449,80.11,2.0
5594,870,77.14,1.0
5595,11,114.72,2.0
5595,365,153.13,1.0
5595,626,95.95,2.0
5595,895,187.0,
5596,46,83.22,2.0
5596,633,116.68,1.0
5596,886,76.08,2.0
5597,242,142.14,1.0
5597,253,211.86,2.0
5597,364,217.62,1.0
5597,783,125.75,2.0
5598,461,171.34,1.0
5598,713,120.97,
5598,879,107.5,2.0
5598,977,63.96,3.0
5599,47,95.83,3.0
5599,192,,2.0
5599,585,,2.0
5599,654,133.29,1.0
5599,933,140.94,2.0
5600,726,122.98,2.0
5600,753,54.32,
5600,840,135.48,2.0
5601,161,109.19,2.0
5601,618,208.82,3.0
5601,935,98.57,2.0
5601,955,151.86,1.0
5602,32,,3.0
5602,105,232.06,2.0
5602,697,77.43,1.0
5602,833,189.81,1.0
5603,29,62.51,3.0
5603,170,105.05,2.0
5603,752,208.54,3.0
5604,422,120.82,2.0
5604,783,125.75,2.0
5604,796,213.28,3.0
5604,981,60.43,3.0
5605,27,76.78,2.0
5605,332,129.36,1.0
5605,531,51.53,1.0
5606,132,221.69,2.0
5606,355,140.68,3.0
5606,446,203.34,2.0
5606,843,218.71,3.0
5606,918,216.21,2.0
5607,106,140.96,3.0
5607,430,88.19,2.0
5607,685,231.56,2.0
5607,810,160.28,2.0
5608,148,,2.0
5608,559,164.08,2.0
5608,695,77.45,2.0
5609,559,164.08,1.0
5609,668,88.59,3.0
5609,719,53.18,2.0
5610,455,235.33,1.0
5610,548,216.83,1.0
5610,626,95.95,3.0
5610,823,243.4,1.0
5611,593,97.97,2.0
5611,714,113.33,2.0
5611,994,59.99,1.0
5612,4,,3.0
5612,73,204.1,3.0
5612,683,143.94,1.0
5613,184,218.95,
5613,254,129.75,3.0
5613,441,,3.0
5613,692,,1.0
5614,182,204.96,3.0
5614,525,201.26,3.0
5614,647,99.37,
5614,848,,3.0
5615,219,237.76,2.0
5615,526,217.47,2.0
5615,581,165.07,2.0
5615,894,88.22,1.0
5616,394,191.95,2.0
5616,565,148.85,1.0
5616,595,56.33,1.0
5616,597,208.18,3.0
5616,969,231.07,1.0
5617,199,,2.0
5617,449,80.11,1.0
5617,770,215.18,3.0
5617,824,170.3,3.0
5618,162,76.84,2.0
5618,175,150.13,1.0
5618,303,134.23,3.0
5618,355,140.68,2.0
5618,570,77.81,1.0
5619,248,124.74,1.0
5619,359,196.99,1.0
5619,881,150.03,1.0
5619,965,,2.0
5620,113,102.99,3.0
5620,902,98.7,3.0
5620,997,75.45,1.0
5621,491,214.4,3.0
5621,494,64.74,1.0
5621,619,134.73,2.0
5622,167,56.81,3.0
5622,316,159.68,2.0
5622,613,163.05,3.0
5622,762,133.63,2.0
5622,889,132.36,1.0
5623,124,139.26,1.0
5623,163,,2.0
5623,239,220.93,1.0
5623,645,151.87,3.0
5623,980,211.03,1.0
5624,62,,2.0
5624,188,105.53,3.0
5624,461,171.34,2.0
5624,746,98.77,
5624,872,159.66,3.0
5625,519,180.71,2.0
5625,570,,2.0
5625,612,152.96,3.0
5625,835,163.93,2.0
5625,949,248.37,
5626,487,141.3,2.0
5626,691,166.4,1.0
5626,768,230.68,1.0
5626,869,192.32,1.0
5627,24,247.44,1.0
5627,451,222.6,1.0
5627,866,178.4,1.0
5628,213,206.95,3.0
5628,260,87.94,2.0
5628,494,64.74,1.0
5628,632,218.24,3.0
5629,108,66.24,3.0
5629,554,,3.0
5629,631,183.29,3.0
5629,666,109.41,1.0
5629,941,60.5,1.0
5630,261,71.6,3.0
5630,344,85.83,3.0
5630,858,219.38,3.0
5630,896,,3.0
5631,7,95.98,1.0
5631,485,52.72,3.0
5631,641,59.05,
5631,738,185.7,3.0
5632,414,184.12,2.0
5632,487,141.3,1.0
5632,841,196.07,1.0
5632,900,247.74,3.0
5632,975,187.08,3.0
5633,254,,2.0
5633,294,237.5,3.0
5633,793,202.22,1.0
5634,23,203.41,1.0
5634,51,106.86,2.0
5634,367,192.22,2.0
5634,435,249.48,3.0
5634,586,241.2,1.0
5635,237,115.28,2.0
5635,690,239.97,2.0
5635,780,73.93,1.0
5636,44,93.13,3.0
5636,90,180.87,2.0
5636,595,56.33,3.0
5636,974,55.39,1.0
5637,220,168.73,2.0
5637,222,92.66,1.0
5637,461,171.34,2.0
5637,718,153.46,2.0
5637,830,56.52,
5638,193,142.88,3.0
5638,460,89.74,2.0
5638,714,113.33,2.0
5638,856,233.37,3.0
5639,259,57.05,1.0
5639,321,129.7,3.0
5639,584,245.83,3.0
5639,672,79.28,
5640,130,121.41,3.0
5640,261,71.6,2.0
5640,486,172.25,3.0
5640,780,73.93,1.0
5641,237,115.28,2.0
5641,942,167.61,2.0
5641,958,,3.0
5642,74,172.32,3.0
5642,287,109.88,3.0
5642,400,186.19,2.0
5642,581,165.07,1.0
5642,632,218.24,1.0
5643,334,175.68,1.0
5643,436,170.1,3.0
5643,632,218.24,2.0
5643,768,230.68,3.0
5643,967,,2.0
5644,65,160.5,3.0
5644,270,127.17,2.0
5644,483,109.71,1.0
5644,629,195.26,2.0
5644,892,164.04,3.0
5645,60,71.49,1.0
5645,523,229.28,3.0
5645,876,227.05,2.0
5645,954,104.74,3.0
5646,12,114.63,2.0
5646,135,81.29,2.0
5646,879,107.5,
5646,986,94.04,2.0
5647,220,168.73,2.0
5647,496,145.41,2.0
5647,611,177.27,1.0
5647,765,189.72,1.0
5648,451,222.6,3.0
5648,497,175.73,3.0
5648,554,228.02,1.0
5648,952,245.6,3.0
5649,13,236.18,1.0
5649,40,146.27,2.0
5649,383,203.93,3.0
5649,719,53.18,1.0
5649,925,64.95,1.0
5650,756,133.58,2.0
5650,758,83.48,3.0
5650,793,202.22,3.0
5651,76,90.52,1.0
5651,905,98.14,3.0
5651,946,226.43,1.0
5652,174,141.85,2.0
5652,595,56.33,3.0
5652,806,146.82,2.0
5652,929,197.89,1.0
5653,150,213.11,1.0
5653,255,248.35,
5653,337,160.66,1.0
5653,947,201.85,1.0
5654,351,155.07,1.0
5654,760,226.3,1.0
5654,786,110.34,2.0
5655,37,65.77,1.0
5655,89,81.47,1.0
5655,660,185.42,2.0
5655,684,248.13,2.0
5655,898,208.88,2.0
5656,147,177.18,1.0
5656,174,141.85,3.0
5656,190,99.3,3.0
5656,586,241.2,1.0
5656,691,166.4,3.0
5657,65,160.5,1.0
5657,252,195.57,2.0
5657,631,183.29,3.0
5657,732,247.41,1.0
5658,242,142.14,2.0
5658,312,57.94,1.0
5658,342,91.83,2.0
5658,577,61.76,3.0
5658,781,181.2,2.0
5659,149,209.72,3.0
5659,260,,1.0
5659,289,128.11,2.0
5659,634,112.99,1.0
5659,901,142.02,2.0
5660,91,,1.0
5660,430,88.19,2.0
5660,431,208.24,3.0
5660,726,122.98,2.0
5660,965,239.42,1.0
5661,15,62.94,2.0
5661,571,179.32,3.0
5661,795,127.79,2.0
5661,971,103.93,1.0
5662,670,60.76,3.0
5662,827,172.87,1.0
5662,911,112.85,2.0
5663,259,57.05,2.0
5663,271,80.13,1.0
5663,454,155.48,3.0
5664,248,124.74,3.0
5664,312,57.94,1.0
5664,414,184.12,3.0
5664,649,160.83,2.0
5665,296,217.57,3.0
5665,385,78.48,1.0
5665,904,163.76,2.0
5666,438,131.49,3.0
5666,597,208.18,2.0
5666,615,85.81,1.0
5667,291,181.87,2.0
5667,473,196.68,2.0
5667,800,76.15,2.0
5668,244,204.28,3.0
5668,477,245.15,1.0
5668,702,81.84,2.0
5668,913,156.18,2.0
5669,370,176.52,3.0
5669,450,148.27,2.0
5669,786,110.34,1.0
5669,839,,2.0
5669,981,60.43,1.0
5670,21,184.17,2.0
5670,358,134.49,2.0
5670,538,,1.0
5670,786,110.34,1.0
5671,164,91.14,2.0
5671,506,201.97,2.0
5671,585,178.27,1.0
5671,747,241.7,1.0
5672,180,136.21,3.0
5672,429,99.3,2.0
5672,628,237.6,2.0
5672,777,176.22,3.0
5672,934,84.39,3.0
5673,421,66.61,2.0
5673,601,189.18,2.0
5673,717,207.78,3.0
5673,855,146.69,1.0
5673,904,163.76,1.0
5674,510,133.23,
5674,609,205.56,2.0
5674,706,124.5,1.0
5674,818,78.09,1.0
5675,172,103.8,3.0
5675,397,238.21,1.0
5675,458,243.84,2.0
5675,760,226.3,1.0
5676,146,215.92,1.0
5676,373,160.95,3.0
5676,851,221.01,2.0
5676,956,212.49,3.0
5676,957,117.34,2.0
5677,266,200.67,2.0
5677,874,173.76,1.0
5677,946,226.43,1.0
5677,956,212.49,3.0
5678,83,125.49,3.0
5678,231,229.82,2.0
5678,387,200.4,2.0
5678,464,191.8,1.0
5678,627,160.87,2.0
5679,487,141.3,1.0
5679,539,,2.0
5679,795,127.79,3.0
5679,853,151.97,2.0
5680,198,180.7,3.0
5680,282,216.11,3.0
5680,727,148.9,2.0
5680,883,133.41,3.0
5681,6,72.5,3.0
5681,654,133.29,3.0
5681,861,188.97,3.0
5681,876,227.05,2.0
5682,107,123.53,2.0
5682,270,127.17,3.0
5682,332,129.36,3.0
5682,486,172.25,3.0
5682,638,68.44,2.0
5683,242,142.14,2.0
5683,564,228.93,3.0
5683,615,85.81,3.0
5683,694,51.93,1.0
5683,779,92.97,3.0
5684,192,62.03,1.0
5684,270,127.17,2.0
5684,282,216.11,2.0
5684,896,238.61,2.0
5685,66,167.64,1.0
5685,104,173.39,1.0
5685,786,110.34,2.0
5686,339,52.62,2.0
5686,390,82.52,2.0
5686,724,53.44,2.0
5687,250,184.37,1.0
5687,511,219.43,2.0
5687,525,201.26,1.0
5687,812,119.48,3.0
5688,410,,3.0
5688,540,162.04,1.0
5688,725,226.28,1.0
5688,950,209.25,1.0
5688,997,75.45,2.0
5689,149,209.72,1.0
5689,615,85.81,2.0
5689,789,138.29,3.0
5689,796,213.28,3.0
5690,159,170.35,3.0
5690,295,225.4,1.0
5690,545,128.32,1.0
5690,760,,2.0
5690,910,142.16,2.0
5691,269,81.71,2.0
5691,325,149.23,3.0
5691,639,110.99,2.0
5691,855,146.69,3.0
5692,399,166.38,1.0
5692,767,106.78,1.0
5692,993,83.38,2.0
5693,139,106.94,1.0
5693,197,220.79,3.0
5693,239,220.93,2.0
5693,436,170.1,1.0
5694,550,83.71,1.0
5694,574,118.2,2.0
5694,663,130.57,2.0
5694,669,230.08,1.0
5694,946,226.43,2.0
5695,127,108.62,2.0
5695,659,163.96,
5695,840,135.48,2.0
5696,32,161.45,2.0
5696,170,105.05,2.0
5696,569,160.56,3.0
5697,6,72.5,3.0
5697,219,237.76,2.0
5697,275,99.56,3.0
5697,701,209.76,2.0
5698,420,55.79,2.0
5698,770,215.18,3.0
5698,858,219.38,2.0
5699,460,89.74,2.0
5699,639,110.99,2.0
5699,797,220.47,2.0
5699,837,249.04,2.0
5699,926,64.91,3.0
5700,101,,2.0
5700,345,168.81,1.0
5700,364,217.62,3.0
5700,905,98.14,2.0
5700,924,196.23,1.0
5701,148,241.66,1.0
5701,212,219.1,3.0
5701,705,91.17,2.0
5701,858,219.38,1.0
5701,922,,3.0
5702,391,185.14,2.0
5702,614,,3.0
5702,635,132.03,2.0
5702,711,187.54,1.0
5702,809,66.18,2.0
5703,149,209.72,2.0
5703,157,246.43,3.0
5703,691,166.4,3.0
5703,863,183.04,3.0
5704,308,117.08,1.0
5704,310,157.3,1.0
5704,320,57.22,1.0
5704,579,202.8,
5705,65,160.5,1.0
5705,113,102.99,1.0
5705,735,237.3,3.0
5705,861,188.97,1.0
5705,896,238.61,3.0
5706,158,,1.0
5706,164,91.14,1.0
5706,395,203.83,3.0
5706,895,187.0,2.0
5706,983,78.57,1.0
5707,79,182.33,3.0
5707,97,83.87,1.0
5707,923,149.87,1.0
5708,466,220.25,1.0
5708,740,111.83,3.0
5708,965,239.42,3.0
5709,133,240.19,3.0
5709,337,160.66,3.0
5709,405,70.71,3.0
5709,608,220.66,2.0
5710,25,195.55,3.0
5710,247,207.42,1.0
5710,772,103.65,2.0
5710,883,133.41,2.0
5710,933,140.94,3.0
5711,322,245.9,1.0
5711,367,192.22,2.0
5711,379,148.21,3.0
5711,944,77.61,1.0
5712,266,200.67,3.0
5712,335,146.92,2.0
5712,454,155.48,1.0
5712,713,120.97,2.0
5712,968,166.73,3.0
5713,195,153.66,2.0
5713,246,64.86,2.0
5713,646,191.41,3.0
5714,322,245.9,2.0
5714,343,70.29,2.0
5714,671,204.75,3.0
5714,861,188.97,3.0
5714,877,202.64,2.0
5715,261,71.6,
5715,659,163.96,2.0
5715,750,149.73,3.0
5716,450,,3.0
5716,791,169.28,3.0
5716,840,135.48,3.0
5716,874,173.76,3.0
5717,207,88.92,2.0
5717,539,93.75,1.0
5717,695,77.45,2.0
5717,741,90.08,2.0
5717,849,54.69,1.0
5718,75,154.27,1.0
5718,479,160.63,2.0
5718,836,244.73,2.0
5719,66,,2.0
5719,276,245.17,1.0
5719,589,62.33,2.0
5720,63,141.12,2.0
5720,352,226.63,3.0
5720,530,215.96,1.0
5720,577,61.76,3.0
5720,763,68.54,2.0
5721,103,67.22,2.0
5721,139,106.94,2.0
5721,189,187.35,1.0
5721,592,195.71,3.0
5722,167,56.81,3.0
5722,597,208.18,2.0
5722,975,187.08,3.0
5723,169,116.7,3.0
5723,370,176.52,3.0
5723,515,200.99,
5723,636,198.75,1.0
5724,3,132.41,2.0
5724,54,84.5,
5724,181,120.56,1.0
5724,666,,2.0
5724,735,237.3,1.0
5725,138,221.92,1.0
5725,300,173.53,
5725,574,118.2,1.0
5725,591,61.38,2.0
5725,839,124.12,3.0
5726,86,192.31,2.0
5726,497,175.73,1.0
5726,671,204.75,3.0
5726,720,225.01,3.0
5726,750,149.73,1.0
5727,8,63.45,1.0
5727,218,215.86,1.0
5727,727,148.9,
5728,103,67.22,2.0
5728,279,200.37,3.0
5728,663,130.57,3.0
5729,556,246.31,3.0
5729,767,106.78,2.0
5729,987,182.97,2.0
5730,54,84.5,1.0
5730,415,92.65,3.0
5730,484,199.61,2.0
5730,650,65.51,3.0
5731,40,146.27,3.0
5731,259,57.05,3.0
5731,275,99.56,2.0
5732,642,157.65,1.0
5732,811,223.59,2.0
5732,874,173.76,2.0
5733,23,203.41,2.0
5733,175,150.13,2.0
5733,304,208.6,3.0
5733,406,192.02,2.0
5733,848,58.97,3.0
5734,449,80.11,3.0
5734,673,71.97,1.0
5734,915,239.01,1.0
5735,63,141.12,1.0
5735,577,61.76,3.0
5735,605,138.19,3.0
5735,829,95.21,1.0
5736,565,148.85,1.0
5736,642,157.65,
5736,723,176.43,2.0
5737,272,73.28,1.0
5737,400,186.19,3.0
5737,460,89.74,2.0
5737,737,127.14,
5737,928,235.84,1.0
5738,264,227.0,1.0
5738,439,226.19,3.0
5738,698,86.52,2.0
5739,28,96.21,2.0
5739,111,209.87,3.0
5739,325,149.23,3.0
5739,592,195.71,2.0
5739,744,231.74,3.0
5740,133,240.19,1.0
5740,167,56.81,2.0
5740,233,243.92,3.0
5740,719,53.18,1.0
5741,556,246.31,1.0
5741,612,152.96,3.0
5741,766,249.63,1.0
5741,917,87.21,3.0
5742,167,56.81,1.0
5742,869,192.32,2.0
5742,906,93.79,
5742,979,205.27,3.0
5743,82,95.97,3.0
5743,523,229.28,3.0
5743,524,67.52,2.0
5743,724,53.44,
5743,779,92.97,2.0
5744,191,226.32,
5744,224,226.21,3.0
5744,278,100.46,3.0
5744,410,70.81,2.0
5744,723,176.43,2.0
5745,28,96.21,3.0
5745,486,172.25,3.0
5745,661,83.39,2.0
5745,687,176.38,2.0
5746,90,180.87,3.0
5746,291,181.87,1.0
5746,936,157.52,1.0
5747,136,64.57,3.0
5747,646,191.41,3.0
5747,891,87.61,3.0
5747,920,147.21,2.0
5748,292,214.47,2.0
5748,300,173.53,3.0
5748,322,245.9,3.0
5748,351,155.07,2.0
5748,509,94.66,3.0
5749,90,180.87,1.0
5749,331,133.75,2.0
5749,609,205.56,3.0
5749,849,54.69,3.0
5750,350,61.9,1.0
5750,536,162.12,1.0
5750,816,171.99,2.0
5750,820,51.21,1.0
5750,930,232.52,2.0
5751,198,180.7,3.0
5751,353,247.18,3.0
5751,428,174.0,1.0
5751,619,134.73,
5752,103,67.22,3.0
5752,287,109.88,1.0
5752,734,201.32,1.0
5753,72,,1.0
5753,208,,2.0
5753,379,148.21,2.0
5753,852,239.79,1.0
5753,863,183.04,3.0
5754,473,196.68,3.0
5754,685,231.56,3.0
5754,777,176.22,2.0
5754,889,132.36,2.0
5755,33,116.23,2.0
5755,417,224.94,2.0
5755,875,127.14,2.0
5756,646,191.41,2.0
5756,673,71.97,1.0
5756,873,148.67,3.0
5757,218,215.86,1.0
5757,709,92.58,2.0
5757,742,153.3,1.0
5758,429,99.3,3.0
5758,748,232.9,1.0
5758,764,184.08,1.0
5758,789,138.29,2.0
5758,894,88.22,1.0
5759,342,91.83,2.0
5759,467,176.42,2.0
5759,668,88.59,2.0
5759,725,226.28,2.0
5759,745,180.42,2.0
5760,17,128.61,3.0
5760,332,,1.0
5760,503,51.95,2.0
5760,594,196.51,2.0
5760,797,220.47,1.0
5761,50,121.44,2.0
5761,56,162.42,2.0
5761,651,126.72,1.0
5761,947,201.85,2.0
5762,529,69.77,3.0
5762,704,50.64,2.0
5762,886,76.08,2.0
5762,913,156.18,2.0
5763,327,149.0,
5763,546,145.42,1.0
5763,735,237.3,1.0
5763,747,241.7,1.0
5763,996,196.78,3.0
5764,107,123.53,3.0
5764,324,231.64,3.0
5764,428,174.0,2.0
5765,3,132.41,
5765,456,199.14,1.0
5765,689,132.29,3.0
5766,22,74.05,3.0
5766,131,157.55,2.0
5766,241,69.12,2.0
5766,788,213.43,3.0
5766,999,66.5,2.0
5767,171,201.72,1.0
5767,489,65.95,1.0
5767,681,235.72,3.0
5768,119,151.13,2.0
5768,241,69.12,2.0
5768,631,183.29,2.0
5769,10,62.55,1.0
5769,390,82.52,1.0
5769,436,,1.0
5769,747,241.7,2.0
5770,108,66.24,2.0
5770,268,80.87,2.0
5770,545,128.32,3.0
5770,754,219.81,3.0
5770,765,189.72,2.0
5771,77,61.77,2.0
5771,268,80.87,3.0
5771,301,236.73,3.0
5771,384,137.63,2.0
5771,998,168.56,3.0
5772,224,226.21,1.0
5772,798,80.05,2.0
5772,986,94.04,3.0
5773,194,185.69,2.0
5773,201,50.2,3.0
5773,596,195.79,2.0
5773,692,101.01,2.0
5773,721,107.84,3.0
5774,49,237.53,2.0
5774,672,79.28,3.0
5774,822,132.13,3.0
5774,849,54.69,1.0
5774,962,158.95,3.0
5775,340,67.14,2.0
5775,643,98.94,3.0
5775,701,209.76,1.0
5776,348,203.33,3.0
5776,619,134.73,2.0
5776,810,160.28,1.0
5776,832,119.16,
5777,364,217.62,3.0
5777,415,92.65,3.0
5777,709,92.58,1.0
5777,862,160.96,1.0
5777,910,142.16,2.0
5778,300,173.53,3.0
5778,343,70.29,2.0
5778,976,80.22,3.0
5779,22,74.05,3.0
5779,67,55.29,3.0
5779,157,246.43,3.0
5779,413,207.64,2.0
5779,903,64.48,1.0
5780,177,131.35,3.0
5780,466,220.25,2.0
5780,592,195.71,3.0
5780,616,178.66,3.0
5780,736,173.14,3.0
5781,302,124.05,1.0
5781,698,86.52,2.0
5781,763,68.54,2.0
5781,776,225.87,2.0
5781,889,132.36,
5782,68,206.01,2.0
5782,621,,1.0
5782,969,231.07,3.0
5783,43,,1.0
5783,616,178.66,3.0
5783,882,191.38,2.0
5783,950,209.25,1.0
5784,458,243.84,3.0
5784,659,163.96,1.0
5784,947,201.85,3.0
5785,212,219.1,3.0
5785,477,245.15,2.0
5785,689,132.29,3.0
5785,870,77.14,2.0
5786,233,243.92,2.0
5786,480,185.48,3.0
5786,530,215.96,3.0
5786,950,209.25,1.0
5786,968,166.73,3.0
5787,188,105.53,1.0
5787,428,174.0,1.0
5787,850,232.72,2.0
5787,990,76.1,1.0
5788,219,237.76,3.0
5788,224,226.21,3.0
5788,423,221.14,2.0
5789,242,142.14,2.0
5789,353,247.18,1.0
5789,704,50.64,1.0
5789,789,138.29,2.0
5789,881,150.03,3.0
5790,418,104.84,2.0
5790,803,182.99,2.0
5790,815,75.93,2.0
5790,840,135.48,3.0
5790,858,219.38,1.0
5791,151,226.05,2.0
5791,605,138.19,1.0
5791,694,51.93,2.0
5792,27,76.78,2.0
5792,941,60.5,2.0
5792,983,78.57,2.0
5793,5,165.12,2.0
5793,234,194.51,3.0
5793,713,120.97,1.0
5793,715,180.14,3.0
5794,98,246.81,1.0
5794,309,,3.0
5794,325,149.23,3.0
5794,447,83.16,3.0
5794,990,76.1,3.0
5795,110,87.63,1.0
5795,170,105.05,1.0
5795,512,185.45,2.0
5796,114,164.82,3.0
5796,520,,1.0
5796,711,187.54,3.0
5797,276,245.17,2.0
5797,693,117.46,3.0
5797,852,239.79,2.0
5798,124,139.26,3.0
5798,263,93.74,3.0
5798,755,198.93,2.0
5798,770,215.18,3.0
5798,939,113.97,1.0
5799,58,231.34,3.0
5799,102,227.13,1.0
5799,326,173.51,2.0
5799,423,221.14,2.0
5799,794,112.71,3.0
5800,23,203.41,3.0
5800,519,180.71,1.0
5800,558,235.51,1.0
5800,919,169.1,1.0
5801,214,67.39,3.0
5801,224,226.21,2.0
5801,328,93.55,2.0
5801,721,107.84,2.0
5801,821,119.15,1.0
5802,597,208.18,2.0
5802,912,101.23,3.0
5802,925,64.95,2.0
5803,465,230.21,3.0
5803,836,244.73,3.0
5803,922,246.25,2.0
5804,365,153.13,3.0
5804,402,101.5,1.0
5804,754,219.81,1.0
5804,956,212.49,3.0
5805,9,214.61,1.0
5805,125,146.21,2.0
5805,181,120.56,1.0
5805,281,242.32,1.0
5805,626,95.95,3.0
5806,449,80.11,1.0
5806,556,246.31,3.0
5806,749,74.3,3.0
5807,18,66.18,1.0
5807,215,152.98,3.0
5807,847,163.66,3.0
5808,31,240.33,1.0
5808,102,227.13,2.0
5808,189,187.35,3.0
5808,486,172.25,3.0
5808,666,109.41,1.0
5809,332,129.36,1.0
5809,384,137.63,2.0
5809,499,165.93,3.0
5809,568,217.68,1.0
5809,894,88.22,3.0
5810,34,62.0,
5810,157,246.43,1.0
5810,340,67.14,1.0
5810,557,102.94,1.0
5811,165,69.55,1.0
5811,244,204.28,2.0
5811,959,239.53,1.0
5812,276,245.17,3.0
5812,422,120.82,2.0
5812,494,64.74,2.0
5812,796,213.28,2.0
5813,108,66.24,1.0
5813,613,163.05,1.0
5813,943,173.92,2.0
5813,952,245.6,2.0
5814,173,65.65,3.0
5814,287,109.88,1.0
5814,441,208.41,1.0
5814,653,82.55,1.0
5815,87,150.25,3.0
5815,643,98.94,2.0
5815,680,149.96,1.0
5815,906,93.79,2.0
5816,3,132.41,1.0
5816,153,92.66,3.0
5816,402,101.5,3.0
5816,591,61.38,
5817,428,174.0,1.0
5817,535,167.78,2.0
5817,588,151.91,1.0
5817,741,90.08,
5817,817,216.7,1.0
5818,681,235.72,1.0
5818,775,131.39,1.0
5818,872,159.66,1.0
5819,127,108.62,1.0
5819,191,226.32,2.0
5819,296,217.57,2.0
5819,370,176.52,3.0
5819,824,170.3,3.0
5820,126,139.84,3.0
5820,296,217.57,2.0
5820,614,174.25,3.0
5820,856,233.37,3.0
5820,950,209.25,1.0
5821,524,67.52,1.0
5821,748,232.9,2.0
5821,775,131.39,3.0
5821,904,163.76,1.0
5821,971,103.93,2.0
5822,180,136.21,3.0
5822,234,194.51,1.0
5822,240,189.89,2.0
5823,24,247.44,1.0
5823,447,,3.0
5823,502,146.58,2.0
5823,592,195.71,1.0
5823,822,132.13,
5824,183,126.36,1.0
5824,298,69.9,3.0
5824,671,204.75,2.0
5824,948,145.76,3.0
5825,13,236.18,2.0
5825,388,231.18,
5825,611,177.27,1.0
5825,862,160.96,2.0
5826,378,148.58,3.0
5826,381,56.19,3.0
5826,580,210.06,3.0
5826,966,206.2,1.0
5827,76,90.52,2.0
5827,440,200.17,1.0
5827,543,103.79,2.0
5827,718,153.46,2.0
5827,750,149.73,3.0
5828,360,125.34,2.0
5828,407,174.05,1.0
5828,569,160.56,3.0
5828,951,81.4,3.0
5829,322,245.9,2.0
5829,633,116.68,2.0
5829,804,232.19,2.0
5830,43,116.23,2.0
5830,79,182.33,2.0
5830,127,108.62,3.0
5831,358,134.49,3.0
5831,633,116.68,1.0
5831,780,73.93,3.0
5831,792,237.91,1.0
5831,942,167.61,2.0
5832,129,200.64,1.0
5832,471,,1.0
5832,582,195.63,2.0
5832,664,199.35,1.0
5833,305,147.13,3.0
5833,393,,2.0
5833,828,80.98,1.0
5834,23,203.41,3.0
5834,603,153.0,3.0
5834,847,163.66,3.0
5835,15,,3.0
5835,374,86.56,2.0
5835,399,166.38,3.0
5835,523,229.28,3.0
5835,539,93.75,1.0
5836,236,185.64,2.0
5836,350,61.9,1.0
5836,519,180.71,2.0
5837,186,233.84,2.0
5837,213,,1.0
5837,294,237.5,3.0
5837,706,124.5,2.0
5837,937,164.51,2.0
5838,324,231.64,3.0
5838,622,124.39,3.0
5838,986,94.04,3.0
5839,164,91.14,1.0
5839,285,177.93,1.0
5839,770,215.18,3.0
5839,816,171.99,2.0
5839,881,150.03,2.0
5840,465,230.21,
5840,705,91.17,3.0
5840,865,150.88,2.0
5840,904,163.76,2.0
5841,164,91.14,2.0
5841,518,232.96,2.0
5841,773,148.67,2.0
5842,35,146.61,2.0
5842,53,60.45,1.0
5842,433,242.72,3.0
5843,47,95.83,2.0
5843,306,196.65,1.0
5843,346,96.77,
5843,674,155.82,1.0
5844,295,225.4,3.0
5844,405,70.71,2.0
5844,444,62.33,3.0
5844,692,101.01,1.0
5845,174,141.85,2.0
5845,705,91.17,3.0
5845,712,151.86,2.0
5846,157,246.43,3.0
5846,377,52.08,3.0
5846,525,201.26,3.0
5846,903,64.48,3.0
5846,937,164.51,3.0
5847,78,166.26,3.0
5847,318,68.99,
5847,802,158.8,1.0
5848,318,68.99,3.0
5848,651,126.72,1.0
5848,805,159.55,3.0
5848,894,88.22,2.0
5848,953,61.07,3.0
5849,107,123.53,3.0
5849,590,153.28,3.0
5849,610,118.1,3.0
5850,780,73.93,1.0
5850,827,172.87,2.0
5850,864,104.77,1.0
5851,76,90.52,1.0
5851,153,92.66,3.0
5851,362,177.66,3.0
5851,419,183.25,1.0
5851,846,95.98,1.0
5852,111,209.87,3.0
5852,169,116.7,1.0
5852,416,141.33,3.0
5852,468,72.43,3.0
5852,857,60.36,3.0
5853,26,181.39,1.0
5853,412,242.29,2.0
5853,863,183.04,1.0
5854,423,221.14,
5854,472,63.46,1.0
5854,517,,2.0
5854,957,117.34,1.0
5854,987,182.97,3.0
5855,87,150.25,3.0
5855,418,104.84,
5855,661,83.39,1.0
5855,719,53.18,3.0
5855,795,127.79,1.0
5856,18,66.18,3.0
5856,70,,1.0
5856,808,233.39,1.0
5857,180,136.21,1.0
5857,205,56.5,2.0
5857,277,156.48,
5857,421,66.61,
5857,498,174.24,1.0
5858,30,207.25,2.0
5858,165,69.55,3.0
5858,217,78.51,3.0
5858,845,225.55,1.0
5859,407,174.05,3.0
5859,904,163.76,3.0
5859,937,164.51,1.0
5860,2,80.34,2.0
5860,338,118.52,1.0
5860,619,134.73,2.0
5860,670,60.76,3.0
5861,64,183.33,1.0
5861,398,118.83,
5861,524,67.52,1.0
5861,888,80.36,2.0
5861,953,61.07,2.0
5862,491,214.4,2.0
5862,849,54.69,1.0
5862,850,232.72,2.0
5863,243,188.05,2.0
5863,451,222.6,2.0
5863,641,59.05,1.0
5863,918,216.21,3.0
5864,142,,1.0
5864,374,86.56,3.0
5864,664,199.35,2.0
5864,837,249.04,2.0
5864,971,103.93,3.0
5865,104,173.39,1.0
5865,262,114.64,
5865,682,103.7,2.0
5865,931,122.11,3.0
5866,85,169.02,2.0
5866,247,207.42,3.0
5866,572,87.01,2.0
5866,598,119.08,3.0
5867,274,189.78,3.0
5867,300,173.53,2.0
5867,508,201.16,1.0
5867,791,169.28,1.0
5867,862,160.96,3.0
5868,599,227.54,2.0
5868,818,78.09,2.0
5868,986,94.04,2.0
5869,276,245.17,1.0
5869,814,160.37,1.0
5869,851,221.01,2.0
5870,62,84.49,2.0
5870,692,101.01,1.0
5870,842,107.24,1.0
5870,861,188.97,1.0
5871,226,177.91,1.0
5871,791,169.28,2.0
5871,869,192.32,3.0
5872,205,56.5,3.0
5872,378,148.58,1.0
5872,393,188.3,3.0
5872,649,,2.0
5872,841,196.07,2.0
5873,61,112.13,3.0
5873,292,214.47,3.0
5873,742,153.3,3.0
5874,392,113.94,2.0
5874,648,230.35,2.0
5874,755,198.93,2.0
5874,810,160.28,1.0
5874,813,,3.0
5875,121,152.74,2.0
5875,476,164.01,1.0
5875,846,95.98,
5876,744,231.74,2.0
5876,814,160.37,2.0
5876,926,64.91,3.0
5877,330,103.52,2.0
5877,526,217.47,1.0
5877,735,237.3,3.0
5877,936,157.52,3.0
5878,192,62.03,2.0
5878,497,175.73,
5878,949,,3.0
5879,200,230.67,2.0
5879,248,124.74,2.0
5879,735,237.3,1.0
5879,765,189.72,1.0
5879,903,,2.0
5880,313,223.73,3.0
5880,381,56.19,3.0
5880,441,208.41,2.0
5881,389,135.35,1.0
5881,740,111.83,3.0
5881,946,226.43,2.0
5882,142,56.89,1.0
5882,337,160.66,2.0
5882,609,205.56,3.0
5883,172,103.8,2.0
5883,480,185.48,2.0
5883,875,127.14,1.0
5884,46,83.22,1.0
5884,99,224.99,2.0
5884,238,203.38,3.0
5884,362,177.66,2.0
5884,840,135.48,1.0
5885,91,176.48,3.0
5885,196,82.73,3.0
5885,544,244.85,1.0
5885,562,205.86,3.0
5886,91,176.48,2.0
5886,639,110.99,1.0
5886,854,,3.0
5886,931,122.11,3.0
5887,286,,1.0
5887,330,103.52,1.0
5887,448,,3.0
5887,862,160.96,2.0
5887,976,80.22,1.0
5888,156,204.33,2.0
5888,356,144.51,1.0
5888,370,176.52,3.0
5888,421,66.61,1.0
5889,52,147.19,2.0
5889,105,232.06,2.0
5889,673,71.97,2.0
5890,171,201.72,1.0
5890,324,231.64,3.0
5890,627,160.87,2.0
5891,3,132.41,3.0
5891,81,223.52,3.0
5891,261,71.6,1.0
5891,797,220.47,2.0
5891,830,56.52,3.0
5892,458,243.84,2.0
5892,564,228.93,2.0
5892,830,56.52,3.0
5892,879,107.5,2.0
5893,189,187.35,3.0
5893,203,202.04,3.0
5893,629,195.26,1.0
5893,650,65.51,1.0
5894,3,132.41,1.0
5894,238,203.38,1.0
5894,393,188.3,1.0
5894,592,,3.0
5894,641,59.05,1.0
5895,55,238.3,1.0
5895,630,160.61,1.0
5895,708,191.55,2.0
5896,240,189.89,2.0
5896,252,195.57,3.0
5896,584,245.83,2.0
5896,773,148.67,2.0
5896,838,124.38,1.0
5897,1,,1.0
5897,10,62.55,2.0
5897,53,60.45,2.0
5897,604,223.98,1.0
5897,966,206.2,2.0
5898,191,226.32,2.0
5898,243,188.05,3.0
5898,331,133.75,2.0
5898,503,51.95,
5898,726,,2.0
5899,38,104.28,3.0
5899,117,85.95,3.0
5899,303,134.23,1.0
5899,730,167.65,3.0
5900,179,174.38,3.0
5900,434,199.38,2.0
5900,451,222.6,1.0
5900,765,189.72,3.0
5900,887,217.22,3.0
5901,666,109.41,2.0
5901,824,170.3,1.0
5901,921,156.4,3.0
5901,980,211.03,2.0
5902,33,116.23,2.0
5902,88,183.78,3.0
5902,238,203.38,3.0
5903,353,247.18,2.0
5903,487,141.3,2.0
5903,642,157.65,1.0
5904,225,58.78,3.0
5904,265,245.93,1.0
5904,390,82.52,3.0
5904,651,126.72,1.0
5905,373,160.95,3.0
5905,458,243.84,1.0
5905,593,97.97,1.0
5906,157,246.43,2.0
5906,600,169.99,2.0
5906,790,125.07,2.0
5906,944,77.61,3.0
5907,41,141.64,3.0
5907,119,151.13,2.0
5907,314,186.8,2.0
5907,342,91.83,2.0
5907,431,208.24,3.0
5908,45,,3.0
5908,134,114.43,1.0
5908,332,129.36,1.0
5908,347,136.1,2.0
5909,448,91.2,1.0
5909,604,223.98,2.0
5909,996,196.78,2.0
5910,13,236.18,2.0
5910,246,64.86,2.0
5910,287,109.88,
5910,549,87.59,2.0
5910,822,132.13,2.0
5911,177,131.35,1.0
5911,268,80.87,2.0
5911,418,104.84,2.0
5911,994,59.99,1.0
5912,365,,1.0
5912,903,64.48,3.0
5912,944,77.61,3.0
5913,362,177.66,2.0
5913,430,88.19,3.0
5913,534,190.45,3.0
5913,870,77.14,1.0
5913,899,199.38,2.0
5914,98,246.81,2.0
5914,124,139.26,
5914,620,137.63,1.0
5914,705,91.17,2.0
5914,796,213.28,2.0
5915,289,128.11,1.0
5915,442,105.37,1.0
5915,723,176.43,2.0
5916,326,173.51,3.0
5916,418,104.84,1.0
5916,631,183.29,2.0
5916,646,191.41,3.0
5917,308,117.08,3.0
5917,384,137.63,1.0
5917,628,237.6,3.0
5917,832,,3.0
5917,955,151.86,3.0
5918,412,242.29,3.0
5918,440,200.17,3.0
5918,831,208.58,2.0
5919,190,99.3,1.0
5919,273,216.8,2.0
5919,591,61.38,1.0
5919,743,180.58,2.0
5919,977,63.96,3.0
5920,310,157.3,3.0
5920,390,82.52,1.0
5920,629,195.26,2.0
5920,850,232.72,1.0
5921,118,62.77,2.0
5921,202,214.72,2.0
5921,233,243.92,3.0
5921,690,239.97,3.0
5922,134,114.43,2.0
5922,317,132.96,2.0
5922,672,79.28,2.0
5923,102,227.13,3.0
5923,143,72.98,3.0
5923,568,217.68,1.0
5923,633,116.68,1.0
5924,38,104.28,3.0
5924,134,114.43,2.0
5924,362,177.66,2.0
5924,423,221.14,2.0
5924,893,195.69,2.0
5925,421,66.61,3.0
5925,641,59.05,
5925,693,117.46,2.0
5925,899,199.38,2.0
5926,383,203.93,3.0
5926,772,103.65,2.0
5926,865,150.88,2.0
5927,421,66.61,3.0
5927,542,,2.0
5927,767,106.78,1.0
5928,137,110.1,1.0
5928,593,97.97,1.0
5928,728,246.11,1.0
5929,271,80.13,
5929,395,203.83,1.0
5929,629,,3.0
5929,776,225.87,1.0
5929,935,98.57,3.0
5930,177,131.35,2.0
5930,587,62.1,1.0
5930,698,86.52,3.0
5931,410,70.81,3.0
5931,495,127.08,1.0
5931,900,247.74,2.0
5932,463,,3.0
5932,717,207.78,2.0
5932,801,207.59,1.0
5932,978,218.51,2.0
5933,15,62.94,1.0
5933,258,67.56,2.0
5933,455,235.33,2.0
5933,673,71.97,1.0
5934,109,120.8,3.0
5934,411,152.22,1.0
5934,480,185.48,2.0
5934,800,76.15,
5934,823,243.4,3.0
5935,103,67.22,3.0
5935,198,180.7,2.0
5935,209,151.17,3.0
5935,930,232.52,3.0
5935,986,94.04,2.0
5936,149,,2.0
5936,400,186.19,2.0
5936,728,246.11,2.0
5936,739,196.68,2.0
5937,202,214.72,2.0
5937,398,118.83,2.0
5937,512,185.45,1.0
5937,554,228.02,2.0
5937,722,134.69,1.0
5938,155,116.62,2.0
5938,277,156.48,1.0
5938,320,57.22,2.0
5938,622,124.39,2.0
5939,221,142.79,2.0
5939,358,134.49,1.0
5939,442,105.37,1.0
5939,622,124.39,2.0
5939,658,165.29,
5940,766,,2.0
5940,817,216.7,1.0
5940,831,,3.0
5941,30,207.25,3.0
5941,68,206.01,1.0
5941,272,73.28,2.0
5942,153,92.66,3.0
5942,278,100.46,2.0
5942,502,146.58,3.0
5943,38,,2.0
5943,72,143.79,2.0
5943,451,222.6,3.0
5943,541,184.84,3.0
5943,795,127.79,2.0
5944,29,62.51,
5944,534,190.45,2.0
5944,786,110.34,2.0
5945,234,194.51,3.0
5945,435,,3.0
5945,746,98.77,1.0
5945,963,220.36,3.0
5946,11,,1.0
5946,50,121.44,1.0
5946,97,83.87,1.0
5946,354,85.44,1.0
5946,450,148.27,1.0
5947,490,134.37,2.0
5947,640,97.33,3.0
5947,696,231.65,1.0
5947,698,86.52,1.0
5947,894,88.22,2.0
5948,43,116.23,3.0
5948,96,171.87,3.0
5948,98,246.81,1.0
5948,133,240.19,3.0
5948,703,171.58,3.0
5949,4,102.01,2.0
5949,304,,3.0
5949,364,217.62,2.0
5949,515,200.99,2.0
5949,991,204.99,1.0
5950,91,176.48,2.0
5950,404,95.37,1.0
5950,503,51.95,2.0
5950,559,164.08,2.0
5951,113,102.99,2.0
5951,123,79.64,1.0
5951,309,124.79,1.0
5951,393,188.3,3.0
5951,661,83.39,3.0
5952,40,146.27,2.0
5952,575,124.4,2.0
5952,669,230.08,1.0
5952,996,196.78,1.0
5953,54,84.5,1.0
5953,147,177.18,2.0
5953,543,103.79,1.0
5953,880,227.92,2.0
5954,132,221.69,3.0
5954,355,140.68,3.0
5954,693,117.46,2.0
5955,457,111.71,1.0
5955,724,53.44,1.0
5955,758,83.48,3.0
5955,849,54.69,2.0
5956,78,166.26,3.0
5956,469,115.23,2.0
5956,956,212.49,2.0
5956,966,206.2,3.0
5957,494,64.74,3.0
5957,829,95.21,1.0
5957,886,76.08,2.0
5958,262,114.64,1.0
5958,297,146.37,2.0
5958,463,198.51,1.0
5958,889,132.36,2.0
5959,224,226.21,1.0
5959,531,51.53,3.0
5959,876,227.05,2.0
5959,918,216.21,2.0
5959,981,,2.0
5960,43,116.23,2.0
5960,62,84.49,1.0
5960,873,148.67,1.0
5961,121,152.74,2.0
5961,194,,3.0
5961,586,241.2,3.0
5961,660,185.42,3.0
5961,843,218.71,2.0
5962,75,,3.0
5962,116,247.88,3.0
5962,768,230.68,1.0
5963,49,237.53,1.0
5963,268,80.87,
5963,990,76.1,3.0
5964,410,70.81,1.0
5964,429,99.3,3.0
5964,564,228.93,3.0
5965,135,81.29,2.0
5965,242,142.14,3.0
5965,501,125.53,1.0
5965,509,94.66,2.0
5965,781,181.2,3.0
5966,14,238.51,1.0
5966,43,116.23,1.0
5966,133,240.19,2.0
5967,302,124.05,3.0
5967,451,222.6,3.0
5967,456,199.14,1.0
5967,579,202.8,1.0
5967,698,86.52,3.0
5968,38,104.28,3.0
5968,277,156.48,2.0
5968,657,55.71,3.0
5968,817,216.7,2.0
5969,89,81.47,3.0
5969,98,,1.0
5969,509,94.66,3.0
5969,854,155.1,3.0
5970,311,160.61,3.0
5970,592,195.71,1.0
5970,918,216.21,2.0
5970,935,98.57,2.0
5971,318,68.99,3.0
5971,407,174.05,1.0
5971,472,63.46,1.0
5971,570,77.81,1.0
5971,635,132.03,2.0
5972,343,70.29,3.0
5972,360,125.34,2.0
5972,563,105.31,3.0
5973,218,215.86,1.0
5973,845,225.55,
5973,957,117.34,1.0
5974,89,81.47,2.0
5974,190,99.3,2.0
5974,902,98.7,2.0
5974,925,,3.0
5975,47,95.83,1.0
5975,221,142.79,2.0
5975,946,226.43,1.0
5976,101,,2.0
5976,122,69.72,2.0
5976,550,,3.0
5976,683,,3.0
5977,196,82.73,2.0
5977,342,91.83,1.0
5977,485,52.72,1.0
5977,513,234.35,2.0
5977,737,127.14,3.0
5978,342,91.83,1.0
5978,387,200.4,2.0
5978,909,,3.0
5978,954,104.74,2.0
5979,230,142.07,3.0
5979,412,,3.0
5979,736,173.14,1.0
5979,762,,1.0
5979,860,91.93,2.0
5980,120,183.66,3.0
5980,137,110.1,2.0
5980,223,83.22,2.0
5980,237,115.28,3.0
5980,371,51.0,
5981,446,203.34,3.0
5981,649,160.83,2.0
5981,855,,2.0
5981,886,76.08,2.0
5981,914,108.92,3.0
5982,256,114.14,3.0
5982,407,,2.0
5982,533,91.11,2.0
5983,34,62.0,2.0
5983,163,193.4,3.0
5983,273,216.8,2.0
5983,746,98.77,3.0
5983,769,198.25,1.0
5984,484,199.61,1.0
5984,700,79.91,1.0
5984,743,180.58,1.0
5984,769,198.25,1.0
5984,780,73.93,2.0
5985,407,174.05,2.0
5985,614,174.25,1.0
5985,646,191.41,2.0
5985,750,149.73,2.0
5986,123,79.64,3.0
5986,126,139.84,2.0
5986,295,225.4,3.0
5986,297,146.37,1.0
5986,837,249.04,2.0
5987,78,166.26,3.0
5987,196,82.73,2.0
5987,322,245.9,2.0
5987,688,62.79,1.0
5988,17,128.61,3.0
5988,95,222.28,3.0
5988,164,91.14,2.0
5988,815,75.93,1.0
5989,115,178.84,1.0
5989,252,195.57,2.0
5989,880,227.92,2.0
5989,905,98.14,1.0
5990,134,114.43,1.0
5990,183,126.36,3.0
5990,325,149.23,2.0
5990,695,77.45,3.0
5991,26,181.39,3.0
5991,212,219.1,2.0
5991,717,207.78,
5991,754,219.81,3.0
5991,940,87.48,1.0
5992,44,93.13,1.0
5992,234,194.51,2.0
5992,353,247.18,2.0
5992,738,185.7,2.0
5993,337,160.66,3.0
5993,506,201.97,2.0
5993,576,227.01,
5993,641,59.05,2.0
5993,911,112.85,2.0
5994,117,85.95,3.0
5994,197,220.79,3.0
5994,481,115.71,3.0
5994,597,208.18,3.0
5994,990,76.1,3.0
5995,275,99.56,1.0
5995,577,61.76,3.0
5995,579,202.8,1.0
5995,753,54.32,3.0
5996,93,202.8,2.0
5996,271,80.13,2.0
5996,526,217.47,3.0
5997,52,147.19,3.0
5997,207,88.92,2.0
5997,262,114.64,3.0
5997,312,57.94,1.0
5998,285,,3.0
5998,357,77.1,2.0
5998,383,,1.0
5998,664,199.35,3.0
5999,214,67.39,3.0
5999,345,168.81,3.0
5999,395,203.83,2.0
5999,586,241.2,2.0
5999,757,228.29,1.0
6000,26,181.39,1.0
6000,438,131.49,3.0
6000,927,195.53,1.0
6001,272,73.28,
6001,282,216.11,3.0
6001,511,219.43,3.0
6002,666,109.41,3.0
6002,790,125.07,3.0
6002,868,163.34,2.0
6003,354,85.44,1.0
6003,431,208.24,3.0
6003,515,200.99,1.0
6003,971,103.93,1.0
6004,125,146.21,2.0
6004,127,108.62,2.0
6004,539,93.75,1.0
6004,732,247.41,3.0
6004,881,150.03,
6005,132,221.69,1.0
6005,332,129.36,2.0
6005,365,153.13,2.0
6005,567,167.33,1.0
6005,986,94.04,1.0
6006,199,121.89,1.0
6006,374,86.56,1.0
6006,968,166.73,
6007,88,183.78,2.0
6007,96,171.87,1.0
6007,233,243.92,1.0
6007,929,197.89,2.0
6007,970,54.56,1.0
6008,391,185.14,1.0
6008,518,232.96,2.0
6008,538,232.66,3.0
6008,852,239.79,
6009,149,209.72,
6009,307,197.91,1.0
6009,454,155.48,1.0
6009,520,171.69,1.0
6010,7,95.98,1.0
6010,92,168.26,2.0
6010,237,115.28,3.0
6010,491,214.4,2.0
6010,950,209.25,3.0
6011,450,148.27,1.0
6011,930,232.52,1.0
6011,954,104.74,1.0
6012,355,140.68,2.0
6012,526,217.47,3.0
6012,995,113.27,3.0
6013,310,157.3,1.0
6013,466,220.25,2.0
6013,682,103.7,2.0
6013,727,148.9,3.0
6013,840,135.48,1.0
6014,133,240.19,1.0
6014,452,125.45,3.0
6014,455,235.33,2.0
6015,266,200.67,2.0
6015,314,186.8,1.0
6015,803,182.99,
6015,844,133.38,1.0
6016,382,138.74,3.0
6016,823,243.4,3.0
6016,884,107.9,1.0
6016,951,,1.0
6017,89,81.47,2.0
6017,440,200.17,2.0
6017,714,113.33,3.0
6018,89,81.47,2.0
6018,198,180.7,1.0
6018,464,191.8,2.0
6018,918,216.21,3.0
6018,934,84.39,3.0
6019,273,216.8,1.0
6019,420,55.79,1.0
6019,859,67.61,3.0
6019,942,167.61,1.0
6020,53,60.45,2.0
6020,79,182.33,2.0
6020,444,62.33,1.0
6020,617,70.77,3.0
6020,648,230.35,2.0
6021,11,114.72,3.0
6021,390,82.52,
6021,405,70.71,
6021,621,189.73,3.0
6021,796,213.28,3.0
6022,538,232.66,2.0
6022,571,179.32,1.0
6022,658,165.29,3.0
6022,802,158.8,3.0
6022,999,66.5,1.0
6023,115,,3.0
6023,276,245.17,2.0
6023,725,226.28,2.0
6024,479,160.63,2.0
6024,612,152.96,1.0
6024,915,239.01,
6025,30,207.25,3.0
6025,467,176.42,1.0
6025,764,184.08,2.0
6025,823,243.4,3.0
6025,897,,1.0
6026,145,69.03,1.0
6026,288,101.72,3.0
6026,294,237.5,1.0
6026,554,228.02,1.0
6026,648,230.35,1.0
6027,33,,1.0
6027,162,76.84,1.0
6027,482,129.89,2.0
6027,637,56.45,2.0
6028,404,95.37,3.0
6028,418,104.84,1.0
6028,566,122.7,3.0
6028,623,118.18,3.0
6028,954,104.74,3.0
6029,323,170.98,3.0
6029,440,200.17,3.0
6029,596,195.79,3.0
6029,885,65.26,3.0
6030,114,164.82,1.0
6030,267,119.48,3.0
6030,395,203.83,2.0
6030,914,108.92,3.0
6031,20,237.34,2.0
6031,126,139.84,3.0
6031,160,97.07,1.0
6031,261,71.6,2.0
6031,298,69.9,3.0
6032,169,116.7,3.0
6032,907,121.43,3.0
6032,996,196.78,1.0
6033,61,112.13,2.0
6033,154,146.97,2.0
6033,446,203.34,2.0
6033,609,205.56,1.0
6034,215,152.98,2.0
6034,343,70.29,3.0
6034,421,66.61,1.0
6035,18,66.18,1.0
6035,245,136.11,2.0
6035,626,95.95,3.0
6035,800,76.15,1.0
6035,964,106.28,2.0
6036,175,150.13,3.0
6036,348,203.33,1.0
6036,693,117.46,1.0
6036,728,246.11,3.0
6037,230,142.07,3.0
6037,812,119.48,1.0
6037,837,249.04,3.0
6037,888,80.36,2.0
6038,114,164.82,1.0
6038,164,91.14,1.0
6038,173,65.65,2.0
6038,323,170.98,2.0
6038,507,226.65,
6039,70,135.13,1.0
6039,103,67.22,2.0
6039,157,246.43,1.0
6039,916,233.11,1.0
6040,648,230.35,1.0
6040,651,126.72,2.0
6040,747,241.7,3.0
6040,885,65.26,1.0
6040,945,115.38,1.0
6041,458,243.84,1.0
6041,500,136.7,3.0
6041,956,212.49,2.0
6042,447,83.16,3.0
6042,805,159.55,1.0
6042,984,246.44,
6043,147,177.18,2.0
6043,412,242.29,2.0
6043,502,146.58,3.0
6043,557,102.94,1.0
6043,710,139.0,2.0
6044,219,237.76,2.0
6044,476,164.01,1.0
6044,839,124.12,2.0
6045,34,62.0,2.0
6045,848,58.97,3.0
6045,905,98.14,2.0
6045,975,187.08,3.0
6046,302,124.05,1.0
6046,712,151.86,1.0
6046,713,120.97,1.0
6046,877,202.64,3.0
6046,951,81.4,1.0
6047,229,89.49,1.0
6047,263,93.74,2.0
6047,306,196.65,3.0
6047,333,184.45,1.0
6047,714,113.33,2.0
6048,558,235.51,2.0
6048,730,167.65,3.0
6048,989,218.85,1.0
6049,54,,1.0
6049,459,94.26,2.0
6049,594,196.51,1.0
6050,353,247.18,1.0
6050,439,226.19,1.0
6050,978,218.51,3.0
6051,33,116.23,1.0
6051,390,82.52,2.0
6051,464,191.8,3.0
6051,643,98.94,3.0
6052,185,134.78,2.0
6052,229,89.49,2.0
6052,642,157.65,1.0
6052,926,64.91,2.0
6053,104,173.39,1.0
6053,137,110.1,2.0
6053,162,76.84,3.0
6053,433,242.72,1.0
6053,966,206.2,1.0
6054,527,157.45,2.0
6054,648,230.35,2.0
6054,721,107.84,
6055,304,208.6,1.0
6055,548,216.83,2.0
6055,939,113.97,2.0
6056,84,225.47,1.0
6056,221,142.79,3.0
6056,385,78.48,1.0
6056,632,218.24,2.0
6057,52,147.19,
6057,647,99.37,1.0
6057,675,64.53,2.0
6057,928,235.84,3.0
6058,135,,1.0
6058,379,148.21,1.0
6058,527,157.45,3.0
6058,530,215.96,2.0
6059,63,141.12,3.0
6059,307,197.91,1.0
6059,558,235.51,2.0
6059,624,67.8,1.0
6059,770,215.18,2.0
6060,572,87.01,3.0
6060,684,248.13,1.0
6060,805,159.55,2.0
6061,113,102.99,3.0
6061,196,82.73,3.0
6061,742,153.3,1.0
6061,952,245.6,2.0
6062,359,196.99,3.0
6062,654,133.29,2.0
6062,806,146.82,1.0
6062,996,196.78,3.0
6062,999,66.5,1.0
6063,332,129.36,3.0
6063,446,203.34,2.0
6063,490,134.37,2.0
6064,18,,3.0
6064,111,,2.0
6064,368,209.82,1.0
6064,452,125.45,3.0
6064,545,128.32,3.0
6065,100,126.84,2.0
6065,298,69.9,2.0
6065,967,110.73,3.0
6065,979,205.27,3.0
6065,989,218.85,3.0
6066,90,180.87,
6066,483,109.71,3.0
6066,557,102.94,2.0
6067,205,56.5,2.0
6067,480,185.48,
6067,780,73.93,2.0
6067,890,177.49,1.0
6068,348,203.33,
6068,400,186.19,2.0
6068,512,185.45,
6068,780,73.93,2.0
6068,853,151.97,3.0
6069,5,165.12,2.0
6069,27,76.78,3.0
6069,467,176.42,1.0
6070,208,57.13,3.0
6070,833,189.81,1.0
6070,885,65.26,3.0
6071,701,,2.0
6071,789,138.29,3.0
6071,798,80.05,3.0
6071,905,98.14,3.0
6071,958,198.75,
6072,22,74.05,3.0
6072,292,214.47,2.0
6072,588,,2.0
6072,666,109.41,2.0
6073,271,80.13,2.0
6073,555,187.68,1.0
6073,597,208.18,2.0
6074,85,169.02,1.0
6074,283,,2.0
6074,396,195.67,3.0
6074,532,70.73,2.0
6074,790,125.07,3.0
6075,109,120.8,3.0
6075,478,155.47,2.0
6075,481,115.71,2.0
6076,269,81.71,2.0
6076,408,100.88,3.0
6076,691,166.4,1.0
6076,735,,2.0
6076,754,219.81,3.0
6077,48,90.11,1.0
6077,63,141.12,1.0
6077,963,220.36,
6078,490,134.37,
6078,530,,1.0
6078,637,56.45,3.0
6078,703,171.58,2.0
6079,48,90.11,3.0
6079,335,146.92,2.0
6079,669,230.08,2.0
6079,853,151.97,3.0
6080,19,146.71,2.0
6080,785,249.16,2.0
6080,979,205.27,2.0
6081,34,62.0,3.0
6081,57,140.97,2.0
6081,477,245.15,1.0
6082,158,118.43,3.0
6082,303,134.23,3.0
6082,582,195.63,2.0
6082,716,63.71,1.0
6082,835,163.93,2.0
6083,285,177.93,2.0
6083,462,77.21,3.0
6083,507,226.65,3.0
6083,719,,3.0
6084,349,138.39,2.0
6084,540,162.04,
6084,678,201.53,3.0
6084,717,207.78,1.0
6084,957,117.34,1.0
6085,143,72.98,1.0
6085,494,64.74,3.0
6085,748,232.9,1.0
6085,876,,3.0
6085,894,,3.0
6086,91,176.48,3.0
6086,268,80.87,2.0
6086,311,160.61,
6086,907,121.43,2.0
6086,952,245.6,1.0
6087,226,177.91,2.0
6087,604,223.98,3.0
6087,983,78.57,2.0
6087,991,204.99,2.0
6088,476,164.01,2.0
6088,649,160.83,
6088,816,171.99,3.0
6088,827,172.87,1.0
6089,16,196.57,3.0
6089,673,71.97,1.0
6089,765,189.72,3.0
6090,64,183.33,2.0
6090,208,57.13,1.0
6090,380,210.24,3.0
6090,697,77.43,1.0
6091,84,225.47,1.0
6091,888,80.36,3.0
6091,923,149.87,2.0
6091,944,77.61,2.0
6091,982,,3.0
6092,221,142.79,1.0
6092,581,165.07,2.0
6092,900,247.74,1.0
6093,576,227.01,2.0
6093,596,195.79,3.0
6093,870,77.14,3.0
6093,993,,3.0
6094,145,69.03,3.0
6094,845,225.55,1.0
6094,863,183.04,1.0
6095,308,117.08,2.0
6095,769,198.25,2.0
6095,886,76.08,3.0
6096,205,56.5,3.0
6096,359,196.99,3.0
6096,714,113.33,1.0
6096,726,122.98,2.0
6096,866,178.4,2.0
6097,154,146.97,2.0
6097,388,231.18,1.0
6097,685,231.56,2.0
6097,983,78.57,1.0
6098,142,56.89,2.0
6098,224,226.21,1.0
6098,710,139.0,3.0
6098,866,178.4,1.0
6099,91,176.48,3.0
6099,318,68.99,2.0
6099,893,195.69,3.0
6099,918,216.21,3.0
6100,134,114.43,2.0
6100,248,124.74,1.0
6100,461,171.34,2.0
6100,495,127.08,1.0
6101,308,117.08,3.0
6101,434,199.38,1.0
6101,682,103.7,1.0
6102,556,246.31,
6102,715,180.14,3.0
6102,785,249.16,2.0
6102,799,138.29,1.0
6102,939,113.97,2.0
6103,317,132.96,1.0
6103,422,120.82,3.0
6103,918,216.21,2.0
6104,45,170.78,3.0
6104,150,213.11,1.0
6104,670,,1.0
6104,804,232.19,2.0
6105,124,139.26,1.0
6105,146,215.92,3.0
6105,295,225.4,1.0
6105,352,226.63,1.0
6105,601,189.18,3.0
6106,8,63.45,1.0
6106,423,221.14,1.0
6106,747,241.7,2.0
6106,852,239.79,1.0
6107,205,56.5,3.0
6107,450,148.27,3.0
6107,684,248.13,2.0
6107,857,60.36,1.0
6108,380,210.24,2.0
6108,843,218.71,3.0
6108,903,64.48,1.0
6108,918,216.21,3.0
6109,207,88.92,1.0
6109,361,82.42,
6109,374,86.56,2.0
6109,827,172.87,1.0
6109,905,,1.0
6110,180,136.21,2.0
6110,638,68.44,2.0
6110,740,111.83,1.0
6110,964,106.28,3.0
6110,977,63.96,3.0
6111,273,216.8,1.0
6111,440,200.17,3.0
6111,580,210.06,3.0
6111,945,115.38,2.0
6112,202,214.72,2.0
6112,474,224.08,3.0
6112,677,239.14,2.0
6113,5,165.12,2.0
6113,311,160.61,1.0
6113,751,,3.0
6113,884,107.9,1.0
6113,998,168.56,1.0
6114,41,141.64,2.0
6114,578,67.16,1.0
6114,750,149.73,2.0
6114,827,172.87,1.0
6114,852,239.79,3.0
6115,357,77.1,2.0
6115,615,85.81,1.0
6115,711,187.54,3.0
6115,917,87.21,2.0
6116,57,140.97,2.0
6116,261,71.6,3.0
6116,526,217.47,
6116,592,195.71,1.0
6116,659,163.96,3.0
6117,666,109.41,2.0
6117,726,122.98,1.0
6117,940,87.48,1.0
6118,43,116.23,2.0
6118,66,167.64,2.0
6118,111,209.87,3.0
6118,292,214.47,3.0
6118,380,210.24,3.0
6119,78,166.26,1.0
6119,106,140.96,3.0
6119,374,86.56,1.0
6119,497,175.73,3.0
6119,929,197.89,1.0
6120,445,232.1,1.0
6120,743,180.58,1.0
6120,849,54.69,
6120,931,122.11,1.0
6120,980,211.03,3.0
6121,167,56.81,2.0
6121,243,188.05,1.0
6121,491,214.4,
6121,533,91.11,2.0
6121,811,223.59,3.0
6122,282,216.11,3.0
6122,395,203.83,
6122,518,232.96,1.0
6122,527,157.45,3.0
6123,59,80.92,1.0
6123,95,222.28,3.0
6123,569,160.56,3.0
6123,584,245.83,2.0
6124,389,135.35,1.0
6124,451,222.6,2.0
6124,897,153.0,1.0
6125,18,66.18,1.0
6125,61,112.13,2.0
6125,270,127.17,1.0
6125,279,200.37,2.0
6125,856,233.37,2.0
6126,12,114.63,1.0
6126,276,245.17,1.0
6126,323,170.98,3.0
6126,389,135.35,1.0
6127,49,237.53,1.0
6127,649,160.83,1.0
6127,705,91.17,3.0
6127,907,121.43,2.0
6128,507,226.65,1.0
6128,619,134.73,1.0
6128,877,,1.0
6129,102,227.13,3.0
6129,159,170.35,3.0
6129,447,83.16,1.0
6129,726,,3.0
6129,827,172.87,2.0
6130,275,99.56,1.0
6130,463,198.51,3.0
6130,901,142.02,3.0
6131,243,188.05,1.0
6131,306,196.65,3.0
6131,335,146.92,3.0
6132,295,225.4,1.0
6132,865,150.88,2.0
6132,914,108.92,1.0
6132,994,59.99,1.0
6133,37,65.77,3.0
6133,181,120.56,2.0
6133,262,114.64,1.0
6133,278,100.46,1.0
6133,719,53.18,1.0
6134,265,245.93,2.0
6134,429,99.3,3.0
6134,532,70.73,3.0
6134,636,198.75,2.0
6135,24,247.44,1.0
6135,52,147.19,1.0
6135,569,160.56,2.0
6135,879,107.5,3.0
6135,909,203.1,3.0
6136,75,154.27,2.0
6136,183,126.36,3.0
6136,711,187.54,3.0
6136,740,111.83,1.0
6136,788,213.43,2.0
6137,464,191.8,3.0
6137,909,203.1,1.0
6137,982,96.15,1.0
6138,232,208.43,1.0
6138,236,185.64,1.0
6138,445,232.1,3.0
6138,674,155.82,1.0
6139,3,132.41,2.0
6139,212,219.1,1.0
6139,497,175.73,2.0
6139,862,160.96,2.0
6140,66,167.64,1.0
6140,76,90.52,3.0
6140,517,106.05,3.0
6140,976,80.22,3.0
6141,459,94.26,3.0
6141,551,,2.0
6141,827,172.87,
6142,317,132.96,2.0
6142,521,195.86,1.0
6142,673,71.97,
6142,948,145.76,2.0
6142,990,,3.0
6143,173,65.65,2.0
6143,370,,2.0
6143,463,198.51,3.0
6144,333,184.45,1.0
6144,479,160.63,2.0
6144,577,61.76,3.0
6145,210,208.67,2.0
6145,220,168.73,3.0
6145,348,203.33,2.0
6145,440,200.17,3.0
6145,767,106.78,3.0
6146,451,222.6,
6146,479,160.63,1.0
6146,743,180.58,2.0
6146,784,112.27,
6147,80,117.92,2.0
6147,295,225.4,3.0
6147,623,118.18,2.0
6147,932,189.85,2.0
6148,691,166.4,3.0
6148,861,188.97,2.0
6148,901,142.02,1.0
6148,958,198.75,1.0
6149,282,216.11,3.0
6149,391,185.14,1.0
6149,813,246.86,3.0
6150,162,76.84,2.0
6150,440,200.17,1.0
6150,894,88.22,3.0
6150,903,64.48,3.0
6151,779,92.97,1.0
6151,854,155.1,1.0
6151,986,94.04,3.0
6152,123,79.64,3.0
6152,211,92.17,2.0
6152,529,,3.0
6152,952,245.6,
6153,351,155.07,2.0
6153,426,227.24,2.0
6153,442,105.37,3.0
6153,928,235.84,3.0
6153,965,239.42,
6154,141,,3.0
6154,785,249.16,1.0
6154,864,,2.0
6154,876,227.05,1.0
6154,993,83.38,3.0
6155,52,147.19,
6155,308,117.08,1.0
6155,608,220.66,3.0
6155,786,110.34,1.0
6156,380,210.24,1.0
6156,464,191.8,1.0
6156,839,124.12,
6156,955,151.86,1.0
6157,140,174.01,3.0
6157,568,217.68,1.0
6157,802,158.8,3.0
6158,160,97.07,3.0
6158,180,136.21,1.0
6158,593,97.97,1.0
6158,678,201.53,3.0
6159,8,63.45,2.0
6159,192,62.03,3.0
6159,207,88.92,1.0
6159,968,166.73,1.0
6160,337,160.66,1.0
6160,623,118.18,1.0
6160,731,207.18,1.0
6161,85,169.02,1.0
6161,180,136.21,3.0
6161,817,216.7,2.0
6162,94,85.78,1.0
6162,173,65.65,3.0
6162,472,63.46,3.0
6162,897,153.0,2.0
6163,23,203.41,1.0
6163,563,105.31,1.0
6163,643,98.94,1.0
6163,684,248.13,1.0
6164,453,152.15,2.0
6164,527,157.45,2.0
6164,535,,1.0
6164,846,,2.0
6165,40,146.27,
6165,159,170.35,2.0
6165,669,230.08,1.0
6165,964,106.28,3.0
6166,333,184.45,3.0
6166,380,210.24,2.0
6166,392,113.94,3.0
6166,517,106.05,3.0
6166,526,217.47,3.0
6167,249,224.27,3.0
6167,656,168.41,3.0
6167,882,191.38,1.0
6168,42,226.48,2.0
6168,269,81.71,
6168,366,106.38,3.0
6168,723,176.43,3.0
6169,175,150.13,1.0
6169,263,93.74,3.0
6169,742,,2.0
6169,827,172.87,3.0
6169,831,208.58,3.0
6170,209,151.17,1.0
6170,290,168.98,2.0
6170,468,72.43,1.0
6170,746,98.77,2.0
6170,839,124.12,
6171,3,132.41,3.0
6171,58,231.34,3.0
6171,185,134.78,2.0
6171,963,220.36,3.0
6172,577,61.76,2.0
6172,769,198.25,3.0
6172,939,113.97,
6173,86,192.31,2.0
6173,92,168.26,1.0
6173,233,243.92,3.0
6173,495,127.08,3.0
6173,690,239.97,2.0
6174,130,121.41,3.0
6174,146,215.92,1.0
6174,295,225.4,1.0
6174,515,200.99,2.0
6174,766,249.63,3.0
6175,295,225.4,1.0
6175,344,85.83,2.0
6175,652,150.27,1.0
6175,968,166.73,2.0
6176,137,110.1,2.0
6176,233,243.92,1.0
6176,871,243.22,1.0
6176,878,50.82,2.0
6176,982,96.15,1.0
6177,21,184.17,
6177,32,161.45,2.0
6177,766,249.63,3.0
6177,873,148.67,2.0
6177,898,208.88,1.0
6178,355,140.68,1.0
6178,576,227.01,3.0
6178,689,132.29,3.0
6179,7,,1.0
6179,179,174.38,2.0
6179,476,164.01,3.0
6179,610,,1.0
6179,623,118.18,3.0
6180,291,181.87,2.0
6180,478,155.47,2.0
6180,734,201.32,1.0
6180,737,127.14,1.0
6180,944,77.61,2.0
6181,54,84.5,2.0
6181,93,202.8,2.0
6181,438,131.49,3.0
6181,613,,1.0
6182,8,63.45,1.0
6182,136,64.57,2.0
6182,141,140.89,2.0
6182,535,167.78,2.0
6182,889,132.36,2.0
6183,59,80.92,
6183,314,186.8,3.0
6183,535,167.78,2.0
6184,72,143.79,2.0
6184,228,110.69,3.0
6184,957,117.34,1.0
6185,372,145.25,1.0
6185,478,155.47,1.0
6185,984,246.44,2.0
6186,270,127.17,1.0
6186,279,200.37,3.0
6186,888,80.36,1.0
6186,973,79.62,2.0
6186,985,154.3,1.0
6187,54,84.5,2.0
6187,589,62.33,3.0
6187,622,124.39,2.0
6187,657,55.71,2.0
6187,713,120.97,3.0
6188,151,226.05,3.0
6188,496,145.41,2.0
6188,898,208.88,1.0
6189,238,203.38,2.0
6189,544,244.85,2.0
6189,617,70.77,3.0
6189,651,126.72,2.0
6190,196,82.73,
6190,264,227.0,2.0
6190,477,245.15,3.0
6191,76,90.52,1.0
6191,210,208.67,1.0
6191,396,195.67,2.0
6191,475,227.5,1.0
6192,369,83.25,2.0
6192,532,70.73,3.0
6192,578,67.16,1.0
6192,680,149.96,3.0
6192,795,127.79,3.0
6193,9,214.61,2.0
6193,131,157.55,3.0
6193,176,75.79,2.0
6193,378,148.58,
6193,746,,3.0
6194,257,51.04,3.0
6194,339,52.62,1.0
6194,603,153.0,3.0
6194,695,77.45,1.0
6194,919,169.1,2.0
6195,32,161.45,3.0
6195,805,159.55,1.0
6195,859,67.61,1.0
6195,941,60.5,3.0
6195,944,77.61,1.0
6196,233,243.92,3.0
6196,264,227.0,1.0
6196,427,113.76,3.0
6196,685,231.56,2.0
6197,259,57.05,2.0
6197,636,,3.0
6197,668,88.59,2.0
6198,425,235.7,1.0
6198,819,57.53,3.0
6198,850,232.72,3.0
6198,900,247.74,3.0
6199,124,139.26,2.0
6199,313,223.73,3.0
6199,448,91.2,2.0
6199,924,,2.0
6199,934,84.39,1.0
6200,100,126.84,1.0
6200,147,177.18,2.0
6200,182,204.96,
6200,609,205.56,3.0
6200,665,86.52,2.0
6201,565,148.85,1.0
6201,609,205.56,3.0
6201,646,191.41,3.0
6201,771,76.39,2.0
6201,900,247.74,2.0
6202,35,146.61,3.0
6202,472,63.46,3.0
6202,824,170.3,2.0
6203,46,83.22,1.0
6203,132,221.69,2.0
6203,134,114.43,3.0
6203,913,156.18,1.0
6204,25,195.55,2.0
6204,207,88.92,2.0
6204,308,117.08,1.0
6204,315,125.67,
6205,151,226.05,3.0
6205,261,71.6,2.0
6205,894,88.22,2.0
6206,260,87.94,3.0
6206,652,150.27,2.0
6206,981,60.43,2.0
6207,102,227.13,1.0
6207,280,190.85,3.0
6207,407,174.05,2.0
6207,594,196.51,1.0
6207,702,81.84,3.0
6208,111,209.87,2.0
6208,316,159.68,2.0
6208,544,244.85,2.0
6208,566,122.7,
6209,90,180.87,2.0
6209,505,120.77,3.0
6209,703,171.58,1.0
6210,63,141.12,1.0
6210,93,202.8,2.0
6210,230,142.07,2.0
6210,492,218.49,1.0
6211,104,173.39,2.0
6211,634,112.99,2.0
6211,722,134.69,1.0
6212,37,65.77,3.0
6212,108,66.24,
6212,912,101.23,2.0
6213,125,146.21,1.0
6213,221,142.79,3.0
6213,335,146.92,2.0
6213,353,247.18,3.0
6213,744,231.74,2.0
6214,79,182.33,1.0
6214,404,95.37,1.0
6214,412,242.29,3.0
6214,753,54.32,3.0
6215,110,87.63,
6215,616,178.66,2.0
6215,691,166.4,1.0
6215,870,77.14,3.0
6215,945,115.38,2.0
6216,101,141.82,3.0
6216,120,183.66,3.0
6216,460,89.74,1.0
6216,537,220.97,2.0
6216,744,231.74,1.0
6217,66,167.64,3.0
6217,367,192.22,
6217,847,163.66,3.0
6217,989,218.85,3.0
6218,113,102.99,2.0
6218,554,228.02,1.0
6218,692,101.01,2.0
6219,286,159.85,2.0
6219,407,174.05,2.0
6219,662,175.98,1.0
6220,409,121.46,2.0
6220,623,118.18,1.0
6220,635,132.03,1.0
6220,819,57.53,1.0
6221,168,62.42,3.0
6221,475,227.5,1.0
6221,834,127.56,1.0
6222,18,66.18,1.0
6222,162,76.84,3.0
6222,417,224.94,
6222,906,93.79,1.0
6223,252,195.57,1.0
6223,403,99.71,3.0
6223,424,246.7,2.0
6223,445,232.1,3.0
6224,319,57.58,3.0
6224,549,87.59,1.0
6224,776,225.87,3.0
6225,16,196.57,2.0
6225,247,207.42,
6225,364,217.62,3.0
6225,743,180.58,2.0
6226,267,119.48,1.0
6226,381,56.19,2.0
6226,560,124.85,1.0
6226,995,113.27,2.0
6227,94,85.78,1.0
6227,547,186.62,1.0
6227,660,185.42,1.0
6228,133,240.19,1.0
6228,200,230.67,2.0
6228,243,,3.0
6228,465,230.21,2.0
6228,793,202.22,2.0
6229,136,64.57,
6229,145,69.03,3.0
6229,530,215.96,3.0
6229,744,231.74,3.0
6230,191,226.32,1.0
6230,403,99.71,1.0
6230,695,77.45,2.0
6231,39,200.01,
6231,150,213.11,
6231,815,75.93,
6231,852,239.79,1.0
6232,170,105.05,2.0
6232,407,174.05,3.0
6232,862,160.96,3.0
6233,1,72.66,3.0
6233,247,207.42,3.0
6233,286,159.85,3.0
6233,414,184.12,1.0
6233,752,208.54,3.0
6234,64,183.33,3.0
6234,238,,1.0
6234,604,223.98,1.0
6234,792,237.91,1.0
6234,999,66.5,2.0
6235,528,198.95,2.0
6235,707,212.57,3.0
6235,909,203.1,1.0
6236,828,80.98,1.0
6236,901,142.02,1.0
6236,971,103.93,3.0
6237,90,,1.0
6237,531,51.53,3.0
6237,587,62.1,
6238,86,192.31,2.0
6238,247,207.42,2.0
6238,608,220.66,3.0
6238,865,150.88,1.0
6238,926,64.91,2.0
6239,204,124.94,3.0
6239,828,80.98,1.0
6239,871,243.22,1.0
6239,911,112.85,1.0
6239,918,216.21,3.0
6240,95,222.28,3.0
6240,151,226.05,1.0
6240,599,227.54,2.0
6240,758,83.48,1.0
6240,937,164.51,1.0
6241,71,86.5,
6241,183,126.36,2.0
6241,397,238.21,3.0
6242,67,,2.0
6242,611,177.27,3.0
6242,775,,2.0
6243,150,213.11,1.0
6243,437,224.5,3.0
6243,524,,1.0
6243,868,163.34,3.0
6243,940,87.48,
6244,634,112.99,2.0
6244,750,149.73,1.0
6244,836,244.73,3.0
6244,970,54.56,1.0
6245,126,139.84,2.0
6245,379,148.21,1.0
6245,642,157.65,2.0
6245,675,64.53,3.0
6245,679,90.4,3.0
6246,42,226.48,2.0
6246,335,146.92,2.0
6246,770,215.18,3.0
6247,182,204.96,
6247,410,70.81,1.0
6247,548,216.83,
6247,609,205.56,1.0
6247,905,,1.0
6248,15,62.94,3.0
6248,314,186.8,3.0
6248,868,163.34,1.0
6248,907,121.43,1.0
6249,267,119.48,2.0
6249,465,230.21,2.0
6249,799,138.29,2.0
6249,936,157.52,3.0
6250,14,238.51,1.0
6250,382,138.74,1.0
6250,698,86.52,2.0
6251,307,,2.0
6251,380,210.24,2.0
6251,386,208.73,1.0
6251,407,174.05,2.0
6251,807,,2.0
6252,263,93.74,2.0
6252,288,101.72,1.0
6252,323,170.98,1.0
6252,528,198.95,1.0
6252,819,57.53,3.0
6253,241,69.12,1.0
6253,675,64.53,1.0
6253,738,185.7,3.0
6253,748,232.9,3.0
6254,376,152.57,3.0
6254,401,227.82,3.0
6254,658,165.29,1.0
6254,839,124.12,
6254,987,182.97,1.0
6255,655,106.97,1.0
6255,696,231.65,2.0
6255,832,119.16,3.0
6255,865,,1.0
6255,987,,3.0
6256,502,146.58,2.0
6256,590,153.28,1.0
6256,662,175.98,1.0
6256,789,138.29,1.0
6256,889,132.36,3.0
6257,84,225.47,1.0
6257,192,62.03,3.0
6257,781,,3.0
6257,997,75.45,2.0
6258,35,146.61,3.0
6258,120,183.66,1.0
6258,232,208.43,3.0
6258,483,109.71,2.0
6258,722,134.69,1.0
6259,88,183.78,1.0
6259,96,171.87,1.0
6259,618,208.82,2.0
6260,123,79.64,3.0
6260,389,135.35,
6260,482,,3.0
6260,889,132.36,1.0
6261,264,227.0,1.0
6261,744,231.74,1.0
6261,956,212.49,1.0
6262,221,142.79,1.0
6262,499,165.93,2.0
6262,632,218.24,3.0
6262,913,156.18,2.0
6262,918,216.21,3.0
6263,259,57.05,2.0
6263,286,159.85,3.0
6263,644,102.24,3.0
6263,744,231.74,1.0
6263,771,76.39,2.0
6264,368,209.82,2.0
6264,867,92.12,2.0
6264,999,66.5,1.0
6265,75,154.27,1.0
6265,284,191.93,3.0
6265,658,165.29,3.0
6265,676,141.76,2.0
6266,194,185.69,2.0
6266,263,,1.0
6266,546,145.42,2.0
6266,879,107.5,2.0
6266,941,60.5,2.0
6267,462,77.21,2.0
6267,649,160.83,
6267,750,149.73,3.0
6268,297,146.37,2.0
6268,482,129.89,3.0
6268,581,165.07,3.0
6268,707,212.57,1.0
6269,300,173.53,3.0
6269,313,223.73,3.0
6269,364,217.62,3.0
6270,504,208.11,3.0
6270,543,103.79,2.0
6270,586,241.2,1.0
6270,794,112.71,3.0
6271,244,204.28,3.0
6271,709,92.58,2.0
6271,939,113.97,3.0
6272,172,103.8,3.0
6272,258,67.56,3.0
6272,705,91.17,3.0
6272,913,156.18,3.0
6272,930,232.52,
6273,105,232.06,2.0
6273,228,110.69,3.0
6273,278,100.46,1.0
6273,468,72.43,3.0
6274,232,208.43,2.0
6274,337,160.66,1.0
6274,597,208.18,2.0
6274,782,158.46,1.0
6275,311,160.61,1.0
6275,395,203.83,2.0
6275,623,118.18,2.0
6275,752,208.54,1.0
6275,871,243.22,2.0
6276,65,160.5,1.0
6276,235,239.95,3.0
6276,644,102.24,3.0
6276,828,80.98,3.0
6277,72,,2.0
6277,155,,3.0
6277,706,124.5,
6277,789,138.29,
6278,162,76.84,1.0
6278,501,125.53,2.0
6278,879,107.5,3.0
6278,898,208.88,2.0
6279,54,84.5,2.0
6279,151,226.05,1.0
6279,369,83.25,3.0
6279,505,120.77,2.0
6280,123,79.64,2.0
6280,390,82.52,2.0
6280,434,199.38,3.0
6280,823,243.4,1.0
6281,147,177.18,3.0
6281,192,62.03,1.0
6281,414,184.12,3.0
6281,430,88.19,1.0
6281,532,70.73,2.0
6282,269,81.71,3.0
6282,289,128.11,3.0
6282,291,181.87,1.0
6282,803,182.99,1.0
6283,156,,3.0
6283,432,56.08,3.0
6283,493,173.08,3.0
6283,521,195.86,3.0
6283,691,166.4,3.0
6284,148,241.66,1.0
6284,188,105.53,2.0
6284,465,230.21,3.0
6284,599,227.54,2.0
6284,727,148.9,2.0
6285,262,114.64,1.0
6285,361,82.42,2.0
6285,578,67.16,2.0
6286,325,149.23,1.0
6286,494,64.74,2.0
6286,985,154.3,1.0
6287,149,209.72,1.0
6287,199,121.89,2.0
6287,857,60.36,2.0
6288,25,195.55,2.0
6288,135,81.29,2.0
6288,212,219.1,1.0
6288,723,176.43,2.0
6288,933,140.94,3.0
6289,468,72.43,2.0
6289,793,202.22,2.0
6289,914,108.92,2.0
6290,116,247.88,3.0
6290,682,103.7,1.0
6290,684,248.13,
6290,876,227.05,3.0
6291,178,186.24,3.0
6291,737,127.14,1.0
6291,744,231.74,3.0
6291,760,226.3,3.0
6292,45,170.78,2.0
6292,48,90.11,2.0
6292,282,216.11,3.0
6292,624,67.8,
6292,730,167.65,2.0
6293,105,232.06,3.0
6293,797,220.47,1.0
6293,852,239.79,2.0
6294,155,116.62,2.0
6294,222,92.66,3.0
6294,438,131.49,3.0
6295,17,128.61,3.0
6295,265,245.93,2.0
6295,352,226.63,2.0
6295,442,105.37,1.0
6295,462,77.21,3.0
6296,74,172.32,3.0
6296,277,156.48,1.0
6296,888,80.36,2.0
6296,940,87.48,3.0
6297,655,,1.0
6297,705,91.17,3.0
6297,785,249.16,1.0
6297,846,95.98,3.0
6298,606,79.36,2.0
6298,652,150.27,2.0
6298,696,231.65,1.0
6298,723,176.43,1.0
6298,741,,3.0
6299,171,201.72,2.0
6299,205,,1.0
6299,251,60.23,2.0
6299,309,124.79,2.0
6299,566,122.7,3.0
6300,493,173.08,
6300,719,53.18,2.0
6300,853,151.97,1.0
6301,540,162.04,1.0
6301,556,246.31,3.0
6301,683,143.94,3.0
6301,944,77.61,2.0
6302,40,146.27,3.0
6302,152,63.89,2.0
6302,195,153.66,2.0
6302,384,137.63,2.0
6303,338,,1.0
6303,539,93.75,2.0
6303,574,118.2,1.0
6303,951,81.4,3.0
6304,298,69.9,
6304,456,199.14,1.0
6304,769,198.25,2.0
6305,3,132.41,2.0
6305,708,191.55,2.0
6305,856,233.37,3.0
6305,913,156.18,3.0
6306,721,107.84,2.0
6306,850,232.72,2.0
6306,864,104.77,3.0
6307,145,69.03,2.0
6307,161,109.19,3.0
6307,552,96.49,1.0
6308,202,,3.0
6308,281,242.32,3.0
6308,497,175.73,3.0
6308,862,160.96,2.0
6309,578,67.16,1.0
6309,649,160.83,2.0
6309,798,80.05,2.0
6309,888,80.36,2.0
6310,129,200.64,2.0
6310,675,64.53,3.0
6310,967,110.73,2.0
6311,292,214.47,2.0
6311,449,,3.0
6311,682,103.7,1.0
6312,14,238.51,2.0
6312,485,52.72,3.0
6312,975,187.08,2.0
6313,7,95.98,3.0
6313,312,57.94,2.0
6313,368,,2.0
6313,778,149.89,2.0
6313,822,132.13,2.0
6314,110,87.63,
6314,580,210.06,1.0
6314,640,97.33,2.0
6314,657,55.71,1.0
6315,711,187.54,1.0
6315,740,111.83,1.0
6315,857,,1.0
6315,864,104.77,3.0
6316,305,147.13,2.0
6316,373,160.95,2.0
6316,673,71.97,3.0
6317,80,117.92,
6317,146,215.92,1.0
6317,156,204.33,2.0
6317,222,92.66,2.0
6317,456,199.14,3.0
6318,147,177.18,2.0
6318,219,237.76,3.0
6318,974,55.39,3.0
6319,59,80.92,
6319,285,177.93,1.0
6319,520,171.69,2.0
6319,635,,3.0
6319,957,117.34,2.0
6320,438,131.49,3.0
6320,599,227.54,2.0
6320,657,55.71,3.0
6320,829,95.21,1.0
6321,167,56.81,1.0
6321,484,199.61,2.0
6321,640,97.33,3.0
6322,91,176.48,2.0
6322,518,232.96,1.0
6322,842,107.24,1.0
6323,101,141.82,2.0
6323,182,204.96,
6323,301,236.73,1.0
6323,327,149.0,3.0
6324,587,62.1,2.0
6324,675,64.53,3.0
6324,701,209.76,1.0
6324,732,247.41,2.0
6324,883,133.41,3.0
6325,75,154.27,1.0
6325,87,150.25,1.0
6325,824,170.3,1.0
6325,927,195.53,3.0
6326,554,228.02,1.0
6326,706,,2.0
6326,823,243.4,1.0
6327,73,204.1,3.0
6327,224,226.21,3.0
6327,403,99.71,1.0
6327,583,150.9,3.0
6327,840,135.48,2.0
6328,121,152.74,3.0
6328,211,92.17,1.0
6328,333,184.45,3.0
6329,105,232.06,2.0
6329,721,107.84,1.0
6329,843,218.71,2.0
6330,205,56.5,2.0
6330,483,109.71,3.0
6330,501,125.53,
6330,719,53.18,3.0
6331,3,132.41,2.0
6331,630,160.61,2.0
6331,743,180.58,2.0
6331,904,163.76,2.0
6332,24,247.44,3.0
6332,186,233.84,3.0
6332,544,244.85,3.0
6332,613,163.05,1.0
6332,872,159.66,1.0
6333,309,124.79,2.0
6333,668,88.59,2.0
6333,736,,2.0
6333,883,133.41,2.0
6334,261,71.6,2.0
6334,453,152.15,1.0
6334,601,189.18,1.0
6334,672,79.28,3.0
6335,71,86.5,2.0
6335,123,79.64,3.0
6335,357,77.1,3.0
6335,458,243.84,1.0
6336,202,214.72,3.0
6336,741,90.08,1.0
6336,778,149.89,1.0
6336,916,233.11,3.0
6337,56,162.42,3.0
6337,184,218.95,1.0
6337,526,217.47,2.0
6337,768,230.68,3.0
6338,330,103.52,3.0
6338,341,125.25,1.0
6338,456,199.14,1.0
6338,819,,1.0
6338,880,227.92,3.0
6339,112,,3.0
6339,190,99.3,2.0
6339,564,228.93,2.0
6339,779,92.97,2.0
6340,94,85.78,2.0
6340,232,208.43,2.0
6340,624,67.8,3.0
6340,876,227.05,3.0
6340,972,143.26,1.0
6341,479,160.63,1.0
6341,631,183.29,1.0
6341,734,201.32,
6342,103,67.22,2.0
6342,141,,2.0
6342,511,219.43,2.0
6343,40,146.27,2.0
6343,437,224.5,1.0
6343,444,62.33,3.0
6344,17,128.61,3.0
6344,19,146.71,1.0
6344,574,118.2,3.0
6344,794,112.71,1.0
6345,209,151.17,2.0
6345,256,114.14,1.0
6345,360,125.34,2.0
6345,965,239.42,3.0
6346,228,110.69,1.0
6346,309,124.79,1.0
6346,508,201.16,3.0
6346,895,187.0,1.0
6347,57,140.97,
6347,220,168.73,1.0
6347,293,168.57,2.0
6347,932,189.85,2.0
6348,464,191.8,2.0
6348,767,106.78,2.0
6348,771,76.39,3.0
6348,866,178.4,2.0
6349,237,115.28,3.0
6349,362,177.66,2.0
6349,434,199.38,3.0
6350,162,,2.0
6350,420,55.79,1.0
6350,583,,3.0
6350,703,171.58,2.0
6351,455,235.33,3.0
6351,581,,2.0
6351,753,54.32,3.0
6351,831,208.58,3.0
6352,308,117.08,2.0
6352,595,56.33,3.0
6352,746,98.77,1.0
6352,782,158.46,2.0
6353,308,117.08,1.0
6353,545,128.32,2.0
6353,560,124.85,1.0
6353,830,56.52,2.0
6353,832,119.16,3.0
6354,176,75.79,2.0
6354,565,148.85,3.0
6354,815,,2.0
6355,158,118.43,2.0
6355,164,91.14,2.0
6355,280,190.85,3.0
6355,360,125.34,3.0
6356,47,95.83,1.0
6356,75,154.27,2.0
6356,267,,1.0
6356,510,133.23,1.0
6356,944,77.61,1.0
6357,451,222.6,2.0
6357,504,208.11,3.0
6357,793,202.22,3.0
6358,6,72.5,3.0
6358,382,138.74,2.0
6358,675,64.53,1.0
6359,367,192.22,2.0
6359,537,220.97,1.0
6359,585,178.27,2.0
6359,811,,1.0
6359,858,219.38,2.0
6360,133,240.19,1.0
6360,287,109.88,3.0
6360,665,86.52,2.0
6360,702,81.84,3.0
6361,388,231.18,2.0
6361,501,125.53,3.0
6361,761,78.05,2.0
6362,678,201.53,3.0
6362,757,228.29,1.0
6362,924,196.23,1.0
6363,11,114.72,3.0
6363,164,91.14,3.0
6363,272,73.28,2.0
6363,348,203.33,2.0
6363,772,103.65,1.0
6364,285,177.93,3.0
6364,314,186.8,1.0
6364,605,138.19,3.0
6364,718,153.46,3.0
6364,756,133.58,1.0
6365,76,90.52,2.0
6365,252,195.57,1.0
6365,817,216.7,3.0
6365,946,226.43,1.0
6366,16,196.57,2.0
6366,167,56.81,1.0
6366,255,248.35,3.0
6366,489,65.95,1.0
6366,600,169.99,2.0
6367,126,139.84,3.0
6367,222,92.66,2.0
6367,268,80.87,3.0
6367,801,207.59,3.0
6368,75,154.27,2.0
6368,113,102.99,3.0
6368,284,191.93,
6368,351,155.07,1.0
6368,965,239.42,3.0
6369,26,181.39,1.0
6369,105,232.06,1.0
6369,377,52.08,1.0
6369,455,235.33,1.0
6369,963,220.36,1.0
6370,118,62.77,1.0
6370,165,69.55,3.0
6370,603,153.0,3.0
6370,847,163.66,3.0
6370,906,93.79,2.0
6371,654,133.29,1.0
6371,788,213.43,2.0
6371,808,233.39,3.0
6372,367,192.22,1.0
6372,509,,2.0
6372,579,202.8,3.0
6373,142,56.89,1.0
6373,186,233.84,3.0
6373,572,87.01,1.0
6373,840,135.48,
6374,293,168.57,3.0
6374,492,218.49,2.0
6374,809,,1.0
6375,80,117.92,3.0
6375,186,233.84,2.0
6375,400,186.19,1.0
6375,663,130.57,1.0
6376,157,246.43,
6376,214,67.39,3.0
6376,481,115.71,1.0
6377,36,197.14,1.0
6377,757,228.29,2.0
6377,897,153.0,1.0
6378,299,70.27,2.0
6378,420,55.79,2.0
6378,511,219.43,2.0
6378,547,186.62,2.0
6378,594,196.51,2.0
6379,208,57.13,2.0
6379,228,110.69,3.0
6379,385,78.48,
6379,415,92.65,1.0
6379,586,241.2,3.0
6380,142,56.89,1.0
6380,265,245.93,
6380,584,245.83,1.0
6380,657,55.71,1.0
6381,195,153.66,2.0
6381,236,185.64,2.0
6381,531,51.53,1.0
6381,545,128.32,
6381,858,219.38,1.0
6382,55,238.3,2.0
6382,138,221.92,2.0
6382,313,223.73,
6382,589,62.33,3.0
6382,779,92.97,
6383,507,226.65,1.0
6383,616,178.66,1.0
6383,729,233.18,1.0
6383,938,92.58,3.0
6384,6,72.5,
6384,497,175.73,2.0
6384,734,201.32,2.0
6384,789,138.29,1.0
6385,271,80.13,3.0
6385,445,232.1,2.0
6385,505,120.77,2.0
6385,887,217.22,1.0
6386,526,217.47,1.0
6386,871,243.22,3.0
6386,883,133.41,2.0
6386,979,205.27,1.0
6387,198,180.7,3.0
6387,223,83.22,2.0
6387,272,73.28,1.0
6388,107,123.53,1.0
6388,287,109.88,1.0
6388,293,168.57,2.0
6388,433,,3.0
6388,912,101.23,2.0
6389,564,228.93,3.0
6389,588,151.91,2.0
6389,637,56.45,2.0
6389,843,218.71,3.0
6390,195,153.66,1.0
6390,374,86.56,3.0
6390,560,124.85,1.0
6390,670,60.76,3.0
6390,673,71.97,3.0
6391,61,112.13,3.0
6391,163,193.4,3.0
6391,314,186.8,1.0
6391,583,,3.0
6392,188,105.53,3.0
6392,491,214.4,1.0
6392,675,64.53,2.0
6393,153,92.66,3.0
6393,988,225.45,2.0
6393,999,66.5,3.0
6394,40,146.27,2.0
6394,401,227.82,3.0
6394,641,59.05,1.0
6394,764,184.08,1.0
6394,845,225.55,3.0
6395,31,240.33,1.0
6395,52,147.19,1.0
6395,302,124.05,
6395,321,,3.0
6395,523,229.28,2.0
6396,38,104.28,3.0
6396,730,167.65,1.0
6396,774,226.25,2.0
6396,785,249.16,3.0
6397,25,195.55,2.0
6397,487,141.3,3.0
6397,794,,3.0
6398,68,206.01,1.0
6398,650,65.51,3.0
6398,905,98.14,1.0
6398,969,231.07,1.0
6398,970,54.56,3.0
6399,142,56.89,3.0
6399,174,141.85,1.0
6399,367,192.22,2.0
6399,383,203.93,1.0
6400,212,219.1,3.0
6400,414,184.12,1.0
6400,748,232.9,2.0
6401,119,151.13,2.0
6401,633,116.68,
6401,667,124.68,2.0
6401,779,92.97,2.0
6402,114,164.82,3.0
6402,119,151.13,2.0
6402,158,118.43,3.0
6402,706,124.5,3.0
6403,293,168.57,1.0
6403,502,146.58,2.0
6403,663,130.57,3.0
6404,377,52.08,1.0
6404,652,150.27,3.0
6404,781,181.2,1.0
6404,877,202.64,2.0
6405,115,,2.0
6405,340,67.14,2.0
6405,621,189.73,1.0
6405,669,230.08,1.0
6406,128,94.73,2.0
6406,171,201.72,2.0
6406,311,160.61,3.0
6406,335,146.92,3.0
6406,583,150.9,1.0
6407,358,134.49,2.0
6407,519,180.71,
6407,584,245.83,3.0
6407,683,143.94,3.0
6407,768,230.68,3.0
6408,529,69.77,3.0
6408,635,132.03,1.0
6408,769,198.25,1.0
6408,931,122.11,2.0
6408,957,,1.0
6409,472,63.46,3.0
6409,727,148.9,1.0
6409,954,104.74,1.0
6410,51,106.86,1.0
6410,90,180.87,1.0
6410,211,92.17,1.0
6410,587,62.1,1.0
6410,976,80.22,
6411,29,62.51,2.0
6411,315,125.67,3.0
6411,902,,2.0
6412,23,203.41,3.0
6412,249,224.27,2.0
6412,971,103.93,3.0
6413,72,143.79,3.0
6413,447,83.16,1.0
6413,790,125.07,3.0
6414,90,,1.0
6414,247,207.42,1.0
6414,254,129.75,3.0
6414,917,87.21,2.0
6414,953,61.07,3.0
6415,81,223.52,1.0
6415,263,93.74,3.0
6415,310,157.3,3.0
6415,633,,3.0
6416,15,62.94,1.0
6416,403,99.71,3.0
6416,575,124.4,1.0
6417,429,99.3,3.0
6417,730,167.65,2.0
6417,814,160.37,2.0
6418,485,52.72,1.0
6418,621,189.73,1.0
6418,852,239.79,1.0
6418,929,197.89,1.0
6419,330,103.52,1.0
6419,338,118.52,1.0
6419,460,89.74,1.0
6419,820,51.21,1.0
6420,277,156.48,1.0
6420,473,196.68,3.0
6420,897,153.0,1.0
6421,185,134.78,1.0
6421,440,200.17,1.0
6421,979,205.27,3.0
6422,233,243.92,3.0
6422,427,113.76,2.0
6422,458,243.84,3.0
6422,674,155.82,2.0
6423,141,140.89,1.0
6423,203,202.04,1.0
6423,506,201.97,2.0
6424,119,151.13,
6424,177,131.35,3.0
6424,263,93.74,2.0
6424,483,109.71,1.0
6424,543,103.79,3.0
6425,3,132.41,1.0
6425,33,116.23,
6425,129,200.64,3.0
6425,270,127.17,
6425,644,102.24,
6426,92,168.26,2.0
6426,264,227.0,3.0
6426,292,214.47,2.0
6426,465,230.21,1.0
6426,753,54.32,3.0
6427,563,105.31,1.0
6427,637,56.45,2.0
6427,747,241.7,3.0
6428,558,235.51,3.0
6428,564,228.93,2.0
6428,618,208.82,1.0
6428,905,98.14,1.0
6429,87,150.25,2.0
6429,201,50.2,2.0
6429,742,153.3,1.0
6430,78,166.26,1.0
6430,105,232.06,2.0
6430,388,231.18,2.0
6431,105,232.06,2.0
6431,366,106.38,3.0
6431,444,62.33,3.0
6431,599,227.54,1.0
6431,995,113.27,1.0
6432,394,191.95,2.0
6432,602,86.81,2.0
6432,634,112.99,3.0
6433,157,246.43,3.0
6433,595,56.33,3.0
6433,675,64.53,1.0
6433,797,220.47,1.0
6434,86,192.31,3.0
6434,151,226.05,1.0
6434,323,170.98,3.0
6434,485,52.72,3.0
6435,316,159.68,
6435,730,167.65,2.0
6435,735,237.3,1.0
6435,774,226.25,1.0
6435,857,60.36,2.0
6436,17,128.61,2.0
6436,548,216.83,3.0
6436,920,147.21,1.0
6437,292,214.47,3.0
6437,341,125.25,3.0
6437,460,89.74,2.0
6437,695,77.45,3.0
6438,154,146.97,2.0
6438,298,69.9,3.0
6438,441,208.41,2.0
6438,484,199.61,3.0
6438,696,231.65,3.0
6439,228,110.69,
6439,384,137.63,2.0
6439,630,160.61,3.0
6439,987,182.97,3.0
6440,268,80.87,3.0
6440,824,170.3,1.0
6440,848,58.97,3.0
6441,100,126.84,1.0
6441,772,103.65,2.0
6441,777,176.22,2.0
6441,781,181.2,1.0
6442,467,176.42,3.0
6442,619,134.73,3.0
6442,701,209.76,1.0
6442,822,132.13,2.0
6443,19,146.71,3.0
6443,80,117.92,2.0
6443,428,174.0,3.0
6444,81,223.52,2.0
6444,418,104.84,
6444,590,153.28,1.0
6444,734,201.32,
6445,151,226.05,1.0
6445,605,,1.0
6445,840,135.48,3.0
6445,920,147.21,3.0
6446,300,173.53,2.0
6446,901,142.02,2.0
6446,916,233.11,1.0
6447,154,146.97,
6447,296,217.57,3.0
6447,307,197.91,2.0
6447,625,71.81,3.0
6447,674,155.82,1.0
6448,419,183.25,3.0
6448,454,155.48,3.0
6448,457,111.71,2.0
6448,633,116.68,2.0
6448,838,124.38,3.0
6449,72,143.79,1.0
6449,648,230.35,2.0
6449,689,132.29,3.0
6449,770,215.18,1.0
6449,800,76.15,1.0
6450,397,238.21,1.0
6450,771,76.39,2.0
6450,798,80.05,2.0
6451,338,118.52,3.0
6451,544,244.85,3.0
6451,629,,1.0
6451,930,232.52,3.0
6452,130,,1.0
6452,744,231.74,3.0
6452,918,216.21,3.0
6453,163,193.4,1.0
6453,175,150.13,2.0
6453,677,239.14,3.0
6453,891,87.61,1.0
6454,118,62.77,2.0
6454,238,203.38,2.0
6454,598,,3.0
6454,676,141.76,2.0
6454,807,198.27,2.0
6455,42,226.48,2.0
6455,196,82.73,3.0
6455,213,206.95,1.0
6455,561,150.52,1.0
6455,795,127.79,1.0
6456,270,127.17,2.0
6456,328,93.55,3.0
6456,350,61.9,3.0
6456,500,136.7,2.0
6457,301,236.73,2.0
6457,562,205.86,3.0
6457,782,158.46,2.0
6457,930,232.52,3.0
6458,94,85.78,3.0
6458,504,208.11,3.0
6458,797,220.47,3.0
6458,898,208.88,1.0
6459,300,173.53,2.0
6459,372,145.25,
6459,551,162.25,2.0
6459,751,121.44,2.0
6459,887,217.22,2.0
6460,118,62.77,1.0
6460,409,121.46,1.0
6460,632,218.24,1.0
6460,862,160.96,1.0
6460,989,218.85,2.0
6461,53,60.45,1.0
6461,419,183.25,1.0
6461,523,229.28,1.0
6461,528,198.95,
6461,913,156.18,2.0
6462,448,91.2,2.0
6462,704,50.64,
6462,715,180.14,
6463,749,74.3,2.0
6463,871,243.22,2.0
6463,901,142.02,
6464,180,136.21,2.0
6464,553,128.85,3.0
6464,665,86.52,2.0
6464,714,113.33,
6464,963,,1.0
6465,21,184.17,2.0
6465,427,113.76,1.0
6465,439,226.19,2.0
6465,911,112.85,2.0
6466,129,200.64,3.0
6466,281,242.32,2.0
6466,568,217.68,1.0
6466,674,155.82,2.0
6466,928,,1.0
6467,206,148.94,2.0
6467,598,119.08,3.0
6467,636,198.75,1.0
6467,700,79.91,2.0
6468,169,116.7,2.0
6468,781,181.2,1.0
6468,869,192.32,1.0
6469,563,105.31,1.0
6469,747,241.7,2.0
6469,910,142.16,3.0
6469,921,156.4,3.0
6470,540,162.04,3.0
6470,558,235.51,3.0
6470,567,167.33,1.0
6470,578,67.16,3.0
6470,714,113.33,
6471,3,132.41,1.0
6471,744,231.74,3.0
6471,792,237.91,1.0
6472,95,222.28,2.0
6472,383,203.93,2.0
6472,419,183.25,2.0
6472,732,247.41,2.0
6472,979,205.27,3.0
6473,530,215.96,1.0
6473,605,138.19,3.0
6473,646,191.41,1.0
6473,703,171.58,2.0
6474,34,62.0,2.0
6474,98,246.81,2.0
6474,515,200.99,3.0
6475,116,247.88,1.0
6475,223,83.22,1.0
6475,650,65.51,1.0
6475,787,164.1,2.0
6476,512,185.45,1.0
6476,757,228.29,1.0
6476,817,216.7,3.0
6477,105,232.06,2.0
6477,239,220.93,1.0
6477,644,102.24,1.0
6477,750,149.73,2.0
6477,819,57.53,1.0
6478,5,165.12,3.0
6478,550,83.71,1.0
6478,942,167.61,1.0
6479,32,161.45,1.0
6479,104,173.39,2.0
6479,148,241.66,3.0
6479,868,163.34,1.0
6479,880,227.92,
6480,221,142.79,1.0
6480,515,200.99,3.0
6480,912,101.23,3.0
6481,65,,2.0
6481,137,110.1,2.0
6481,185,134.78,
6481,587,62.1,2.0
6482,30,207.25,2.0
6482,143,72.98,3.0
6482,190,99.3,3.0
6482,720,225.01,1.0
6482,974,55.39,1.0
6483,37,65.77,3.0
6483,66,167.64,1.0
6483,505,120.77,3.0
6483,588,151.91,1.0
6483,634,112.99,
6484,170,105.05,3.0
6484,480,185.48,2.0
6484,611,177.27,2.0
6485,60,71.49,2.0
6485,210,208.67,3.0
6485,608,220.66,3.0
6485,804,232.19,2.0
6485,832,119.16,1.0
6486,95,222.28,1.0
6486,652,150.27,1.0
6486,871,243.22,3.0
6486,980,211.03,3.0
6486,991,204.99,3.0
6487,210,208.67,2.0
6487,282,216.11,3.0
6487,910,142.16,1.0
6487,943,173.92,3.0
6487,967,110.73,2.0
6488,94,85.78,2.0
6488,123,79.64,2.0
6488,227,234.63,2.0
6488,582,195.63,1.0
6489,480,185.48,1.0
6489,718,153.46,3.0
6489,905,98.14,1.0
6489,967,110.73,1.0
6490,455,235.33,2.0
6490,617,70.77,1.0
6490,922,246.25,2.0
6491,194,185.69,1.0
6491,795,127.79,2.0
6491,927,195.53,
6492,248,124.74,3.0
6492,384,137.63,3.0
6492,543,103.79,3.0
6492,993,83.38,3.0
6493,420,55.79,2.0
6493,717,,3.0
6493,867,92.12,1.0
6494,326,173.51,
6494,426,227.24,3.0
6494,496,145.41,1.0
6494,557,102.94,1.0
6494,925,64.95,3.0
6495,158,,2.0
6495,317,132.96,1.0
6495,972,143.26,1.0
6496,291,181.87,
6496,692,101.01,2.0
6496,810,160.28,3.0
6496,992,88.48,3.0
6497,128,94.73,1.0
6497,131,157.55,2.0
6497,763,68.54,1.0
6497,814,160.37,3.0
6498,611,177.27,2.0
6498,697,77.43,2.0
6498,793,202.22,3.0
6499,101,141.82,1.0
6499,134,114.43,2.0
6499,409,121.46,1.0
6499,899,199.38,3.0
6500,90,180.87,2.0
6500,254,129.75,3.0
6500,481,115.71,2.0
6501,513,,1.0
6501,538,232.66,2.0
6501,626,95.95,1.0
6502,508,201.16,1.0
6502,600,169.99,2.0
6502,654,133.29,2.0
6502,856,233.37,1.0
6503,56,162.42,2.0
6503,144,111.9,2.0
6503,249,224.27,1.0
6503,703,171.58,1.0
6503,891,87.61,2.0
6504,477,245.15,3.0
6504,620,137.63,1.0
6504,686,138.01,1.0
6504,847,163.66,1.0
6504,883,133.41,3.0
6505,410,70.81,2.0
6505,498,174.24,2.0
6505,964,106.28,1.0
6506,26,181.39,1.0
6506,86,192.31,1.0
6506,392,113.94,2.0
6506,734,201.32,2.0
6506,753,54.32,2.0
6507,198,180.7,3.0
6507,614,174.25,1.0
6507,819,57.53,3.0
6507,904,163.76,2.0
6507,959,239.53,3.0
6508,202,214.72,3.0
6508,384,137.63,2.0
6508,443,244.96,3.0
6508,556,246.31,2.0
6509,245,136.11,3.0
6509,298,69.9,1.0
6509,315,125.67,1.0
6509,570,77.81,1.0
6509,997,,1.0
6510,167,56.81,3.0
6510,305,147.13,3.0
6510,404,95.37,3.0
6510,582,195.63,3.0
6510,676,141.76,1.0
6511,755,198.93,3.0
6511,847,163.66,3.0
6511,890,177.49,1.0
6512,419,,3.0
6512,864,104.77,3.0
6512,900,247.74,2.0
6513,29,62.51,3.0
6513,421,66.61,3.0
6513,492,,2.0
6513,734,201.32,1.0
6513,862,160.96,
6514,156,204.33,2.0
6514,309,124.79,2.0
6514,522,210.27,3.0
6514,598,119.08,2.0
6514,963,220.36,3.0
6515,166,192.62,2.0
6515,195,153.66,2.0
6515,500,136.7,1.0
6516,337,160.66,2.0
6516,473,196.68,1.0
6516,520,171.69,1.0
6516,691,166.4,1.0
6516,899,199.38,1.0
6517,169,116.7,3.0
6517,280,190.85,2.0
6517,352,226.63,3.0
6518,306,196.65,3.0
6518,524,67.52,3.0
6518,599,227.54,1.0
6518,912,101.23,2.0
6519,182,204.96,1.0
6519,240,189.89,2.0
6519,370,176.52,3.0
6519,755,198.93,1.0
6520,246,64.86,3.0
6520,318,68.99,2.0
6520,390,82.52,1.0
6520,970,54.56,1.0
6521,275,99.56,2.0
6521,302,124.05,1.0
6521,360,125.34,3.0
6521,604,223.98,1.0
6521,647,99.37,3.0
6522,117,85.95,1.0
6522,510,133.23,3.0
6522,725,226.28,1.0
6522,913,156.18,3.0
6522,918,216.21,3.0
6523,6,72.5,2.0
6523,276,245.17,2.0
6523,516,113.3,3.0
6524,222,92.66,3.0
6524,744,231.74,3.0
6524,757,228.29,2.0
6525,411,152.22,2.0
6525,587,62.1,
6525,755,198.93,2.0
6525,972,143.26,
6526,2,80.34,1.0
6526,220,168.73,2.0
6526,395,203.83,3.0
6526,443,244.96,1.0
6526,469,115.23,1.0
6527,147,177.18,2.0
6527,230,142.07,1.0
6527,935,98.57,2.0
6528,16,196.57,2.0
6528,73,204.1,3.0
6528,694,51.93,3.0
6529,55,238.3,3.0
6529,307,197.91,2.0
6529,563,105.31,2.0
6529,653,82.55,2.0
6530,180,136.21,2.0
6530,603,153.0,3.0
6530,645,151.87,2.0
6530,916,233.11,
6531,99,224.99,2.0
6531,398,118.83,2.0
6531,482,,2.0
6531,640,97.33,3.0
6532,212,219.1,3.0
6532,456,199.14,1.0
6532,730,167.65,2.0
6532,936,157.52,3.0
6533,17,128.61,3.0
6533,42,226.48,2.0
6533,67,55.29,
6534,378,148.58,1.0
6534,415,92.65,1.0
6534,562,205.86,2.0
6534,836,244.73,1.0
6535,7,95.98,3.0
6535,159,170.35,2.0
6535,658,165.29,3.0
6535,832,119.16,1.0
6536,212,219.1,1.0
6536,272,73.28,1.0
6536,620,137.63,3.0
6536,742,153.3,1.0
6537,9,214.61,2.0
6537,471,189.72,2.0
6537,789,138.29,3.0
6538,210,208.67,1.0
6538,888,80.36,1.0
6538,904,163.76,2.0
6539,11,114.72,3.0
6539,189,187.35,1.0
6539,381,,3.0
6539,536,162.12,3.0
6539,546,145.42,1.0
6540,26,181.39,2.0
6540,522,210.27,2.0
6540,594,196.51,3.0
6540,736,173.14,2.0
6540,755,198.93,2.0
6541,287,109.88,1.0
6541,717,207.78,3.0
6541,745,180.42,1.0
6542,321,129.7,3.0
6542,543,103.79,1.0
6542,589,62.33,3.0
6542,803,182.99,1.0
6542,950,209.25,3.0
6543,487,141.3,1.0
6543,644,102.24,3.0
6543,668,88.59,2.0
6544,141,140.89,2.0
6544,352,226.63,2.0
6544,523,229.28,3.0
6544,708,191.55,1.0
6544,787,164.1,1.0
6545,31,240.33,2.0
6545,79,182.33,3.0
6545,504,208.11,1.0
6545,549,87.59,1.0
6546,47,95.83,2.0
6546,406,192.02,2.0
6546,417,224.94,1.0
6546,605,138.19,1.0
6546,925,64.95,3.0
6547,280,190.85,
6547,395,203.83,1.0
6547,890,177.49,1.0
6547,960,244.86,2.0
6548,148,241.66,2.0
6548,804,232.19,1.0
6548,953,61.07,3.0
6549,179,174.38,2.0
6549,233,243.92,3.0
6549,256,114.14,1.0
6549,539,93.75,
6549,735,237.3,3.0
6550,41,141.64,2.0
6550,226,177.91,3.0
6550,756,133.58,3.0
6550,774,226.25,2.0
6550,854,155.1,2.0
6551,357,77.1,3.0
6551,389,135.35,2.0
6551,450,148.27,2.0
6551,575,124.4,1.0
6551,863,183.04,2.0
6552,497,175.73,1.0
6552,580,210.06,1.0
6552,626,95.95,2.0
6552,803,182.99,3.0
6553,216,87.98,1.0
6553,263,93.74,1.0
6553,496,145.41,3.0
6553,918,,1.0
6553,972,143.26,2.0
6554,232,208.43,2.0
6554,328,93.55,3.0
6554,350,61.9,3.0
6554,658,165.29,2.0
6554,873,148.67,1.0
6555,244,,3.0
6555,522,210.27,2.0
6555,942,167.61,1.0
6556,299,70.27,1.0
6556,343,70.29,3.0
6556,460,89.74,2.0
6556,471,189.72,3.0
6557,83,125.49,1.0
6557,193,142.88,3.0
6557,194,185.69,3.0
6557,212,219.1,3.0
6557,556,246.31,3.0
6558,49,237.53,1.0
6558,248,124.74,1.0
6558,282,,3.0
6558,399,166.38,2.0
6558,880,227.92,2.0
6559,426,227.24,1.0
6559,465,230.21,3.0
6559,545,128.32,3.0
6559,698,86.52,2.0
6560,401,227.82,
6560,441,208.41,3.0
6560,591,61.38,1.0
6560,663,130.57,2.0
6560,945,115.38,1.0
6561,83,125.49,2.0
6561,250,184.37,2.0
6561,363,87.53,1.0
6561,437,224.5,3.0
6561,800,76.15,1.0
6562,187,125.22,3.0
6562,278,100.46,1.0
6562,454,155.48,2.0
6563,105,232.06,3.0
6563,394,191.95,2.0
6563,669,230.08,1.0
6563,872,159.66,1.0
6564,422,120.82,1.0
6564,651,126.72,
6564,956,,2.0
6564,975,187.08,3.0
6565,34,62.0,1.0
6565,274,189.78,3.0
6565,569,160.56,2.0
6565,767,106.78,2.0
6566,160,97.07,2.0
6566,228,110.69,3.0
6566,503,51.95,1.0
6566,546,145.42,2.0
6566,820,51.21,
6567,342,91.83,2.0
6567,392,113.94,2.0
6567,762,133.63,2.0
6567,801,207.59,2.0
6568,108,66.24,2.0
6568,138,221.92,1.0
6568,592,195.71,3.0
6568,656,168.41,1.0
6568,887,217.22,2.0
6569,56,162.42,3.0
6569,295,225.4,3.0
6569,399,166.38,3.0
6569,554,228.02,2.0
6569,791,169.28,3.0
6570,127,108.62,2.0
6570,165,69.55,
6570,307,197.91,1.0
6570,371,51.0,2.0
6571,173,65.65,1.0
6571,439,226.19,3.0
6571,528,198.95,3.0
6572,65,160.5,1.0
6572,132,221.69,3.0
6572,139,106.94,3.0
6573,213,206.95,1.0
6573,254,129.75,2.0
6573,464,191.8,2.0
6573,525,,3.0
6573,707,212.57,1.0
6574,455,235.33,3.0
6574,493,173.08,2.0
6574,829,95.21,1.0
6574,915,239.01,2.0
6575,12,114.63,2.0
6575,199,121.89,2.0
6575,213,206.95,3.0
6575,372,145.25,1.0
6575,488,80.54,3.0
6576,8,63.45,2.0
6576,93,202.8,3.0
6576,106,140.96,1.0
6576,408,100.88,3.0
6576,502,146.58,3.0
6577,44,93.13,
6577,714,113.33,1.0
6577,825,,3.0
6577,855,146.69,3.0
6578,232,208.43,3.0
6578,314,186.8,1.0
6578,447,83.16,3.0
6578,763,68.54,1.0
6579,566,122.7,1.0
6579,880,227.92,1.0
6579,991,204.99,1.0
6580,361,82.42,2.0
6580,521,195.86,3.0
6580,613,163.05,3.0
6580,770,215.18,3.0
6581,174,141.85,1.0
6581,429,99.3,3.0
6581,613,163.05,2.0
6581,836,244.73,2.0
6582,281,242.32,3.0
6582,478,155.47,1.0
6582,535,167.78,2.0
6582,642,,3.0
6583,115,178.84,1.0
6583,208,57.13,2.0
6583,534,190.45,3.0
6583,553,128.85,2.0
6583,864,104.77,1.0
6584,501,125.53,3.0
6584,552,96.49,1.0
6584,645,151.87,1.0
6584,670,,1.0
6584,904,163.76,2.0
6585,61,112.13,
6585,395,203.83,2.0
6585,579,202.8,3.0
6585,821,119.15,1.0
6585,966,206.2,3.0
6586,210,208.67,2.0
6586,538,232.66,
6586,890,177.49,3.0
6587,362,177.66,3.0
6587,640,97.33,2.0
6587,651,126.72,3.0
6587,878,50.82,1.0
6587,914,108.92,
6588,163,193.4,3.0
6588,395,203.83,1.0
6588,478,155.47,1.0
6588,837,249.04,2.0
6589,59,80.92,1.0
6589,605,138.19,2.0
6589,619,134.73,3.0
6589,779,92.97,
6589,1000,133.67,1.0
6590,164,91.14,
6590,382,138.74,3.0
6590,388,231.18,3.0
6590,584,245.83,1.0
6591,445,232.1,3.0
6591,517,106.05,1.0
6591,870,,2.0
6592,276,245.17,3.0
6592,294,237.5,3.0
6592,991,204.99,1.0
6593,9,214.61,1.0
6593,93,202.8,1.0
6593,211,92.17,3.0
6593,386,208.73,3.0
6594,67,55.29,2.0
6594,135,81.29,1.0
6594,142,,2.0
6594,430,88.19,3.0
6594,882,,2.0
6595,163,193.4,2.0
6595,190,99.3,3.0
6595,207,88.92,3.0
6595,797,220.47,2.0
6595,941,60.5,2.0
6596,207,88.92,3.0
6596,436,170.1,1.0
6596,790,125.07,1.0
6596,921,156.4,2.0
6596,954,104.74,3.0
6597,203,202.04,2.0
6597,501,125.53,1.0
6597,709,92.58,2.0
6598,16,196.57,3.0
6598,374,86.56,3.0
6598,375,216.37,3.0
6598,928,,3.0
6599,258,67.56,2.0
6599,440,200.17,1.0
6599,505,120.77,3.0
6599,817,216.7,2.0
6599,944,77.61,1.0
6600,58,231.34,2.0
6600,137,110.1,3.0
6600,164,91.14,2.0
6600,208,57.13,3.0
6600,842,107.24,3.0
6601,223,83.22,2.0
6601,456,199.14,2.0
6601,998,168.56,2.0
6602,21,184.17,2.0
6602,173,65.65,3.0
6602,349,138.39,3.0
6602,464,191.8,3.0
6602,832,119.16,3.0
6603,241,69.12,1.0
6603,433,242.72,2.0
6603,482,129.89,1.0
6603,697,77.43,2.0
6604,94,85.78,3.0
6604,137,110.1,1.0
6604,700,79.91,2.0
6604,712,151.86,2.0
6605,155,116.62,
6605,409,121.46,2.0
6605,498,174.24,3.0
6606,49,237.53,2.0
6606,142,56.89,1.0
6606,433,242.72,1.0
6606,586,241.2,1.0
6607,395,203.83,2.0
6607,465,230.21,1.0
6607,509,94.66,3.0
6607,686,138.01,3.0
6607,864,104.77,
6608,22,74.05,1.0
6608,254,,1.0
6608,634,112.99,2.0
6609,104,173.39,
6609,512,185.45,2.0
6609,760,226.3,1.0
6609,896,238.61,3.0
6609,976,80.22,2.0
6610,4,102.01,2.0
6610,305,147.13,3.0
6610,363,87.53,3.0
6610,521,195.86,1.0
6610,741,90.08,1.0
6611,360,125.34,2.0
6611,593,97.97,2.0
6611,660,185.42,2.0
6612,45,170.78,2.0
6612,232,208.43,1.0
6612,531,51.53,1.0
6612,569,,1.0
6613,174,141.85,1.0
6613,521,195.86,3.0
6613,779,92.97,3.0
6614,169,116.7,2.0
6614,623,118.18,2.0
6614,792,237.91,3.0
6614,970,54.56,3.0
6615,66,167.64,3.0
6615,130,121.41,1.0
6615,556,246.31,3.0
6615,640,97.33,2.0
6615,876,227.05,3.0
6616,4,102.01,1.0
6616,8,63.45,3.0
6616,137,110.1,1.0
6616,521,195.86,2.0
6616,806,146.82,3.0
6617,46,83.22,3.0
6617,271,80.13,2.0
6617,668,88.59,1.0
6618,15,62.94,2.0
6618,44,93.13,2.0
6618,254,129.75,3.0
6618,829,95.21,1.0
6618,907,121.43,3.0
6619,229,89.49,1.0
6619,521,195.86,2.0
6619,640,97.33,2.0
6619,682,103.7,2.0
6619,996,196.78,2.0
6620,267,119.48,3.0
6620,278,100.46,
6620,737,127.14,3.0
6620,744,231.74,1.0
6620,916,233.11,1.0
6621,13,236.18,3.0
6621,186,233.84,3.0
6621,400,186.19,2.0
6622,242,142.14,2.0
6622,323,170.98,2.0
6622,563,105.31,3.0
6622,750,149.73,1.0
6623,24,247.44,3.0
6623,550,83.71,1.0
6623,608,220.66,1.0
6623,736,,3.0
6623,922,246.25,2.0
6624,32,161.45,3.0
6624,107,123.53,2.0
6624,317,132.96,2.0
6624,380,210.24,3.0
6624,965,239.42,2.0
6625,69,153.27,2.0
6625,594,196.51,2.0
6625,809,66.18,3.0
6625,920,147.21,
6625,927,195.53,2.0
6626,446,203.34,1.0
6626,721,107.84,1.0
6626,970,54.56,3.0
6627,503,51.95,3.0
6627,548,216.83,
6627,560,124.85,1.0
6627,685,231.56,1.0
6628,155,116.62,1.0
6628,361,82.42,1.0
6628,368,209.82,2.0
6629,36,197.14,2.0
6629,48,90.11,1.0
6629,134,114.43,1.0
6629,294,237.5,1.0
6629,409,121.46,1.0
6630,342,91.83,2.0
6630,400,186.19,3.0
6630,912,101.23,2.0
6631,279,200.37,1.0
6631,683,143.94,2.0
6631,805,159.55,2.0
6631,953,61.07,1.0
6631,992,88.48,2.0
6632,19,146.71,1.0
6632,96,171.87,2.0
6632,177,131.35,3.0
6632,718,153.46,3.0
6632,777,176.22,1.0
6633,15,62.94,2.0
6633,234,194.51,3.0
6633,260,87.94,1.0
6633,391,185.14,3.0
6633,889,132.36,2.0
6634,95,222.28,3.0
6634,653,82.55,1.0
6634,885,65.26,1.0
6635,305,147.13,3.0
6635,524,67.52,2.0
6635,696,231.65,2.0
6636,178,186.24,2.0
6636,585,178.27,1.0
6636,637,56.45,1.0
6637,8,63.45,1.0
6637,320,57.22,1.0
6637,676,141.76,1.0
6637,714,113.33,2.0
6637,865,150.88,2.0
6638,377,52.08,1.0
6638,527,157.45,3.0
6638,584,245.83,2.0
6638,978,218.51,2.0
6639,632,218.24,3.0
6639,634,112.99,2.0
6639,880,227.92,1.0
6640,721,107.84,3.0
6640,781,181.2,
6640,802,158.8,1.0
6640,824,170.3,1.0
6641,32,161.45,2.0
6641,375,216.37,3.0
6641,505,120.77,3.0
6641,820,51.21,3.0
6641,939,,2.0
6642,18,66.18,1.0
6642,510,133.23,1.0
6642,566,122.7,1.0
6642,741,90.08,1.0
6642,761,78.05,2.0
6643,21,184.17,1.0
6643,490,134.37,3.0
6643,631,183.29,2.0
6643,753,54.32,2.0
6643,764,,2.0
6644,237,115.28,2.0
6644,259,,3.0
6644,823,243.4,1.0
6645,96,171.87,3.0
6645,218,215.86,3.0
6645,614,174.25,2.0
6645,659,163.96,3.0
6645,911,112.85,1.0
6646,129,200.64,1.0
6646,300,,3.0
6646,796,213.28,2.0
6647,39,200.01,1.0
6647,61,112.13,3.0
6647,238,203.38,1.0
6647,334,175.68,1.0
6647,790,125.07,2.0
6648,511,219.43,3.0
6648,676,141.76,3.0
6648,838,124.38,1.0
6648,854,155.1,1.0
6649,261,71.6,3.0
6649,331,133.75,3.0
6649,830,56.52,3.0
6650,166,192.62,1.0
6650,667,124.68,1.0
6650,762,133.63,1.0
6651,5,165.12,1.0
6651,202,214.72,3.0
6651,252,195.57,1.0
6651,568,,3.0
6651,694,51.93,3.0
6652,265,245.93,2.0
6652,284,191.93,1.0
6652,732,247.41,2.0
6652,883,133.41,1.0
6653,496,145.41,3.0
6653,600,,2.0
6653,781,181.2,2.0
6653,845,225.55,1.0
6654,361,82.42,1.0
6654,506,201.97,1.0
6655,721,107.84,2.0
6655,941,60.5,2.0
6655,966,206.2,2.0
6655,981,60.43,3.0
6656,618,208.82,2.0
6656,686,138.01,2.0
6656,762,133.63,1.0
6656,846,95.98,3.0
6656,870,77.14,1.0
6657,93,202.8,2.0
6657,137,110.1,3.0
6657,308,117.08,3.0
6657,820,51.21,1.0
6658,86,192.31,3.0
6658,135,81.29,2.0
6658,406,192.02,3.0
6658,538,232.66,1.0
6658,552,96.49,3.0
6659,316,159.68,2.0
6659,385,78.48,2.0
6659,567,167.33,2.0
6659,962,158.95,1.0
6660,388,231.18,1.0
6660,923,149.87,2.0
6660,990,76.1,1.0
6661,132,221.69,2.0
6661,355,140.68,3.0
6661,452,125.45,1.0
6661,719,53.18,3.0
6662,26,181.39,1.0
6662,309,,3.0
6662,559,164.08,2.0
6662,626,95.95,1.0
6662,888,80.36,
6663,2,80.34,2.0
6663,296,217.57,1.0
6663,333,184.45,1.0
6664,357,77.1,2.0
6664,422,120.82,3.0
6664,558,235.51,3.0
6665,510,133.23,2.0
6665,528,198.95,3.0
6665,832,119.16,2.0
6666,271,80.13,1.0
6666,571,,1.0
6666,954,104.74,1.0
6667,112,97.85,3.0
6667,238,203.38,1.0
6667,261,71.6,1.0
6667,916,233.11,2.0
6667,933,140.94,1.0
6668,424,246.7,2.0
6668,615,85.81,3.0
6668,713,120.97,1.0
6668,747,241.7,3.0
6669,374,86.56,2.0
6669,550,83.71,1.0
6669,825,100.58,
6670,314,186.8,3.0
6670,561,150.52,2.0
6670,846,95.98,2.0
6671,40,146.27,3.0
6671,576,227.01,1.0
6671,593,97.97,2.0
6671,700,79.91,2.0
6671,929,197.89,3.0
6672,10,62.55,3.0
6672,269,,1.0
6672,421,66.61,1.0
6673,55,,2.0
6673,537,,2.0
6673,998,168.56,2.0
6674,23,203.41,2.0
6674,658,165.29,1.0
6674,679,90.4,1.0
6674,906,93.79,2.0
6675,218,215.86,2.0
6675,542,229.25,1.0
6675,981,60.43,1.0
6675,986,94.04,2.0
6676,82,95.97,1.0
6676,350,,1.0
6676,886,76.08,3.0
6677,544,244.85,1.0
6677,884,107.9,1.0
6677,950,209.25,3.0
6678,462,77.21,3.0
6678,481,115.71,2.0
6678,595,56.33,2.0
6678,611,177.27,1.0
6678,659,163.96,2.0
6679,156,204.33,3.0
6679,190,,1.0
6679,457,111.71,
6679,896,238.61,2.0
6680,225,58.78,3.0
6680,315,,3.0
6680,652,150.27,3.0
6680,861,188.97,1.0
6680,934,84.39,1.0
6681,1,72.66,1.0
6681,193,142.88,1.0
6681,519,180.71,1.0
6681,968,166.73,
6682,120,,3.0
6682,545,128.32,2.0
6682,689,132.29,3.0
6683,111,209.87,1.0
6683,805,159.55,
6683,957,117.34,3.0
6684,89,81.47,2.0
6684,364,217.62,3.0
6684,465,,3.0
6684,616,178.66,1.0
6684,726,122.98,1.0
6685,10,62.55,1.0
6685,40,146.27,
6685,895,187.0,2.0
6686,58,,2.0
6686,242,,1.0
6686,290,168.98,2.0
6686,431,208.24,2.0
6687,232,208.43,2.0
6687,306,196.65,2.0
6687,627,160.87,1.0
6688,357,77.1,3.0
6688,720,225.01,1.0
6688,850,232.72,2.0
6689,33,116.23,2.0
6689,227,234.63,1.0
6689,384,137.63,3.0
6689,450,148.27,3.0
6690,151,226.05,3.0
6690,217,78.51,1.0
6690,232,208.43,1.0
6690,826,241.6,3.0
6690,903,64.48,2.0
6691,73,204.1,2.0
6691,220,168.73,3.0
6691,518,232.96,
6691,923,149.87,3.0
6691,989,218.85,3.0
6692,121,152.74,3.0
6692,325,149.23,3.0
6692,637,56.45,2.0
6693,218,215.86,
6693,430,88.19,1.0
6693,739,196.68,2.0
6693,821,119.15,2.0
6694,280,190.85,3.0
6694,388,231.18,2.0
6694,687,176.38,3.0
6694,923,149.87,3.0
6695,180,,2.0
6695,310,157.3,2.0
6695,584,245.83,1.0
6695,953,61.07,3.0
6696,56,162.42,1.0
6696,440,200.17,2.0
6696,716,63.71,1.0
6697,101,141.82,2.0
6697,260,87.94,2.0
6697,470,244.46,2.0
6697,747,241.7,2.0
6698,317,132.96,2.0
6698,398,118.83,1.0
6698,609,205.56,3.0
6698,992,88.48,
6699,584,245.83,3.0
6699,834,127.56,1.0
6699,885,65.26,3.0
6700,37,65.77,2.0
6700,629,195.26,2.0
6700,684,248.13,3.0
6701,84,225.47,3.0
6701,89,81.47,2.0
6701,494,64.74,3.0
6701,539,93.75,1.0
6701,918,216.21,1.0
6702,513,,3.0
6702,726,122.98,1.0
6702,778,149.89,
6703,164,91.14,1.0
6703,224,226.21,3.0
6703,646,191.41,1.0
6703,963,220.36,1.0
6704,170,105.05,1.0
6704,185,134.78,3.0
6704,246,64.86,1.0
6704,295,225.4,2.0
6704,919,169.1,1.0
6705,10,62.55,1.0
6705,39,200.01,1.0
6705,430,88.19,2.0
6705,905,98.14,3.0
6705,984,246.44,3.0
6706,186,233.84,3.0
6706,635,132.03,1.0
6706,862,160.96,3.0
6707,157,246.43,1.0
6707,191,226.32,1.0
6707,310,157.3,2.0
6707,763,68.54,3.0
6707,847,163.66,1.0
6708,614,174.25,1.0
6708,627,160.87,2.0
6708,711,187.54,3.0
6708,856,233.37,1.0
6709,108,66.24,2.0
6709,159,170.35,1.0
6709,605,138.19,1.0
6709,766,249.63,
6709,948,145.76,2.0
6710,260,87.94,3.0
6710,463,198.51,2.0
6710,539,93.75,2.0
6710,832,119.16,3.0
6710,929,197.89,1.0
6711,395,203.83,1.0
6711,786,110.34,3.0
6711,894,88.22,2.0
6711,992,88.48,3.0
6712,49,237.53,
6712,182,204.96,
6712,493,173.08,3.0
6713,218,215.86,1.0
6713,279,200.37,3.0
6713,479,160.63,3.0
6713,853,151.97,3.0
6714,199,,1.0
6714,500,136.7,2.0
6714,547,186.62,3.0
6715,76,90.52,2.0
6715,165,69.55,2.0
6715,336,229.24,3.0
6715,496,145.41,1.0
6715,817,216.7,3.0
6716,265,245.93,2.0
6716,286,159.85,2.0
6716,845,225.55,1.0
6716,977,63.96,2.0
6717,577,61.76,3.0
6717,593,97.97,2.0
6717,914,108.92,1.0
6718,181,120.56,3.0
6718,407,174.05,2.0
6718,713,120.97,1.0
6718,995,113.27,1.0
6719,299,70.27,3.0
6719,798,80.05,1.0
6719,807,198.27,2.0
6720,186,233.84,2.0
6720,371,51.0,1.0
6720,539,93.75,2.0
6720,817,216.7,3.0
6721,392,113.94,2.0
6721,395,203.83,2.0
6721,877,202.64,3.0
6721,919,169.1,3.0
6722,1,72.66,1.0
6722,368,209.82,3.0
6722,768,230.68,1.0
6723,168,62.42,1.0
6723,602,86.81,1.0
6723,637,56.45,2.0
6723,654,133.29,3.0
6723,880,227.92,2.0
6724,82,95.97,1.0
6724,340,,1.0
6724,438,131.49,1.0
6724,546,145.42,3.0
6725,134,114.43,3.0
6725,162,76.84,3.0
6725,644,102.24,3.0
6725,695,77.45,1.0
6725,884,107.9,3.0
6726,417,224.94,3.0
6726,478,155.47,3.0
6726,594,196.51,2.0
6726,676,141.76,2.0
6727,737,127.14,2.0
6727,800,76.15,
6727,820,51.21,2.0
6728,71,86.5,3.0
6728,422,120.82,2.0
6728,534,190.45,1.0
6729,47,,1.0
6729,280,190.85,2.0
6729,339,52.62,2.0
6729,518,232.96,3.0
6729,752,208.54,3.0
6730,335,146.92,2.0
6730,451,222.6,2.0
6730,631,183.29,1.0
6731,113,102.99,1.0
6731,367,192.22,3.0
6731,381,56.19,2.0
6731,944,77.61,2.0
6731,948,145.76,1.0
6732,42,226.48,1.0
6732,686,138.01,3.0
6732,967,110.73,1.0
6733,52,147.19,2.0
6733,479,160.63,2.0
6733,613,163.05,2.0
6733,701,209.76,3.0
6733,975,187.08,2.0
6734,276,245.17,2.0
6734,280,190.85,2.0
6734,618,208.82,2.0
6735,34,62.0,1.0
6735,92,168.26,1.0
6735,410,70.81,1.0
6735,877,202.64,1.0
6735,974,55.39,3.0
6736,334,175.68,3.0
6736,664,199.35,3.0
6736,754,219.81,2.0
6736,995,113.27,2.0
6737,375,216.37,3.0
6737,392,113.94,1.0
6737,411,152.22,1.0
6737,520,171.69,1.0
6737,593,97.97,3.0
6738,104,173.39,1.0
6738,708,,1.0
6738,916,233.11,2.0
6739,173,65.65,
6739,319,57.58,3.0
6739,770,215.18,3.0
6739,813,246.86,3.0
6740,24,247.44,2.0
6740,65,160.5,1.0
6740,291,181.87,1.0
6740,578,67.16,
6741,578,67.16,3.0
6741,593,97.97,2.0
6741,846,95.98,1.0
6742,487,141.3,1.0
6742,822,132.13,2.0
6742,952,245.6,3.0
6743,447,83.16,3.0
6743,572,87.01,3.0
6743,741,90.08,1.0
6744,99,,2.0
6744,732,247.41,1.0
6744,822,132.13,2.0
6745,316,159.68,2.0
6745,353,247.18,3.0
6745,451,222.6,1.0
6745,741,90.08,2.0
6746,319,57.58,
6746,427,113.76,3.0
6746,510,133.23,2.0
6746,757,228.29,1.0
6747,202,214.72,1.0
6747,215,152.98,3.0
6747,352,226.63,3.0
6747,535,167.78,3.0
6748,386,208.73,1.0
6748,720,225.01,1.0
6748,810,160.28,3.0
6748,837,249.04,3.0
6748,884,107.9,2.0
6749,422,120.82,3.0
6749,453,152.15,
6749,542,229.25,2.0
6749,896,238.61,
6749,951,81.4,
6750,93,202.8,1.0
6750,417,224.94,1.0
6750,665,86.52,3.0
6750,826,241.6,1.0
6750,990,76.1,1.0
6751,125,146.21,2.0
6751,423,221.14,3.0
6751,852,239.79,3.0
6751,945,115.38,1.0
6751,948,145.76,2.0
6752,269,81.71,1.0
6752,862,160.96,
6752,898,208.88,1.0
6752,918,216.21,1.0
6753,230,142.07,
6753,384,137.63,1.0
6753,604,223.98,2.0
6753,696,231.65,1.0
6753,745,180.42,1.0
6754,464,191.8,1.0
6754,755,198.93,1.0
6754,847,163.66,1.0
6755,225,58.78,3.0
6755,573,61.97,3.0
6755,640,97.33,3.0
6756,502,146.58,
6756,646,191.41,2.0
6756,882,191.38,3.0
6757,33,116.23,2.0
6757,48,,1.0
6757,262,114.64,2.0
6757,356,144.51,3.0
6757,916,233.11,2.0
6758,83,125.49,3.0
6758,319,57.58,
6758,501,125.53,2.0
6759,116,247.88,1.0
6759,162,76.84,2.0
6759,460,89.74,3.0
6759,487,141.3,3.0
6759,622,124.39,1.0
6760,26,181.39,2.0
6760,217,78.51,3.0
6760,238,203.38,2.0
6760,378,148.58,2.0
6761,647,99.37,1.0
6761,905,98.14,
6761,932,189.85,1.0
6761,963,220.36,3.0
6761,988,225.45,1.0
6762,156,204.33,1.0
6762,407,174.05,1.0
6762,426,227.24,2.0
6762,815,75.93,
6763,10,62.55,1.0
6763,63,141.12,3.0
6763,598,119.08,2.0
6763,667,124.68,1.0
6763,853,151.97,3.0
6764,42,226.48,3.0
6764,172,103.8,3.0
6764,228,110.69,2.0
6764,482,129.89,3.0
6765,276,,1.0
6765,565,148.85,
6765,837,249.04,3.0
6765,863,,3.0
6766,141,140.89,1.0
6766,226,177.91,2.0
6766,333,184.45,1.0
6766,482,,1.0
6766,488,,1.0
6767,183,126.36,1.0
6767,490,134.37,2.0
6767,656,168.41,3.0
6767,776,225.87,3.0
6767,799,138.29,2.0
6768,103,67.22,2.0
6768,385,,2.0
6768,393,188.3,1.0
6769,75,154.27,3.0
6769,106,140.96,3.0
6769,557,102.94,3.0
6769,622,124.39,1.0
6769,992,88.48,2.0
6770,144,111.9,3.0
6770,314,186.8,1.0
6770,404,95.37,2.0
6770,867,92.12,1.0
6771,545,128.32,3.0
6771,802,158.8,1.0
6771,903,64.48,2.0
6772,723,176.43,2.0
6772,816,171.99,2.0
6772,854,155.1,3.0
6773,92,168.26,
6773,195,153.66,
6773,355,140.68,1.0
6773,462,77.21,1.0
6774,450,148.27,2.0
6774,493,173.08,2.0
6774,786,110.34,1.0
6774,947,201.85,1.0
6775,170,,1.0
6775,325,149.23,3.0
6775,331,133.75,3.0
6775,624,67.8,2.0
6775,978,218.51,3.0
6776,6,72.5,2.0
6776,21,184.17,
6776,468,72.43,3.0
6776,807,198.27,2.0
6777,381,56.19,1.0
6777,471,189.72,2.0
6777,817,216.7,1.0
6777,851,221.01,1.0
6777,927,,1.0
6778,297,146.37,3.0
6778,465,230.21,3.0
6778,621,189.73,
6778,710,139.0,2.0
6778,763,68.54,1.0
6779,313,223.73,
6779,543,103.79,3.0
6779,612,152.96,1.0
6779,706,124.5,1.0
6780,519,180.71,1.0
6780,881,150.03,3.0
6780,914,108.92,2.0
6781,320,57.22,2.0
6781,377,52.08,1.0
6781,925,64.95,2.0
6781,971,103.93,1.0
6782,25,195.55,3.0
6782,237,115.28,3.0
6782,663,130.57,1.0
6783,54,84.5,1.0
6783,186,233.84,3.0
6783,555,187.68,1.0
6783,743,180.58,1.0
6784,44,93.13,2.0
6784,340,67.14,1.0
6784,595,56.33,2.0
6784,760,,1.0
6784,817,216.7,3.0
6785,244,204.28,2.0
6785,523,229.28,2.0
6785,919,,1.0
6786,265,245.93,1.0
6786,302,,1.0
6786,420,55.79,1.0
6786,775,131.39,2.0
6787,213,206.95,2.0
6787,361,82.42,
6787,653,82.55,1.0
6787,712,151.86,3.0
6787,779,92.97,1.0
6788,442,105.37,1.0
6788,648,230.35,3.0
6788,681,235.72,3.0
6789,225,58.78,1.0
6789,407,174.05,1.0
6789,606,,3.0
6789,998,168.56,2.0
6790,123,79.64,1.0
6790,197,220.79,2.0
6790,559,164.08,
6790,820,51.21,2.0
6790,915,239.01,2.0
6791,217,78.51,3.0
6791,497,175.73,2.0
6791,710,139.0,2.0
6791,880,227.92,3.0
6792,11,114.72,2.0
6792,430,88.19,1.0
6792,519,180.71,1.0
6792,723,176.43,1.0
6793,424,246.7,2.0
6793,559,164.08,
6793,886,76.08,3.0
6794,573,61.97,2.0
6794,618,208.82,2.0
6794,665,86.52,1.0
6794,990,76.1,3.0
6795,41,141.64,1.0
6795,58,231.34,2.0
6795,671,204.75,1.0
6795,704,50.64,1.0
6795,841,196.07,3.0
6796,38,104.28,1.0
6796,612,152.96,3.0
6796,803,,1.0
6797,132,221.69,1.0
6797,296,217.57,3.0
6797,568,217.68,2.0
6798,27,76.78,
6798,172,103.8,2.0
6798,418,104.84,2.0
6798,508,,1.0
6798,771,76.39,3.0
6799,58,231.34,1.0
6799,354,85.44,1.0
6799,428,174.0,1.0
6799,722,134.69,2.0
6800,142,56.89,3.0
6800,506,201.97,2.0
6800,602,86.81,2.0
6800,918,216.21,2.0
6800,997,,3.0
6801,194,185.69,3.0
6801,636,198.75,3.0
6801,797,220.47,3.0
6802,74,172.32,1.0
6802,130,121.41,3.0
6802,649,160.83,2.0
6802,887,217.22,3.0
6803,116,,2.0
6803,163,193.4,1.0
6803,610,,3.0
6803,743,180.58,3.0
6803,934,84.39,1.0
6804,615,85.81,1.0
6804,676,141.76,1.0
6804,859,67.61,3.0
6804,904,163.76,3.0
6805,4,102.01,1.0
6805,211,,1.0
6805,287,109.88,
6806,63,141.12,2.0
6806,366,106.38,2.0
6806,481,115.71,2.0
6807,156,204.33,2.0
6807,296,,1.0
6807,369,83.25,3.0
6807,553,128.85,
6807,872,159.66,1.0
6808,181,120.56,3.0
6808,266,200.67,3.0
6808,284,191.93,1.0
6809,168,62.42,
6809,583,150.9,1.0
6809,708,191.55,2.0
6809,921,156.4,2.0
6809,978,218.51,3.0
6810,116,247.88,1.0
6810,590,153.28,3.0
6810,685,231.56,1.0
6811,100,126.84,1.0
6811,784,,2.0
6811,815,75.93,2.0
6812,19,146.71,3.0
6812,199,121.89,2.0
6812,425,235.7,2.0
6812,432,56.08,3.0
6812,990,76.1,1.0
6813,8,63.45,1.0
6813,54,,1.0
6813,213,206.95,1.0
6813,218,215.86,
6813,938,92.58,3.0
6814,430,88.19,1.0
6814,515,200.99,3.0
6814,944,77.61,1.0
6815,114,164.82,3.0
6815,208,57.13,2.0
6815,441,208.41,2.0
6815,830,56.52,
6815,946,226.43,3.0
6816,185,,2.0
6816,541,184.84,1.0
6816,630,160.61,3.0
6816,943,173.92,3.0
6817,403,99.71,3.0
6817,868,163.34,2.0
6817,869,192.32,2.0
6818,634,112.99,3.0
6818,679,90.4,2.0
6818,809,66.18,3.0
6818,922,246.25,2.0
6818,959,239.53,1.0
6819,172,103.8,2.0
6819,406,192.02,1.0
6819,616,178.66,1.0
6819,948,,3.0
6820,359,196.99,
6820,712,151.86,2.0
6820,735,237.3,2.0
6820,792,237.91,2.0
6820,839,124.12,3.0
6821,132,221.69,2.0
6821,200,230.67,2.0
6821,230,142.07,1.0
6821,263,93.74,3.0
6822,269,81.71,2.0
6822,344,85.83,1.0
6822,825,100.58,1.0
6823,231,229.82,2.0
6823,272,73.28,3.0
6823,617,70.77,2.0
6824,277,156.48,2.0
6824,288,101.72,1.0
6824,318,68.99,2.0
6824,350,61.9,2.0
6824,884,107.9,3.0
6825,103,67.22,1.0
6825,377,52.08,2.0
6825,432,56.08,2.0
6825,891,,3.0
6826,251,60.23,2.0
6826,786,110.34,3.0
6826,919,169.1,3.0
6827,179,174.38,3.0
6827,702,81.84,3.0
6827,798,80.05,2.0
6827,933,140.94,2.0
6828,252,195.57,1.0
6828,303,134.23,2.0
6828,354,85.44,3.0
6828,484,199.61,3.0
6828,662,175.98,3.0
6829,21,184.17,3.0
6829,44,93.13,3.0
6829,354,85.44,3.0
6829,362,177.66,1.0
6830,751,121.44,
6830,788,213.43,1.0
6830,866,178.4,3.0
6831,436,170.1,2.0
6831,759,239.0,3.0
6831,850,232.72,3.0
6832,494,64.74,1.0
6832,696,231.65,2.0
6832,755,198.93,1.0
6833,613,,1.0
6833,868,163.34,1.0
6833,870,77.14,2.0
6834,321,129.7,2.0
6834,384,,2.0
6834,402,101.5,3.0
6834,888,80.36,3.0
6835,102,227.13,3.0
6835,331,133.75,3.0
6835,550,83.71,3.0
6836,4,102.01,2.0
6836,295,225.4,2.0
6836,945,115.38,1.0
6837,52,147.19,1.0
6837,324,231.64,3.0
6837,484,199.61,1.0
6837,611,177.27,
6838,53,60.45,1.0
6838,515,200.99,
6838,829,95.21,2.0
6839,182,204.96,1.0
6839,460,89.74,2.0
6839,577,61.76,2.0
6839,687,176.38,2.0
6839,967,110.73,3.0
6840,283,124.19,2.0
6840,481,115.71,2.0
6840,484,199.61,2.0
6840,598,119.08,1.0
6840,902,98.7,
6841,77,61.77,1.0
6841,572,87.01,
6841,899,199.38,3.0
6842,18,66.18,1.0
6842,217,78.51,1.0
6842,530,215.96,2.0
6843,165,69.55,1.0
6843,228,110.69,1.0
6843,694,51.93,1.0
6843,698,86.52,1.0
6843,745,180.42,2.0
6844,20,237.34,
6844,201,50.2,3.0
6844,382,138.74,1.0
6844,800,76.15,3.0
6844,880,,3.0
6845,506,201.97,1.0
6845,676,141.76,2.0
6845,815,,2.0
6846,91,176.48,
6846,510,133.23,1.0
6846,556,246.31,1.0
6846,782,158.46,1.0
6846,885,65.26,2.0
6847,224,226.21,2.0
6847,808,233.39,2.0
6847,943,173.92,2.0
6848,508,201.16,3.0
6848,539,93.75,1.0
6848,636,198.75,3.0
6848,876,227.05,2.0
6849,202,214.72,1.0
6849,694,51.93,3.0
6849,985,154.3,1.0
6850,307,197.91,1.0
6850,387,200.4,2.0
6850,442,105.37,3.0
6850,839,124.12,3.0
6850,860,91.93,2.0
6851,11,114.72,1.0
6851,82,95.97,2.0
6851,203,202.04,3.0
6851,673,71.97,2.0
6852,414,184.12,3.0
6852,663,130.57,2.0
6852,700,79.91,3.0
6852,815,75.93,1.0
6853,49,237.53,3.0
6853,444,,3.0
6853,764,184.08,2.0
6854,521,195.86,3.0
6854,572,87.01,1.0
6854,838,124.38,3.0
6855,65,160.5,3.0
6855,398,118.83,3.0
6855,464,191.8,3.0
6855,867,92.12,1.0
6855,963,220.36,2.0
6856,157,246.43,2.0
6856,736,173.14,1.0
6856,971,103.93,3.0
6857,573,61.97,2.0
6857,610,118.1,2.0
6857,989,218.85,1.0
6858,136,64.57,2.0
6858,649,160.83,1.0
6858,973,79.62,2.0
6859,304,208.6,2.0
6859,359,196.99,1.0
6859,412,242.29,3.0
6859,778,149.89,2.0
6860,85,169.02,3.0
6860,647,99.37,3.0
6860,773,148.67,1.0
6861,358,134.49,3.0
6861,374,86.56,2.0
6861,470,244.46,1.0
6862,151,226.05,2.0
6862,221,142.79,2.0
6862,379,148.21,1.0
6862,388,231.18,3.0
6862,898,208.88,3.0
6863,540,162.04,3.0
6863,713,120.97,
6863,994,59.99,1.0
6864,172,103.8,3.0
6864,202,214.72,1.0
6864,466,220.25,2.0
6864,519,180.71,1.0
6864,541,184.84,
6865,390,,3.0
6865,396,,2.0
6865,846,95.98,3.0
6865,858,219.38,2.0
6866,139,106.94,2.0
6866,262,114.64,2.0
6866,377,52.08,1.0
6866,783,125.75,2.0
6867,364,217.62,3.0
6867,648,230.35,1.0
6867,923,149.87,2.0
6867,972,143.26,2.0
6868,37,65.77,2.0
6868,412,242.29,1.0
6868,991,204.99,3.0
6869,218,215.86,1.0
6869,531,51.53,1.0
6869,615,85.81,2.0
6869,920,147.21,1.0
6870,131,157.55,2.0
6870,243,,1.0
6870,345,168.81,3.0
6870,437,224.5,1.0
6870,926,64.91,3.0
6871,353,247.18,2.0
6871,378,148.58,1.0
6871,595,56.33,1.0
6871,633,116.68,2.0
6871,953,61.07,2.0
6872,165,69.55,2.0
6872,663,130.57,1.0
6872,696,231.65,2.0
6872,753,54.32,3.0
6873,78,166.26,1.0
6873,403,99.71,2.0
6873,891,87.61,3.0
6874,121,152.74,1.0
6874,265,245.93,1.0
6874,557,102.94,1.0
6875,262,114.64,2.0
6875,778,149.89,2.0
6875,800,76.15,2.0
6876,378,148.58,1.0
6876,479,160.63,2.0
6876,530,215.96,2.0
6877,48,90.11,3.0
6877,54,84.5,2.0
6877,215,152.98,3.0
6878,673,71.97,2.0
6878,739,196.68,1.0
6878,922,246.25,1.0
6879,355,140.68,2.0
6879,701,209.76,2.0
6879,892,164.04,1.0
6880,29,62.51,3.0
6880,374,86.56,3.0
6880,853,151.97,3.0
6881,124,139.26,3.0
6881,300,173.53,3.0
6881,549,87.59,3.0
6881,682,103.7,3.0
6882,341,125.25,
6882,427,113.76,3.0
6882,466,220.25,2.0
6882,704,50.64,2.0
6882,963,220.36,1.0
6883,213,206.95,2.0
6883,304,208.6,2.0
6883,307,197.91,3.0
6883,802,158.8,3.0
6883,888,80.36,2.0
6884,110,87.63,1.0
6884,170,,1.0
6884,269,81.71,2.0
6884,552,96.49,3.0
6885,34,62.0,2.0
6885,235,239.95,3.0
6885,742,153.3,1.0
6885,757,228.29,2.0
6885,992,88.48,3.0
6886,95,222.28,3.0
6886,235,239.95,2.0
6886,446,203.34,3.0
6886,589,62.33,2.0
6886,627,160.87,3.0
6887,187,125.22,2.0
6887,351,155.07,3.0
6887,700,79.91,3.0
6887,825,100.58,2.0
6887,832,119.16,1.0
6888,73,204.1,2.0
6888,174,141.85,2.0
6888,348,203.33,3.0
6888,512,185.45,3.0
6889,143,72.98,1.0
6889,714,,2.0
6889,728,246.11,2.0
6890,49,237.53,3.0
6890,352,226.63,3.0
6890,410,70.81,2.0
6891,155,116.62,1.0
6891,660,185.42,3.0
6891,729,233.18,
6891,931,122.11,1.0
6892,150,213.11,
6892,308,117.08,3.0
6892,510,133.23,2.0
6892,781,181.2,2.0
6892,821,119.15,2.0
6893,271,80.13,1.0
6893,285,177.93,3.0
6893,317,132.96,2.0
6894,118,62.77,3.0
6894,604,223.98,2.0
6894,657,55.71,3.0
6894,671,204.75,1.0
6895,72,143.79,3.0
6895,217,78.51,3.0
6895,456,199.14,2.0
6895,796,213.28,3.0
6895,836,244.73,
6896,484,199.61,3.0
6896,667,124.68,3.0
6896,806,146.82,1.0
6897,161,109.19,2.0
6897,163,193.4,1.0
6897,335,146.92,1.0
6897,582,195.63,1.0
6897,625,71.81,1.0
6898,103,67.22,3.0
6898,579,202.8,1.0
6898,992,88.48,3.0
6899,198,180.7,2.0
6899,396,195.67,2.0
6899,675,64.53,2.0
6900,20,237.34,2.0
6900,608,220.66,1.0
6900,802,158.8,3.0
6900,995,113.27,2.0
6901,177,131.35,3.0
6901,560,124.85,1.0
6901,907,121.43,2.0
6902,192,62.03,3.0
6902,620,137.63,2.0
6902,728,246.11,3.0
6902,933,140.94,1.0
6903,339,52.62,2.0
6903,355,140.68,3.0
6903,410,70.81,3.0
6903,523,229.28,2.0
6903,830,56.52,3.0
6904,9,214.61,2.0
6904,237,115.28,3.0
6904,680,149.96,1.0
6905,177,131.35,1.0
6905,410,70.81,3.0
6905,556,246.31,2.0
6905,822,,1.0
6906,22,74.05,2.0
6906,151,226.05,3.0
6906,225,58.78,3.0
6906,605,138.19,2.0
6906,638,68.44,2.0
6907,361,82.42,3.0
6907,382,138.74,2.0
6907,409,121.46,3.0
6907,566,122.7,3.0
6907,785,249.16,3.0
6908,79,182.33,3.0
6908,121,152.74,2.0
6908,287,109.88,
6908,664,199.35,2.0
6908,749,74.3,1.0
6909,207,88.92,1.0
6909,264,227.0,1.0
6909,707,212.57,2.0
6910,147,177.18,2.0
6910,790,125.07,2.0
6910,821,119.15,1.0
6910,923,149.87,3.0
6910,960,244.86,2.0
6911,283,124.19,
6911,418,104.84,1.0
6911,779,92.97,2.0
6912,180,136.21,2.0
6912,273,216.8,3.0
6912,311,160.61,2.0
6912,322,,2.0
6912,527,,2.0
6913,23,203.41,3.0
6913,57,140.97,3.0
6913,283,124.19,1.0
6913,735,237.3,1.0
6913,929,197.89,2.0
6914,180,136.21,
6914,347,136.1,1.0
6914,387,200.4,2.0
6914,459,94.26,1.0
6914,988,225.45,2.0
6915,180,136.21,1.0
6915,184,218.95,2.0
6915,188,105.53,3.0
6915,893,195.69,3.0
6916,477,245.15,2.0
6916,536,162.12,1.0
6916,915,,3.0
6917,278,100.46,
6917,530,215.96,2.0
6917,689,132.29,2.0
6918,32,161.45,2.0
6918,673,71.97,2.0
6918,692,101.01,1.0
6919,263,93.74,1.0
6919,327,149.0,3.0
6919,687,176.38,2.0
6920,131,157.55,
6920,155,116.62,2.0
6920,626,95.95,2.0
6920,987,182.97,3.0
6921,81,223.52,3.0
6921,394,191.95,3.0
6921,511,219.43,3.0
6921,582,195.63,1.0
6921,971,103.93,2.0
6922,260,87.94,3.0
6922,403,99.71,1.0
6922,934,84.39,1.0
6923,209,,1.0
6923,229,89.49,3.0
6923,231,229.82,2.0
6923,454,155.48,2.0
6923,730,167.65,1.0
6924,23,203.41,3.0
6924,51,106.86,2.0
6924,441,208.41,1.0
6924,489,65.95,2.0
6924,669,230.08,3.0
6925,209,,3.0
6925,285,177.93,1.0
6925,853,151.97,3.0
6926,119,151.13,
6926,294,237.5,1.0
6926,609,205.56,
6927,132,221.69,2.0
6927,875,127.14,3.0
6927,909,203.1,3.0
6928,301,236.73,2.0
6928,375,216.37,
6928,629,195.26,1.0
6928,754,219.81,3.0
6928,787,164.1,
6929,158,118.43,1.0
6929,507,226.65,1.0
6929,724,53.44,1.0
6929,906,93.79,2.0
6930,188,105.53,2.0
6930,303,134.23,2.0
6930,438,131.49,
6930,651,126.72,2.0
6930,809,66.18,1.0
6931,306,196.65,3.0
6931,603,,3.0
6931,666,109.41,
6932,257,51.04,2.0
6932,563,105.31,2.0
6932,802,158.8,1.0
6932,825,100.58,2.0
6933,18,66.18,1.0
6933,113,102.99,3.0
6933,235,239.95,3.0
6933,315,125.67,2.0
6934,27,76.78,3.0
6934,329,137.31,2.0
6934,516,113.3,
6934,539,93.75,2.0
6934,555,187.68,3.0
6935,239,220.93,1.0
6935,248,124.74,3.0
6935,252,195.57,
6935,317,,1.0
6935,323,170.98,1.0
6936,165,69.55,3.0
6936,222,92.66,1.0
6936,430,88.19,1.0
6937,160,97.07,3.0
6937,368,209.82,2.0
6937,401,227.82,3.0
6937,796,213.28,3.0
6937,906,93.79,2.0
6938,279,200.37,2.0
6938,369,83.25,1.0
6938,764,184.08,3.0
6938,932,189.85,3.0
6939,176,75.79,2.0
6939,487,141.3,2.0
6939,825,100.58,3.0
6939,848,58.97,1.0
6939,932,189.85,1.0
6940,216,87.98,2.0
6940,285,177.93,1.0
6940,573,61.97,3.0
6941,150,213.11,3.0
6941,460,89.74,3.0
6941,572,87.01,3.0
6942,48,90.11,2.0
6942,505,120.77,2.0
6942,680,149.96,1.0
6942,742,153.3,1.0
6942,758,83.48,3.0
6943,253,211.86,2.0
6943,449,80.11,2.0
6943,998,168.56,2.0
6944,123,79.64,2.0
6944,137,110.1,
6944,242,142.14,3.0
6944,642,157.65,3.0
6945,108,66.24,2.0
6945,244,204.28,3.0
6945,494,64.74,3.0
6945,772,103.65,2.0
6946,19,146.71,2.0
6946,51,106.86,3.0
6946,546,,2.0
6946,738,185.7,3.0
6947,250,184.37,3.0
6947,476,164.01,1.0
6947,542,229.25,2.0
6947,844,133.38,2.0
6948,313,223.73,1.0
6948,350,61.9,3.0
6948,416,141.33,3.0
6948,494,64.74,1.0
6948,792,237.91,1.0
6949,258,67.56,2.0
6949,424,246.7,2.0
6949,502,146.58,3.0
6949,610,118.1,2.0
6950,414,184.12,3.0
6950,430,88.19,3.0
6950,839,124.12,1.0
6950,879,107.5,3.0
6951,85,169.02,3.0
6951,89,81.47,3.0
6951,310,157.3,2.0
6952,168,62.42,1.0
6952,409,121.46,3.0
6952,693,117.46,
6952,777,176.22,2.0
6952,990,76.1,3.0
6953,319,57.58,2.0
6953,448,91.2,3.0
6953,492,218.49,2.0
6954,230,142.07,1.0
6954,436,170.1,1.0
6954,644,102.24,1.0
6954,753,54.32,3.0
6954,812,119.48,3.0
6955,67,55.29,1.0
6955,709,,2.0
6955,846,95.98,3.0
6956,48,90.11,2.0
6956,480,,2.0
6956,713,120.97,
6956,749,74.3,3.0
6957,11,114.72,2.0
6957,88,183.78,3.0
6957,337,160.66,1.0
6958,335,146.92,1.0
6958,370,176.52,2.0
6958,686,138.01,3.0
6959,425,235.7,3.0
6959,602,86.81,1.0
6959,618,208.82,1.0
6959,846,95.98,
6959,978,218.51,2.0
6960,321,129.7,2.0
6960,579,,3.0
6960,866,178.4,1.0
6961,119,151.13,3.0
6961,224,226.21,2.0
6961,269,81.71,3.0
6961,904,163.76,1.0
6961,920,147.21,2.0
6962,651,126.72,3.0
6962,683,143.94,2.0
6962,735,237.3,2.0
6963,169,116.7,3.0
6963,547,186.62,3.0
6963,853,151.97,1.0
6963,967,110.73,1.0
6964,7,95.98,2.0
6964,58,231.34,2.0
6964,773,148.67,1.0
6964,946,226.43,3.0
6965,26,181.39,1.0
6965,256,114.14,3.0
6965,746,98.77,2.0
6966,163,193.4,2.0
6966,657,55.71,1.0
6966,857,60.36,3.0
6967,75,154.27,1.0
6967,479,160.63,1.0
6967,831,208.58,1.0
6967,975,187.08,2.0
6968,46,83.22,3.0
6968,464,191.8,1.0
6968,653,82.55,3.0
6968,676,141.76,2.0
6968,702,81.84,3.0
6969,45,170.78,2.0
6969,472,63.46,2.0
6969,965,239.42,3.0
6969,980,211.03,
6970,17,128.61,2.0
6970,70,135.13,3.0
6970,194,185.69,2.0
6970,518,232.96,1.0
6971,74,172.32,3.0
6971,387,200.4,2.0
6971,478,155.47,3.0
6971,587,62.1,1.0
6971,611,177.27,2.0
6972,126,139.84,1.0
6972,506,,2.0
6972,666,109.41,3.0
6973,37,65.77,3.0
6973,335,146.92,3.0
6973,586,241.2,1.0
6973,952,245.6,2.0
6974,368,209.82,3.0
6974,753,54.32,2.0
6974,955,151.86,1.0
6974,968,166.73,1.0
6975,514,,1.0
6975,629,195.26,1.0
6975,845,225.55,2.0
6975,918,216.21,2.0
6976,192,62.03,3.0
6976,312,57.94,2.0
6976,581,165.07,2.0
6976,719,53.18,2.0
6976,760,226.3,3.0
6977,43,116.23,2.0
6977,248,124.74,1.0
6977,313,223.73,1.0
6977,751,121.44,1.0
6977,852,239.79,3.0
6978,47,95.83,3.0
6978,76,90.52,2.0
6978,558,235.51,2.0
6978,811,223.59,2.0
6978,833,189.81,
6979,65,160.5,3.0
6979,261,71.6,2.0
6979,442,105.37,2.0
6979,988,225.45,3.0
6980,383,203.93,2.0
6980,401,,1.0
6980,992,88.48,2.0
6981,37,65.77,1.0
6981,77,61.77,1.0
6981,509,94.66,2.0
6982,79,182.33,1.0
6982,198,180.7,2.0
6982,487,141.3,2.0
6982,742,153.3,1.0
6982,786,110.34,3.0
6983,109,120.8,1.0
6983,190,99.3,3.0
6983,226,177.91,2.0
6983,298,69.9,3.0
6983,448,91.2,3.0
6984,17,128.61,2.0
6984,26,181.39,3.0
6984,89,81.47,3.0
6984,651,126.72,2.0
6985,68,206.01,2.0
6985,83,125.49,2.0
6985,252,195.57,2.0
6986,74,172.32,2.0
6986,429,99.3,1.0
6986,563,105.31,1.0
6987,290,,1.0
6987,434,199.38,1.0
6987,609,205.56,1.0
6988,143,72.98,1.0
6988,555,187.68,2.0
6988,658,165.29,2.0
6989,68,206.01,1.0
6989,87,150.25,3.0
6989,557,102.94,3.0
6989,952,245.6,2.0
6989,955,151.86,1.0
6990,229,89.49,2.0
6990,728,246.11,3.0
6990,777,176.22,2.0
6990,838,124.38,3.0
6991,22,74.05,2.0
6991,361,82.42,2.0
6991,524,,3.0
6991,701,209.76,1.0
6991,949,248.37,3.0
6992,108,66.24,1.0
6992,126,139.84,2.0
6992,613,163.05,2.0
6993,594,196.51,3.0
6993,703,171.58,1.0
6993,799,138.29,3.0
6994,366,106.38,3.0
6994,922,246.25,1.0
6994,932,189.85,3.0
6995,22,74.05,1.0
6995,61,,1.0
6995,511,219.43,3.0
6995,660,185.42,3.0
6996,75,,3.0
6996,438,131.49,1.0
6996,837,,3.0
6996,900,247.74,3.0
6996,943,173.92,3.0
6997,14,238.51,3.0
6997,67,55.29,2.0
6997,601,189.18,1.0
6997,927,195.53,2.0
6998,124,139.26,1.0
6998,632,218.24,1.0
6998,997,75.45,2.0
6999,186,233.84,1.0
6999,222,92.66,1.0
6999,935,98.57,1.0
7000,13,236.18,2.0
7000,481,115.71,1.0
7000,786,110.34,1.0
7001,38,104.28,2.0
7001,270,127.17,3.0
7001,371,51.0,3.0
7001,928,235.84,3.0
7001,997,75.45,2.0
7002,103,67.22,3.0
7002,479,160.63,1.0
7002,756,,1.0
7002,909,203.1,3.0
7003,378,148.58,2.0
7003,417,224.94,2.0
7003,564,228.93,2.0
7003,615,85.81,1.0
7003,738,185.7,2.0
7004,346,96.77,3.0
7004,454,155.48,2.0
7004,767,106.78,3.0
7005,574,118.2,2.0
7005,598,119.08,2.0
7005,681,235.72,3.0
7006,543,103.79,2.0
7006,712,151.86,3.0
7006,966,206.2,2.0
7007,259,57.05,1.0
7007,715,,3.0
7007,939,113.97,3.0
7007,957,117.34,3.0
7008,144,111.9,3.0
7008,209,151.17,2.0
7008,312,57.94,3.0
7008,765,189.72,3.0
7009,149,209.72,2.0
7009,483,109.71,
7009,688,62.79,1.0
7009,776,225.87,3.0
7010,128,94.73,3.0
7010,288,101.72,3.0
7010,361,,3.0
7010,373,160.95,3.0
7011,293,168.57,1.0
7011,587,62.1,1.0
7011,828,80.98,1.0
7012,166,192.62,2.0
7012,606,79.36,1.0
7012,774,,2.0
7013,6,72.5,3.0
7013,92,168.26,1.0
7013,328,,3.0
7013,400,186.19,3.0
7013,739,196.68,2.0
7014,200,230.67,2.0
7014,584,,1.0
7014,765,189.72,1.0
7014,852,239.79,3.0
7014,987,182.97,3.0
7015,113,102.99,3.0
7015,412,242.29,3.0
7015,620,137.63,3.0
7016,359,196.99,1.0
7016,471,189.72,2.0
7016,556,246.31,1.0
7016,704,50.64,
7016,794,112.71,
7017,769,198.25,1.0
7017,776,225.87,
7017,868,163.34,2.0
7018,83,125.49,1.0
7018,402,101.5,3.0
7018,418,,2.0
7018,609,205.56,1.0
7018,650,65.51,2.0
7019,1,72.66,3.0
7019,147,177.18,2.0
7019,160,97.07,3.0
7019,414,184.12,3.0
7019,833,189.81,2.0
7020,346,96.77,2.0
7020,445,232.1,1.0
7020,482,129.89,2.0
7020,727,148.9,3.0
7020,863,183.04,
7021,398,118.83,2.0
7021,401,227.82,3.0
7021,656,168.41,2.0
7021,853,151.97,3.0
7022,267,119.48,1.0
7022,434,199.38,2.0
7022,800,76.15,2.0
7022,850,232.72,1.0
7023,354,85.44,2.0
7023,443,244.96,1.0
7023,638,68.44,2.0
7023,748,,3.0
7024,57,140.97,2.0
7024,190,99.3,3.0
7024,711,187.54,3.0
7024,961,79.78,
7025,28,96.21,3.0
7025,600,169.99,3.0
7025,688,62.79,2.0
7025,870,77.14,2.0
7025,985,154.3,
7026,495,127.08,2.0
7026,499,165.93,2.0
7026,792,237.91,3.0
7027,80,117.92,3.0
7027,116,247.88,2.0
7027,306,196.65,2.0
7027,499,165.93,3.0
7027,979,205.27,3.0
7028,17,128.61,3.0
7028,475,227.5,3.0
7028,566,122.7,3.0
7028,610,118.1,1.0
7028,707,212.57,1.0
7029,42,226.48,2.0
7029,68,206.01,3.0
7029,218,215.86,1.0
7029,262,114.64,1.0
7029,770,215.18,
7030,594,196.51,2.0
7030,651,126.72,2.0
7030,762,133.63,2.0
7030,968,166.73,3.0
7031,204,124.94,1.0
7031,574,118.2,3.0
7031,734,201.32,3.0
7032,49,237.53,3.0
7032,594,196.51,2.0
7032,618,208.82,3.0
7032,699,,2.0
7033,275,99.56,1.0
7033,278,100.46,2.0
7033,702,81.84,2.0
7033,708,191.55,
7033,803,182.99,3.0
7034,44,93.13,3.0
7034,254,,1.0
7034,670,60.76,3.0
7035,281,242.32,1.0
7035,492,218.49,
7035,614,174.25,1.0
7036,594,,3.0
7036,937,,3.0
7036,988,225.45,1.0
7037,10,,2.0
7037,14,238.51,
7037,377,52.08,2.0
7037,385,78.48,3.0
7037,770,215.18,
7038,41,141.64,3.0
7038,50,121.44,3.0
7038,364,217.62,3.0
7038,615,85.81,3.0
7038,761,78.05,2.0
7039,331,133.75,3.0
7039,485,52.72,3.0
7039,654,133.29,2.0
7040,56,162.42,1.0
7040,122,69.72,1.0
7040,395,203.83,2.0
7040,693,117.46,1.0
7041,80,117.92,2.0
7041,152,63.89,2.0
7041,379,148.21,2.0
7041,399,166.38,1.0
7042,235,,3.0
7042,460,89.74,3.0
7042,613,163.05,2.0
7042,723,176.43,3.0
7043,33,116.23,3.0
7043,126,139.84,1.0
7043,276,245.17,2.0
7043,523,229.28,2.0
7043,690,239.97,2.0
7044,99,224.99,3.0
7044,126,139.84,3.0
7044,143,72.98,1.0
7044,940,87.48,1.0
7045,203,202.04,1.0
7045,525,201.26,3.0
7045,610,118.1,1.0
7045,792,237.91,2.0
7045,980,211.03,1.0
7046,643,98.94,2.0
7046,712,151.86,1.0
7046,810,160.28,3.0
7046,813,246.86,2.0
7046,982,96.15,1.0
7047,346,96.77,3.0
7047,696,231.65,3.0
7047,821,119.15,2.0
7048,5,165.12,1.0
7048,624,67.8,1.0
7048,800,76.15,1.0
7049,181,120.56,1.0
7049,231,229.82,2.0
7049,421,66.61,1.0
7049,557,102.94,3.0
7049,572,87.01,1.0
7050,62,84.49,3.0
7050,287,109.88,2.0
7050,956,212.49,
7050,996,196.78,2.0
7051,2,,1.0
7051,54,84.5,2.0
7051,344,85.83,2.0
7051,427,113.76,2.0
7051,515,,1.0
7052,31,240.33,3.0
7052,659,163.96,2.0
7052,835,163.93,1.0
7052,861,188.97,1.0
7052,920,147.21,2.0
7053,96,171.87,3.0
7053,758,83.48,
7053,974,55.39,2.0
7054,294,237.5,1.0
7054,730,167.65,2.0
7054,945,115.38,2.0
7055,603,,3.0
7055,751,121.44,2.0
7055,774,226.25,1.0
7055,870,77.14,3.0
7056,117,85.95,2.0
7056,527,,1.0
7056,547,186.62,3.0
7056,699,230.12,2.0
7056,953,61.07,2.0
7057,568,217.68,2.0
7057,593,97.97,3.0
7057,955,151.86,2.0
7058,191,226.32,3.0
7058,237,115.28,1.0
7058,469,115.23,1.0
7058,751,121.44,3.0
7059,275,99.56,2.0
7059,520,171.69,
7059,592,195.71,1.0
7059,595,56.33,3.0
7059,927,195.53,1.0
7060,151,226.05,3.0
7060,415,92.65,3.0
7060,578,67.16,2.0
7061,170,105.05,2.0
7061,596,195.79,3.0
7061,603,153.0,
7061,944,77.61,1.0
7062,321,129.7,2.0
7062,503,51.95,3.0
7062,925,64.95,2.0
7063,207,88.92,1.0
7063,286,159.85,3.0
7063,405,70.71,1.0
7063,763,68.54,1.0
7064,127,108.62,
7064,504,208.11,3.0
7064,561,150.52,
7064,936,157.52,3.0
7065,187,125.22,2.0
7065,288,101.72,1.0
7065,560,124.85,2.0
7065,609,205.56,1.0
7065,631,183.29,1.0
7066,47,95.83,2.0
7066,326,173.51,2.0
7066,378,148.58,1.0
7066,659,163.96,2.0
7066,977,63.96,2.0
7067,7,95.98,3.0
7067,278,100.46,3.0
7067,382,138.74,3.0
7067,709,92.58,2.0
7068,41,141.64,2.0
7068,53,60.45,3.0
7068,113,102.99,1.0
7068,309,124.79,2.0
7068,622,124.39,3.0
7069,106,140.96,2.0
7069,416,141.33,2.0
7069,751,121.44,2.0
7070,8,63.45,2.0
7070,58,231.34,3.0
7070,647,99.37,1.0
7070,743,180.58,2.0
7070,891,87.61,1.0
7071,79,182.33,3.0
7071,137,110.1,1.0
7071,143,72.98,3.0
7071,764,184.08,2.0
7071,786,110.34,1.0
7072,65,160.5,2.0
7072,667,124.68,
7072,753,54.32,1.0
7073,173,65.65,1.0
7073,186,233.84,2.0
7073,603,153.0,2.0
7074,61,112.13,2.0
7074,144,111.9,3.0
7074,151,226.05,3.0
7074,255,248.35,3.0
7075,17,128.61,2.0
7075,485,52.72,1.0
7075,511,219.43,3.0
7075,796,213.28,1.0
7076,383,203.93,3.0
7076,495,127.08,2.0
7076,659,163.96,3.0
7077,403,99.71,3.0
7077,751,121.44,2.0
7077,773,148.67,3.0
7077,914,108.92,2.0
7078,803,182.99,2.0
7078,832,119.16,1.0
7078,900,247.74,3.0
7079,50,121.44,2.0
7079,165,69.55,
7079,773,148.67,3.0
7079,972,143.26,1.0
7080,427,113.76,3.0
7080,540,162.04,1.0
7080,771,76.39,3.0
7080,778,149.89,1.0
7080,831,208.58,1.0
7081,448,91.2,2.0
7081,454,155.48,1.0
7081,652,150.27,3.0
7081,854,,3.0
7082,243,188.05,1.0
7082,441,208.41,2.0
7082,619,134.73,1.0
7082,801,207.59,1.0
7083,445,232.1,1.0
7083,653,82.55,2.0
7083,900,,2.0
7084,95,222.28,2.0
7084,356,144.51,1.0
7084,461,,3.0
7085,209,151.17,2.0
7085,427,113.76,1.0
7085,760,226.3,1.0
7085,899,199.38,3.0
7086,67,55.29,1.0
7086,141,140.89,1.0
7086,650,65.51,3.0
7086,906,93.79,1.0
7087,133,240.19,3.0
7087,308,117.08,3.0
7087,670,60.76,2.0
7087,823,243.4,1.0
7088,8,63.45,2.0
7088,639,110.99,1.0
7088,753,54.32,3.0
7089,170,105.05,1.0
7089,268,80.87,1.0
7089,536,162.12,3.0
7089,587,62.1,3.0
7089,837,249.04,
7090,264,227.0,1.0
7090,752,208.54,3.0
7090,790,125.07,3.0
7090,886,76.08,2.0
7091,34,,2.0
7091,237,115.28,3.0
7091,386,208.73,3.0
7091,794,112.71,2.0
7092,155,116.62,1.0
7092,173,,2.0
7092,200,230.67,3.0
7092,636,198.75,2.0
7092,787,164.1,2.0
7093,77,61.77,1.0
7093,611,177.27,3.0
7093,660,185.42,1.0
7093,739,196.68,1.0
7094,788,213.43,1.0
7094,796,213.28,3.0
7094,861,188.97,1.0
7094,985,154.3,1.0
7095,95,222.28,1.0
7095,145,69.03,1.0
7095,287,109.88,2.0
7095,327,149.0,1.0
7095,441,208.41,2.0
7096,18,66.18,2.0
7096,317,132.96,1.0
7096,616,178.66,2.0
7097,264,227.0,3.0
7097,436,170.1,2.0
7097,498,174.24,2.0
7097,838,124.38,1.0
7097,916,233.11,1.0
7098,731,207.18,3.0
7098,733,188.04,2.0
7098,915,239.01,3.0
7099,148,241.66,1.0
7099,227,234.63,2.0
7099,706,124.5,2.0
7099,973,79.62,3.0
7100,160,97.07,2.0
7100,253,211.86,1.0
7100,268,80.87,3.0
7100,370,176.52,1.0
7101,322,245.9,3.0
7101,688,62.79,1.0
7101,952,245.6,2.0
7102,169,116.7,1.0
7102,206,148.94,1.0
7102,731,207.18,2.0
7103,8,63.45,3.0
7103,247,207.42,3.0
7103,496,145.41,2.0
7103,775,131.39,2.0
7103,880,,2.0
7104,247,207.42,3.0
7104,698,86.52,2.0
7104,777,176.22,3.0
7105,124,139.26,3.0
7105,208,57.13,1.0
7105,519,180.71,3.0
7105,536,162.12,2.0
7106,152,63.89,3.0
7106,314,186.8,1.0
7106,384,137.63,2.0
7106,479,160.63,1.0
7106,852,239.79,2.0
7107,19,146.71,1.0
7107,124,139.26,2.0
7107,320,57.22,2.0
7107,600,169.99,1.0
7107,657,55.71,3.0
7108,57,140.97,2.0
7108,157,246.43,1.0
7108,979,205.27,3.0
7109,11,114.72,
7109,69,153.27,1.0
7109,110,87.63,3.0
7109,771,76.39,2.0
7109,791,169.28,3.0
7110,71,86.5,3.0
7110,117,85.95,3.0
7110,160,97.07,2.0
7110,616,178.66,1.0
7110,732,247.41,1.0
7111,100,126.84,1.0
7111,293,168.57,3.0
7111,409,121.46,2.0
7111,535,167.78,2.0
7111,939,113.97,2.0
7112,18,66.18,3.0
7112,26,181.39,3.0
7112,544,244.85,3.0
7112,623,118.18,1.0
7112,975,187.08,3.0
7113,318,68.99,3.0
7113,489,65.95,1.0
7113,915,239.01,3.0
7114,27,76.78,3.0
7114,312,57.94,3.0
7114,547,186.62,2.0
7114,955,151.86,2.0
7115,104,173.39,1.0
7115,373,160.95,3.0
7115,380,210.24,1.0
7115,661,83.39,1.0
7115,790,125.07,1.0
7116,126,139.84,2.0
7116,268,80.87,1.0
7116,737,127.14,2.0
7117,262,114.64,2.0
7117,487,141.3,1.0
7117,804,232.19,3.0
7118,225,58.78,2.0
7118,431,208.24,2.0
7118,539,93.75,1.0
7118,578,67.16,2.0
7118,820,51.21,2.0
7119,76,90.52,1.0
7119,280,190.85,2.0
7119,480,185.48,1.0
7119,673,,2.0
7119,747,241.7,1.0
7120,226,177.91,3.0
7120,424,246.7,
7120,438,131.49,
7120,524,,3.0
7121,283,124.19,3.0
7121,440,200.17,2.0
7121,738,185.7,3.0
7122,26,181.39,3.0
7122,421,66.61,
7122,549,87.59,3.0
7122,628,237.6,
7123,457,111.71,1.0
7123,497,175.73,1.0
7123,896,238.61,2.0
7124,542,229.25,2.0
7124,613,163.05,2.0
7124,812,119.48,1.0
7125,150,213.11,1.0
7125,351,155.07,2.0
7125,498,174.24,2.0
7125,646,191.41,3.0
7125,726,122.98,1.0
7126,48,90.11,2.0
7126,316,159.68,3.0
7126,746,98.77,2.0
7126,771,,2.0
7126,904,163.76,2.0
7127,62,84.49,3.0
7127,516,113.3,3.0
7127,616,178.66,3.0
7128,253,211.86,1.0
7128,506,201.97,2.0
7128,898,208.88,1.0
7129,171,201.72,2.0
7129,521,195.86,2.0
7129,998,168.56,2.0
7130,87,150.25,3.0
7130,176,75.79,1.0
7130,188,105.53,1.0
7130,383,203.93,1.0
7131,484,199.61,3.0
7131,581,165.07,2.0
7131,774,226.25,1.0
7131,931,122.11,2.0
7132,191,226.32,3.0
7132,506,201.97,2.0
7132,612,152.96,3.0
7132,889,132.36,
7132,969,231.07,3.0
7133,280,190.85,3.0
7133,515,200.99,2.0
7133,591,61.38,2.0
7133,625,71.81,2.0
7133,729,233.18,1.0
7134,330,103.52,2.0
7134,642,157.65,3.0
7134,792,237.91,
7134,908,146.12,3.0
7135,169,116.7,2.0
7135,331,133.75,2.0
7135,660,185.42,2.0
7135,996,196.78,2.0
7136,43,116.23,3.0
7136,517,106.05,3.0
7136,998,168.56,2.0
7137,89,81.47,1.0
7137,161,109.19,3.0
7137,608,220.66,3.0
7137,984,246.44,2.0
7138,438,131.49,1.0
7138,513,234.35,3.0
7138,703,171.58,3.0
7138,991,204.99,
7139,217,78.51,1.0
7139,632,218.24,1.0
7139,797,220.47,
7139,880,227.92,1.0
7140,30,207.25,1.0
7140,68,,2.0
7140,258,,3.0
7140,398,118.83,1.0
7140,403,99.71,2.0
7141,225,,1.0
7141,236,185.64,2.0
7141,385,,1.0
7141,395,203.83,2.0
7141,731,207.18,1.0
7142,134,114.43,2.0
7142,155,116.62,
7142,780,73.93,2.0
7143,210,208.67,2.0
7143,417,224.94,2.0
7143,563,105.31,2.0
7144,133,240.19,3.0
7144,325,149.23,2.0
7144,564,228.93,2.0
7145,278,100.46,
7145,474,224.08,2.0
7145,566,122.7,2.0
7145,906,93.79,1.0
7145,927,195.53,3.0
7146,313,223.73,3.0
7146,434,199.38,2.0
7146,908,146.12,
7147,523,229.28,3.0
7147,649,160.83,1.0
7147,750,149.73,1.0
7147,861,188.97,2.0
7148,294,237.5,1.0
7148,308,117.08,2.0
7148,895,187.0,3.0
7148,990,76.1,2.0
7149,140,174.01,3.0
7149,459,94.26,2.0
7149,517,106.05,3.0
7149,632,218.24,1.0
7150,145,69.03,2.0
7150,573,61.97,2.0
7150,940,87.48,3.0
7151,262,114.64,1.0
7151,467,176.42,1.0
7151,679,90.4,2.0
7152,701,209.76,1.0
7152,770,215.18,2.0
7152,810,160.28,3.0
7152,940,87.48,2.0
7153,336,229.24,3.0
7153,474,224.08,2.0
7153,561,150.52,3.0
7153,603,153.0,3.0
7154,175,150.13,
7154,664,199.35,3.0
7154,714,113.33,
7154,964,106.28,1.0
7155,94,85.78,2.0
7155,428,174.0,2.0
7155,507,226.65,3.0
7155,762,133.63,3.0
7156,275,99.56,1.0
7156,352,226.63,2.0
7156,812,119.48,2.0
7156,875,127.14,3.0
7157,99,224.99,3.0
7157,562,,1.0
7157,564,228.93,3.0
7157,878,50.82,3.0
7158,154,,3.0
7158,341,125.25,2.0
7158,611,177.27,3.0
7158,654,133.29,3.0
7158,793,202.22,3.0
7159,353,247.18,3.0
7159,438,131.49,1.0
7159,618,208.82,1.0
7159,688,62.79,2.0
7160,450,148.27,2.0
7160,775,131.39,2.0
7160,950,209.25,2.0
7161,94,85.78,
7161,382,138.74,1.0
7161,512,185.45,2.0
7161,779,92.97,1.0
7161,870,77.14,1.0
7162,25,195.55,3.0
7162,222,92.66,3.0
7162,271,80.13,2.0
7162,288,101.72,1.0
7163,76,90.52,2.0
7163,151,226.05,2.0
7163,392,113.94,1.0
7163,748,232.9,2.0
7163,969,231.07,3.0
7164,314,186.8,3.0
7164,572,87.01,1.0
7164,688,62.79,2.0
7165,95,222.28,3.0
7165,136,64.57,3.0
7165,773,148.67,1.0
7165,774,,2.0
7166,336,229.24,3.0
7166,510,133.23,3.0
7166,885,65.26,3.0
7167,99,224.99,2.0
7167,253,211.86,1.0
7167,333,184.45,3.0
7167,977,63.96,2.0
7168,584,245.83,1.0
7168,625,71.81,2.0
7168,844,133.38,3.0
7168,994,59.99,3.0
7169,276,245.17,3.0
7169,607,222.02,3.0
7169,917,87.21,2.0
7170,191,226.32,1.0
7170,781,181.2,3.0
7170,930,232.52,3.0
7171,77,61.77,2.0
7171,115,178.84,2.0
7171,479,160.63,3.0
7171,520,171.69,1.0
7172,311,160.61,2.0
7172,539,93.75,1.0
7172,667,124.68,3.0
7172,710,139.0,2.0
7172,964,106.28,2.0
7173,14,238.51,2.0
7173,588,151.91,1.0
7173,896,238.61,2.0
7174,52,147.19,2.0
7174,327,149.0,3.0
7174,577,61.76,2.0
7174,610,118.1,1.0
7174,998,168.56,1.0
7175,14,238.51,2.0
7175,104,173.39,2.0
7175,286,159.85,1.0
7175,594,196.51,1.0
7175,739,196.68,2.0
7176,161,109.19,1.0
7176,643,98.94,1.0
7176,799,138.29,1.0
7176,928,235.84,1.0
7176,955,151.86,3.0
7177,146,215.92,1.0
7177,381,56.19,3.0
7177,946,226.43,1.0
7178,13,236.18,2.0
7178,70,135.13,1.0
7178,213,206.95,1.0
7178,571,179.32,2.0
7179,311,160.61,3.0
7179,752,208.54,2.0
7179,969,231.07,3.0
7179,984,246.44,1.0
7180,476,164.01,3.0
7180,584,245.83,1.0
7180,769,198.25,2.0
7181,81,223.52,1.0
7181,304,208.6,1.0
7181,615,85.81,3.0
7181,832,119.16,2.0
7182,157,246.43,2.0
7182,881,150.03,2.0
7182,965,239.42,2.0
7183,911,112.85,2.0
7183,938,92.58,1.0
7183,999,66.5,2.0
7184,10,62.55,1.0
7184,15,62.94,2.0
7184,503,51.95,1.0
7185,138,221.92,3.0
7185,572,87.01,3.0
7185,760,226.3,3.0
7186,153,92.66,1.0
7186,564,228.93,1.0
7186,650,65.51,1.0
7186,886,76.08,3.0
7187,68,206.01,2.0
7187,236,185.64,2.0
7187,953,61.07,3.0
7188,320,57.22,3.0
7188,369,83.25,3.0
7188,877,202.64,1.0
7189,259,57.05,3.0
7189,504,208.11,1.0
7189,565,148.85,2.0
7189,650,65.51,2.0
7190,3,132.41,3.0
7190,382,138.74,1.0
7190,629,,3.0
7190,730,167.65,2.0
7190,768,230.68,1.0
7191,49,237.53,1.0
7191,287,109.88,3.0
7191,349,138.39,1.0
7191,908,146.12,3.0
7192,385,,3.0
7192,975,187.08,3.0
7192,987,182.97,2.0
7193,24,247.44,3.0
7193,76,90.52,2.0
7193,385,78.48,2.0
7193,812,119.48,2.0
7193,962,158.95,2.0
7194,202,214.72,2.0
7194,577,61.76,2.0
7194,863,,1.0
7195,182,204.96,1.0
7195,190,99.3,
7195,682,103.7,2.0
7195,833,189.81,3.0
7195,910,142.16,3.0
7196,152,63.89,1.0
7196,396,195.67,1.0
7196,601,189.18,2.0
7196,626,95.95,2.0
7196,731,207.18,3.0
7197,590,153.28,3.0
7197,598,119.08,2.0
7197,891,,3.0
7198,273,216.8,2.0
7198,455,235.33,2.0
7198,493,173.08,3.0
7198,711,187.54,2.0
7199,74,172.32,3.0
7199,137,110.1,1.0
7199,837,249.04,2.0
7200,12,114.63,1.0
7200,811,223.59,1.0
7200,835,163.93,2.0
7200,917,87.21,1.0
7201,481,115.71,2.0
7201,571,179.32,2.0
7201,649,160.83,1.0
7202,21,,3.0
7202,27,76.78,
7202,103,67.22,1.0
7203,153,92.66,2.0
7203,164,91.14,1.0
7203,345,168.81,3.0
7203,636,198.75,1.0
7204,553,128.85,3.0
7204,746,98.77,1.0
7204,821,119.15,
7205,270,127.17,2.0
7205,547,186.62,2.0
7205,756,,1.0
7206,286,159.85,2.0
7206,738,185.7,2.0
7206,995,113.27,3.0
7207,751,121.44,2.0
7207,789,138.29,3.0
7207,903,64.48,1.0
7208,127,108.62,
7208,311,160.61,2.0
7208,710,139.0,1.0
7209,188,105.53,3.0
7209,951,81.4,3.0
7209,958,198.75,2.0
7210,490,134.37,1.0
7210,679,90.4,2.0
7210,976,80.22,1.0
7211,353,247.18,2.0
7211,790,125.07,1.0
7211,937,164.51,3.0
7212,274,189.78,3.0
7212,923,149.87,3.0
7212,941,60.5,
7213,4,102.01,1.0
7213,121,152.74,3.0
7213,487,141.3,1.0
7214,33,116.23,1.0
7214,313,223.73,3.0
7214,322,245.9,1.0
7214,813,246.86,1.0
7215,4,102.01,3.0
7215,465,230.21,2.0
7215,668,88.59,2.0
7216,481,115.71,2.0
7216,503,51.95,3.0
7216,569,160.56,2.0
7216,885,65.26,1.0
7217,423,221.14,1.0
7217,727,148.9,1.0
7217,857,60.36,3.0
7218,67,55.29,2.0
7218,489,65.95,2.0
7218,960,244.86,1.0
7219,215,152.98,2.0
7219,270,,2.0
7219,385,78.48,2.0
7220,161,109.19,3.0
7220,219,237.76,2.0
7220,646,191.41,
7220,803,,1.0
7220,934,84.39,3.0
7221,333,184.45,2.0
7221,425,235.7,1.0
7221,790,,2.0
7221,882,,1.0
7222,300,173.53,3.0
7222,536,162.12,1.0
7222,810,160.28,2.0
7222,913,156.18,3.0
7223,109,120.8,1.0
7223,596,195.79,1.0
7223,846,95.98,3.0
7224,316,159.68,2.0
7224,456,,3.0
7224,548,216.83,3.0
7225,413,,1.0
7225,661,83.39,1.0
7225,871,243.22,2.0
7226,165,69.55,2.0
7226,684,248.13,3.0
7226,733,188.04,2.0
7226,884,107.9,2.0
7227,127,108.62,1.0
7227,394,191.95,3.0
7227,402,101.5,2.0
7227,588,151.91,2.0
7228,196,82.73,1.0
7228,367,192.22,3.0
7228,957,,1.0
7229,172,103.8,3.0
7229,620,137.63,
7229,755,198.93,
7229,885,65.26,2.0
7230,58,231.34,
7230,425,235.7,1.0
7230,810,160.28,1.0
7231,268,80.87,1.0
7231,400,186.19,3.0
7231,754,219.81,2.0
7231,799,138.29,3.0
7232,355,140.68,2.0
7232,796,213.28,3.0
7232,879,107.5,1.0
7233,287,109.88,1.0
7233,455,235.33,2.0
7233,505,120.77,3.0
7233,862,160.96,2.0
7234,82,95.97,
7234,184,218.95,1.0
7234,852,239.79,1.0
7235,185,134.78,3.0
7235,623,118.18,1.0
7235,723,176.43,3.0
7236,634,112.99,2.0
7236,750,149.73,3.0
7236,963,220.36,1.0
7237,223,83.22,2.0
7237,625,71.81,2.0
7237,772,103.65,1.0
7238,310,157.3,1.0
7238,589,62.33,1.0
7238,772,103.65,2.0
7238,928,235.84,3.0
7239,145,69.03,1.0
7239,359,196.99,1.0
7239,711,187.54,1.0
7239,741,90.08,1.0
7239,824,170.3,3.0
7240,59,80.92,3.0
7240,259,57.05,3.0
7240,620,137.63,3.0
7241,406,192.02,2.0
7241,735,237.3,2.0
7241,783,125.75,3.0
7241,845,225.55,1.0
7242,74,172.32,2.0
7242,214,67.39,2.0
7242,445,232.1,3.0
7242,455,,3.0
7242,523,229.28,2.0
7243,88,183.78,3.0
7243,389,135.35,
7243,505,120.77,1.0
7243,888,80.36,2.0
7243,902,98.7,3.0
7244,119,151.13,3.0
7244,271,80.13,2.0
7244,602,86.81,1.0
7244,701,209.76,3.0
7244,863,183.04,3.0
7245,188,105.53,3.0
7245,301,236.73,1.0
7245,303,134.23,3.0
7245,453,152.15,1.0
7246,223,83.22,3.0
7246,296,217.57,1.0
7246,699,230.12,1.0
7246,755,198.93,1.0
7247,112,97.85,3.0
7247,465,230.21,2.0
7247,548,216.83,1.0
7247,692,101.01,2.0
7248,292,214.47,
7248,522,210.27,3.0
7248,767,106.78,2.0
7248,882,191.38,2.0
7249,175,150.13,3.0
7249,733,188.04,
7249,744,231.74,3.0
7249,827,172.87,3.0
7250,94,85.78,2.0
7250,236,,2.0
7250,638,68.44,2.0
7250,840,135.48,1.0
7250,985,154.3,1.0
7251,176,75.79,2.0
7251,842,107.24,2.0
7251,941,60.5,2.0
7252,52,147.19,3.0
7252,341,125.25,3.0
7252,479,160.63,2.0
7252,723,176.43,3.0
7252,754,219.81,2.0
7253,89,81.47,2.0
7253,204,124.94,3.0
7253,409,121.46,1.0
7254,201,50.2,3.0
7254,463,198.51,1.0
7254,579,202.8,1.0
7255,103,67.22,1.0
7255,115,178.84,3.0
7255,253,211.86,3.0
7255,562,205.86,1.0
7255,969,231.07,3.0
7256,232,208.43,2.0
7256,404,95.37,2.0
7256,446,203.34,2.0
7256,789,138.29,1.0
7257,58,231.34,
7257,157,,3.0
7257,279,200.37,2.0
7257,286,159.85,3.0
7257,384,137.63,1.0
7258,88,183.78,2.0
7258,301,236.73,1.0
7258,795,127.79,2.0
7259,331,133.75,1.0
7259,337,160.66,
7259,609,205.56,2.0
7259,876,227.05,3.0
7260,94,,1.0
7260,310,157.3,3.0
7260,424,246.7,3.0
7260,752,208.54,3.0
7261,58,231.34,1.0
7261,385,78.48,3.0
7261,550,83.71,3.0
7261,902,98.7,1.0
7262,6,72.5,2.0
7262,285,177.93,1.0
7262,327,149.0,3.0
7262,379,148.21,2.0
7263,418,104.84,1.0
7263,487,141.3,3.0
7263,689,132.29,3.0
7263,828,80.98,2.0
7264,118,62.77,3.0
7264,307,197.91,3.0
7264,829,95.21,3.0
7265,23,203.41,3.0
7265,135,81.29,2.0
7265,407,174.05,2.0
7265,729,233.18,2.0
7265,851,221.01,2.0
7266,508,201.16,1.0
7266,612,152.96,2.0
7266,615,85.81,3.0
7266,753,54.32,1.0
7267,169,116.7,1.0
7267,291,181.87,2.0
7267,727,148.9,2.0
7267,979,,3.0
7268,404,95.37,3.0
7268,418,104.84,
7268,437,224.5,3.0
7268,729,233.18,1.0
7269,135,81.29,1.0
7269,285,177.93,3.0
7269,384,137.63,2.0
7270,340,67.14,1.0
7270,458,243.84,1.0
7270,654,133.29,3.0
7271,397,238.21,1.0
7271,512,185.45,1.0
7271,657,55.71,2.0
7272,623,118.18,3.0
7272,691,166.4,3.0
7272,757,228.29,1.0
7272,978,218.51,1.0
7273,114,164.82,1.0
7273,335,,2.0
7273,339,52.62,3.0
7273,382,138.74,1.0
7273,648,230.35,3.0
7274,130,121.41,1.0
7274,198,180.7,2.0
7274,473,196.68,1.0
7275,40,146.27,3.0
7275,305,147.13,2.0
7275,328,93.55,1.0
7275,800,,1.0
7275,914,108.92,3.0
7276,104,173.39,3.0
7276,262,114.64,3.0
7276,438,131.49,1.0
7276,481,115.71,1.0
7277,65,160.5,2.0
7277,77,61.77,1.0
7277,84,225.47,3.0
7277,225,58.78,1.0
7278,551,162.25,2.0
7278,777,176.22,2.0
7278,819,57.53,2.0
7278,964,106.28,1.0
7279,242,142.14,1.0
7279,371,51.0,3.0
7279,413,207.64,1.0
7279,532,70.73,1.0
7279,609,205.56,3.0
7280,54,84.5,3.0
7280,190,99.3,2.0
7280,388,231.18,1.0
7280,645,151.87,2.0
7280,916,233.11,2.0
7281,166,192.62,1.0
7281,252,195.57,2.0
7281,361,82.42,2.0
7281,371,51.0,3.0
7282,48,90.11,2.0
7282,470,244.46,3.0
7282,568,217.68,3.0
7283,209,151.17,2.0
7283,294,237.5,1.0
7283,438,131.49,2.0
7284,41,141.64,1.0
7284,256,114.14,1.0
7284,357,77.1,2.0
7284,367,192.22,3.0
7284,755,198.93,2.0
7285,35,146.61,1.0
7285,228,110.69,2.0
7285,260,87.94,1.0
7285,518,232.96,1.0
7285,708,191.55,1.0
7286,133,240.19,2.0
7286,478,155.47,1.0
7286,506,201.97,1.0
7286,589,62.33,1.0
7287,43,116.23,1.0
7287,549,87.59,2.0
7287,973,79.62,1.0
7288,73,204.1,2.0
7288,460,89.74,1.0
7288,953,,2.0
7289,188,105.53,3.0
7289,291,181.87,3.0
7289,324,231.64,2.0
7289,708,191.55,1.0
7289,712,151.86,1.0
7290,288,101.72,2.0
7290,585,178.27,2.0
7290,714,113.33,3.0
7290,748,232.9,1.0
7290,911,112.85,2.0
7291,74,,1.0
7291,637,56.45,1.0
7291,837,249.04,2.0
7292,234,194.51,3.0
7292,371,51.0,2.0
7292,699,230.12,1.0
7293,115,178.84,1.0
7293,608,220.66,1.0
7293,697,77.43,1.0
7293,827,172.87,2.0
7293,858,219.38,3.0
7294,243,188.05,
7294,416,141.33,2.0
7294,580,210.06,3.0
7294,606,79.36,1.0
7294,814,160.37,2.0
7295,104,173.39,2.0
7295,371,51.0,3.0
7295,551,162.25,3.0
7295,698,86.52,3.0
7296,136,64.57,
7296,160,97.07,1.0
7296,504,208.11,2.0
7297,114,164.82,2.0
7297,288,101.72,1.0
7297,769,198.25,2.0
7298,219,237.76,2.0
7298,644,102.24,1.0
7298,791,169.28,3.0
7298,921,156.4,3.0
7299,261,71.6,3.0
7299,340,67.14,2.0
7299,684,,3.0
7299,810,160.28,1.0
7299,846,95.98,3.0
7300,19,146.71,1.0
7300,143,72.98,3.0
7300,657,55.71,2.0
7300,774,226.25,3.0
7301,8,63.45,3.0
7301,262,114.64,2.0
7301,559,164.08,1.0
7301,620,,3.0
7302,405,70.71,2.0
7302,411,152.22,1.0
7302,540,162.04,1.0
7302,563,105.31,3.0
7303,110,87.63,
7303,429,99.3,2.0
7303,840,135.48,2.0
7303,945,115.38,2.0
7304,54,84.5,3.0
7304,232,208.43,
7304,650,65.51,2.0
7304,790,125.07,3.0
7305,63,141.12,1.0
7305,68,206.01,1.0
7305,500,136.7,1.0
7305,638,68.44,3.0
7305,819,57.53,
7306,43,116.23,3.0
7306,354,,2.0
7306,469,115.23,2.0
7307,379,148.21,3.0
7307,550,83.71,2.0
7307,616,178.66,1.0
7307,991,204.99,3.0
7308,67,55.29,1.0
7308,450,148.27,1.0
7308,653,82.55,1.0
7309,125,146.21,1.0
7309,838,124.38,2.0
7309,944,77.61,3.0
7310,360,125.34,
7310,771,76.39,3.0
7310,851,221.01,2.0
7311,103,67.22,1.0
7311,505,120.77,3.0
7311,749,,3.0
7312,120,183.66,2.0
7312,395,203.83,1.0
7312,735,237.3,3.0
7313,353,247.18,1.0
7313,391,185.14,2.0
7313,502,146.58,1.0
7313,927,195.53,3.0
7314,258,67.56,2.0
7314,288,101.72,3.0
7314,978,218.51,
7315,274,189.78,3.0
7315,491,214.4,1.0
7315,750,149.73,2.0
7315,946,226.43,3.0
7316,17,128.61,3.0
7316,257,51.04,3.0
7316,606,79.36,3.0
7317,22,74.05,1.0
7317,146,215.92,3.0
7317,163,193.4,1.0
7317,218,215.86,2.0
7317,365,153.13,2.0
7318,271,80.13,3.0
7318,495,127.08,1.0
7318,618,208.82,2.0
7318,779,92.97,2.0
7318,870,77.14,3.0
7319,432,56.08,2.0
7319,457,111.71,3.0
7319,781,181.2,3.0
7319,828,80.98,3.0
7319,934,84.39,1.0
7320,228,110.69,1.0
7320,447,83.16,
7320,471,189.72,1.0
7321,585,178.27,3.0
7321,669,230.08,3.0
7321,840,135.48,3.0
7322,363,87.53,3.0
7322,517,106.05,1.0
7322,652,150.27,2.0
7323,99,224.99,1.0
7323,657,55.71,3.0
7323,707,212.57,2.0
7323,925,64.95,1.0
7324,206,148.94,2.0
7324,471,189.72,1.0
7324,961,79.78,2.0
7325,291,181.87,3.0
7325,570,77.81,1.0
7325,863,183.04,3.0
7326,82,95.97,2.0
7326,468,72.43,3.0
7326,680,149.96,1.0
7326,763,68.54,3.0
7327,48,90.11,1.0
7327,348,203.33,2.0
7327,643,98.94,2.0
7327,783,125.75,2.0
7328,59,80.92,1.0
7328,306,196.65,3.0
7328,435,249.48,3.0
7329,811,223.59,3.0
7329,967,,1.0
7329,987,182.97,3.0
7329,995,113.27,1.0
7330,495,127.08,3.0
7330,525,201.26,1.0
7330,790,125.07,3.0
7331,1,72.66,2.0
7331,23,203.41,1.0
7331,338,,1.0
7331,485,52.72,3.0
7331,794,112.71,2.0
7332,345,168.81,3.0
7332,478,155.47,3.0
7332,561,150.52,
7332,628,237.6,2.0
7332,789,138.29,2.0
7333,389,135.35,2.0
7333,412,242.29,1.0
7333,537,220.97,2.0
7334,111,209.87,3.0
7334,133,240.19,2.0
7334,240,189.89,1.0
7334,347,136.1,1.0
7334,381,56.19,3.0
7335,3,132.41,3.0
7335,641,59.05,3.0
7335,708,191.55,3.0
7335,859,67.61,3.0
7335,957,117.34,1.0
7336,38,104.28,2.0
7336,349,138.39,3.0
7336,662,175.98,2.0
7336,916,,2.0
7337,425,235.7,2.0
7337,655,,2.0
7337,675,64.53,1.0
7338,79,182.33,2.0
7338,280,190.85,2.0
7338,308,117.08,2.0
7338,355,140.68,3.0
7338,677,239.14,
7339,170,105.05,2.0
7339,758,83.48,1.0
7339,813,246.86,3.0
7340,63,141.12,1.0
7340,552,96.49,2.0
7340,556,246.31,1.0
7340,593,97.97,3.0
7340,851,221.01,1.0
7341,294,237.5,3.0
7341,794,112.71,3.0
7341,898,208.88,2.0
7342,112,97.85,1.0
7342,146,,2.0
7342,333,184.45,1.0
7342,723,176.43,1.0
7342,741,90.08,3.0
7343,262,114.64,2.0
7343,607,222.02,3.0
7343,790,125.07,3.0
7343,797,220.47,3.0
7344,613,163.05,2.0
7344,636,198.75,3.0
7344,710,,2.0
7344,853,151.97,3.0
7345,401,227.82,3.0
7345,463,198.51,1.0
7345,659,163.96,1.0
7346,63,141.12,2.0
7346,394,191.95,2.0
7346,487,141.3,2.0
7346,491,214.4,3.0
7347,298,69.9,3.0
7347,468,72.43,2.0
7347,595,56.33,3.0
7347,696,231.65,3.0
7347,789,138.29,3.0
7348,325,149.23,3.0
7348,889,132.36,1.0
7348,931,122.11,3.0
7349,82,95.97,3.0
7349,239,220.93,2.0
7349,271,80.13,1.0
7349,419,183.25,2.0
7350,434,199.38,2.0
7350,533,91.11,1.0
7350,559,164.08,2.0
7350,652,150.27,2.0
7350,951,81.4,2.0
7351,339,52.62,
7351,449,80.11,3.0
7351,498,174.24,2.0
7351,724,53.44,1.0
7352,62,84.49,2.0
7352,167,56.81,3.0
7352,681,235.72,1.0
7353,282,216.11,3.0
7353,330,103.52,1.0
7353,458,243.84,2.0
7354,444,62.33,3.0
7354,704,50.64,2.0
7354,880,227.92,2.0
7354,966,206.2,3.0
7355,38,104.28,2.0
7355,530,215.96,1.0
7355,822,132.13,3.0
7355,927,195.53,3.0
7356,85,169.02,3.0
7356,226,177.91,1.0
7356,384,137.63,2.0
7356,839,124.12,
7357,7,95.98,2.0
7357,513,234.35,3.0
7357,933,140.94,2.0
7357,981,60.43,2.0
7358,266,200.67,2.0
7358,331,133.75,1.0
7358,685,231.56,1.0
7358,694,51.93,2.0
7359,136,64.57,3.0
7359,163,193.4,2.0
7359,205,56.5,1.0
7359,847,163.66,1.0
7360,19,146.71,1.0
7360,562,205.86,3.0
7360,696,231.65,1.0
7361,54,84.5,1.0
7361,281,242.32,2.0
7361,327,149.0,2.0
7361,474,224.08,3.0
7361,610,118.1,3.0
7362,645,151.87,1.0
7362,734,201.32,2.0
7362,741,90.08,3.0
7362,850,232.72,3.0
7362,947,201.85,3.0
7363,113,102.99,3.0
7363,195,153.66,1.0
7363,410,70.81,3.0
7363,528,198.95,1.0
7363,692,,3.0
7364,190,99.3,3.0
7364,622,124.39,2.0
7364,752,208.54,2.0
7364,850,232.72,1.0
7365,165,69.55,3.0
7365,469,115.23,1.0
7365,760,226.3,3.0
7365,887,217.22,1.0
7365,950,209.25,3.0
7366,429,99.3,
7366,619,134.73,2.0
7366,796,213.28,
7366,867,92.12,1.0
7367,58,231.34,3.0
7367,326,173.51,2.0
7367,327,149.0,2.0
7367,521,195.86,3.0
7367,885,65.26,1.0
7368,171,201.72,1.0
7368,300,173.53,2.0
7368,482,129.89,2.0
7368,560,124.85,3.0
7368,815,75.93,
7369,485,52.72,3.0
7369,700,79.91,1.0
7369,922,246.25,3.0
7370,48,90.11,2.0
7370,780,73.93,3.0
7370,867,92.12,1.0
7370,870,77.14,3.0
7371,93,202.8,3.0
7371,951,81.4,1.0
7371,971,103.93,3.0
7372,68,206.01,2.0
7372,105,232.06,1.0
7372,877,202.64,1.0
7373,150,213.11,2.0
7373,229,89.49,1.0
7373,320,57.22,3.0
7374,327,149.0,1.0
7374,494,64.74,3.0
7374,843,218.71,1.0
7375,99,224.99,3.0
7375,433,242.72,3.0
7375,868,163.34,2.0
7375,887,217.22,2.0
7375,914,108.92,2.0
7376,45,170.78,2.0
7376,121,,3.0
7376,478,155.47,2.0
7376,541,184.84,3.0
7376,721,107.84,1.0
7377,377,52.08,1.0
7377,419,183.25,1.0
7377,427,113.76,2.0
7378,71,,1.0
7378,568,217.68,2.0
7378,746,98.77,3.0
7379,180,136.21,1.0
7379,240,189.89,3.0
7379,973,79.62,1.0
7380,53,60.45,3.0
7380,302,124.05,1.0
7380,585,178.27,2.0
7380,907,121.43,3.0
7381,85,169.02,2.0
7381,169,116.7,2.0
7381,271,80.13,1.0
7381,279,200.37,2.0
7381,294,237.5,1.0
7382,251,60.23,1.0
7382,803,182.99,2.0
7382,970,54.56,
7382,981,60.43,3.0
7383,269,81.71,3.0
7383,312,57.94,1.0
7383,684,248.13,2.0
7383,911,112.85,
7383,979,205.27,2.0
7384,34,62.0,2.0
7384,298,69.9,2.0
7384,593,97.97,3.0
7384,914,108.92,2.0
7385,274,189.78,3.0
7385,623,118.18,1.0
7385,740,111.83,2.0
7385,837,249.04,2.0
7386,168,62.42,
7386,208,57.13,1.0
7386,762,133.63,2.0
7386,916,233.11,2.0
7386,993,83.38,1.0
7387,130,121.41,1.0
7387,454,155.48,3.0
7387,474,,1.0
7388,273,216.8,1.0
7388,650,65.51,1.0
7388,702,81.84,3.0
7388,920,147.21,2.0
7389,204,124.94,1.0
7389,302,124.05,2.0
7389,701,209.76,2.0
7389,776,225.87,2.0
7390,52,147.19,2.0
7390,295,225.4,2.0
7390,442,105.37,1.0
7390,895,187.0,2.0
7391,300,173.53,3.0
7391,506,201.97,3.0
7391,885,65.26,1.0
7392,38,104.28,2.0
7392,454,155.48,1.0
7392,474,224.08,3.0
7392,700,,3.0
7392,707,212.57,2.0
7393,262,114.64,1.0
7393,881,150.03,1.0
7393,897,153.0,1.0
7393,998,168.56,
7394,70,135.13,1.0
7394,283,124.19,1.0
7394,423,221.14,
7394,484,199.61,2.0
7395,95,222.28,2.0
7395,192,62.03,3.0
7395,221,142.79,3.0
7395,562,205.86,
7396,680,149.96,3.0
7396,736,173.14,3.0
7396,778,149.89,2.0
7397,312,57.94,2.0
7397,382,138.74,3.0
7397,459,94.26,3.0
7397,467,176.42,3.0
7398,419,183.25,
7398,503,51.95,
7398,505,120.77,3.0
7398,532,70.73,2.0
7398,536,162.12,3.0
7399,65,160.5,2.0
7399,542,229.25,2.0
7399,708,191.55,1.0
7399,983,78.57,2.0
7400,190,99.3,3.0
7400,622,124.39,3.0
7400,906,93.79,2.0
7401,180,136.21,3.0
7401,251,60.23,2.0
7401,880,,1.0
7401,961,79.78,3.0
7402,399,166.38,1.0
7402,755,198.93,2.0
7402,820,51.21,2.0
7402,931,122.11,2.0
7403,86,192.31,
7403,157,246.43,1.0
7403,260,87.94,3.0
7403,410,70.81,1.0
7404,231,229.82,2.0
7404,244,204.28,3.0
7404,486,172.25,3.0
7404,721,107.84,2.0
7405,23,203.41,1.0
7405,140,,3.0
7405,240,189.89,1.0
7405,365,153.13,1.0
7405,912,101.23,3.0
7406,408,100.88,3.0
7406,689,132.29,1.0
7406,924,196.23,2.0
7407,105,232.06,3.0
7407,682,103.7,1.0
7407,735,237.3,3.0
7407,751,121.44,2.0
7407,765,189.72,2.0
7408,380,210.24,
7408,455,235.33,2.0
7408,559,164.08,2.0
7408,885,65.26,2.0
7409,113,,1.0
7409,473,,1.0
7409,738,,2.0
7410,163,193.4,3.0
7410,470,244.46,2.0
7410,747,241.7,3.0
7410,883,133.41,3.0
7411,286,,1.0
7411,328,93.55,1.0
7411,990,76.1,1.0
7412,13,236.18,1.0
7412,150,213.11,2.0
7412,507,226.65,2.0
7412,796,,1.0
7412,804,232.19,2.0
7413,25,195.55,2.0
7413,419,183.25,3.0
7413,884,107.9,2.0
7414,236,185.64,2.0
7414,960,244.86,2.0
7414,996,196.78,3.0
7415,70,135.13,1.0
7415,76,90.52,3.0
7415,618,208.82,1.0
7416,468,72.43,2.0
7416,629,195.26,2.0
7416,632,218.24,
7416,927,,2.0
7416,957,117.34,2.0
7417,64,183.33,
7417,682,103.7,2.0
7417,993,83.38,3.0
7418,307,197.91,2.0
7418,325,149.23,3.0
7418,561,,1.0
7418,910,142.16,2.0
7418,927,195.53,2.0
7419,42,226.48,2.0
7419,186,233.84,1.0
7419,530,215.96,1.0
7420,233,243.92,3.0
7420,294,237.5,2.0
7420,471,,3.0
7420,550,,1.0
7420,654,133.29,1.0
7421,252,195.57,2.0
7421,294,237.5,2.0
7421,708,191.55,2.0
7422,12,114.63,3.0
7422,327,149.0,2.0
7422,339,52.62,2.0
7423,438,131.49,3.0
7423,813,246.86,3.0
7423,822,132.13,2.0
7423,844,133.38,3.0
7423,995,113.27,3.0
7424,116,247.88,1.0
7424,164,91.14,1.0
7424,190,99.3,1.0
7424,192,62.03,2.0
7425,45,170.78,2.0
7425,565,148.85,2.0
7425,688,62.79,1.0
7425,759,239.0,1.0
7426,219,237.76,3.0
7426,265,245.93,2.0
7426,361,82.42,1.0
7426,451,222.6,2.0
7426,808,233.39,1.0
7427,2,80.34,3.0
7427,892,164.04,2.0
7427,938,92.58,2.0
7428,406,192.02,1.0
7428,617,70.77,2.0
7428,785,249.16,1.0
7429,256,114.14,1.0
7429,433,242.72,2.0
7429,688,62.79,1.0
7430,449,80.11,1.0
7430,450,148.27,2.0
7430,803,182.99,1.0
7431,436,170.1,2.0
7431,589,62.33,1.0
7431,668,88.59,2.0
7431,746,98.77,1.0
7432,16,196.57,1.0
7432,123,79.64,3.0
7432,159,170.35,2.0
7432,711,187.54,2.0
7433,182,204.96,2.0
7433,308,117.08,2.0
7433,996,196.78,3.0
7434,32,161.45,2.0
7434,408,100.88,1.0
7434,801,207.59,1.0
7434,820,51.21,1.0
7434,845,225.55,1.0
7435,119,,2.0
7435,145,69.03,1.0
7435,872,159.66,2.0
7436,220,168.73,2.0
7436,649,,3.0
7436,672,79.28,3.0
7436,799,138.29,2.0
7436,955,151.86,1.0
7437,131,157.55,3.0
7437,242,142.14,2.0
7437,492,218.49,1.0
7437,749,74.3,1.0
7437,906,93.79,1.0
7438,44,93.13,1.0
7438,166,192.62,2.0
7438,218,215.86,3.0
7438,663,130.57,2.0
7438,737,127.14,2.0
7439,443,244.96,2.0
7439,445,,3.0
7439,628,237.6,3.0
7440,401,227.82,1.0
7440,430,88.19,3.0
7440,713,120.97,1.0
7440,885,65.26,2.0
7441,562,205.86,3.0
7441,663,130.57,1.0
7441,915,239.01,2.0
7442,311,160.61,2.0
7442,503,51.95,3.0
7442,607,222.02,2.0
7443,824,,2.0
7443,830,56.52,3.0
7443,914,108.92,2.0
7444,392,113.94,2.0
7444,450,148.27,3.0
7444,734,201.32,3.0
7445,217,78.51,3.0
7445,406,192.02,2.0
7445,450,148.27,3.0
7445,747,241.7,2.0
7446,104,173.39,2.0
7446,429,99.3,
7446,524,,3.0
7446,577,61.76,3.0
7446,681,235.72,3.0
7447,176,75.79,1.0
7447,278,100.46,3.0
7447,388,231.18,3.0
7447,489,65.95,2.0
7447,732,247.41,1.0
7448,163,,3.0
7448,754,219.81,2.0
7448,891,87.61,1.0
7449,11,114.72,3.0
7449,483,109.71,2.0
7449,535,167.78,3.0
7449,874,173.76,
7450,154,146.97,1.0
7450,470,244.46,3.0
7450,590,153.28,1.0
7450,912,,3.0
7451,281,242.32,3.0
7451,320,57.22,1.0
7451,538,232.66,3.0
7451,859,67.61,2.0
7452,140,174.01,1.0
7452,207,88.92,2.0
7452,409,121.46,1.0
7453,315,125.67,2.0
7453,365,153.13,2.0
7453,456,199.14,3.0
7453,753,54.32,1.0
7454,330,103.52,1.0
7454,368,209.82,3.0
7454,455,235.33,3.0
7454,663,130.57,2.0
7454,779,92.97,
7455,14,238.51,1.0
7455,213,206.95,1.0
7455,738,185.7,
7456,76,90.52,3.0
7456,169,116.7,3.0
7456,193,142.88,2.0
7457,97,83.87,1.0
7457,608,220.66,
7457,765,189.72,3.0
7458,544,244.85,3.0
7458,725,226.28,2.0
7458,792,237.91,1.0
7458,895,187.0,3.0
7458,901,142.02,3.0
7459,130,121.41,3.0
7459,498,174.24,1.0
7459,703,171.58,1.0
7459,767,,1.0
7459,872,159.66,1.0
7460,230,142.07,2.0
7460,332,129.36,3.0
7460,659,163.96,3.0
7460,954,104.74,
7461,285,177.93,2.0
7461,396,195.67,2.0
7461,623,118.18,1.0
7461,868,,2.0
7462,240,189.89,1.0
7462,339,52.62,3.0
7462,462,77.21,2.0
7463,147,177.18,3.0
7463,216,87.98,3.0
7463,393,188.3,2.0
7463,638,68.44,1.0
7463,644,102.24,1.0
7464,117,85.95,2.0
7464,131,157.55,2.0
7464,361,82.42,1.0
7464,415,92.65,3.0
7464,830,56.52,1.0
7465,226,177.91,3.0
7465,645,151.87,2.0
7465,754,219.81,1.0
7465,947,201.85,1.0
7465,988,225.45,3.0
7466,203,202.04,1.0
7466,475,227.5,1.0
7466,648,230.35,1.0
7467,321,129.7,2.0
7467,370,176.52,3.0
7467,408,100.88,2.0
7467,473,196.68,3.0
7467,959,239.53,1.0
7468,157,246.43,2.0
7468,176,75.79,1.0
7468,861,188.97,3.0
7468,964,106.28,3.0
7469,91,176.48,3.0
7469,133,240.19,3.0
7469,164,91.14,2.0
7469,614,174.25,3.0
7469,683,143.94,3.0
7470,25,195.55,
7470,766,249.63,3.0
7470,940,87.48,2.0
7471,376,152.57,3.0
7471,377,52.08,3.0
7471,773,148.67,1.0
7471,879,107.5,3.0
7472,65,160.5,1.0
7472,210,208.67,3.0
7472,650,65.51,1.0
7472,890,177.49,1.0
7473,53,60.45,2.0
7473,318,68.99,2.0
7473,530,215.96,2.0
7473,860,91.93,2.0
7474,152,63.89,1.0
7474,325,149.23,1.0
7474,489,65.95,2.0
7474,551,162.25,2.0
7475,110,87.63,2.0
7475,201,50.2,3.0
7475,311,160.61,1.0
7475,345,168.81,1.0
7475,848,58.97,1.0
7476,394,191.95,2.0
7476,644,102.24,
7476,921,156.4,2.0
7477,750,149.73,1.0
7477,763,68.54,1.0
7477,764,184.08,2.0
7477,963,220.36,1.0
7478,17,128.61,2.0
7478,81,223.52,2.0
7478,575,124.4,1.0
7478,818,78.09,2.0
7479,715,180.14,3.0
7479,843,218.71,2.0
7479,961,79.78,3.0
7480,99,224.99,3.0
7480,455,235.33,1.0
7480,528,198.95,1.0
7480,593,97.97,1.0
7480,652,150.27,3.0
7481,695,77.45,2.0
7481,767,106.78,3.0
7481,894,88.22,3.0
7481,983,78.57,3.0
7482,284,191.93,2.0
7482,371,51.0,1.0
7482,628,237.6,
7482,751,121.44,3.0
7482,797,220.47,1.0
7483,190,99.3,1.0
7483,546,145.42,1.0
7483,574,118.2,2.0
7483,595,,3.0
7483,977,63.96,1.0
7484,166,192.62,1.0
7484,263,93.74,3.0
7484,673,71.97,3.0
7484,727,148.9,2.0
7485,323,170.98,1.0
7485,593,97.97,2.0
7485,908,146.12,1.0
7486,565,148.85,1.0
7486,572,87.01,2.0
7486,923,149.87,
7487,300,173.53,2.0
7487,418,,2.0
7487,526,217.47,1.0
7487,601,189.18,1.0
7488,576,227.01,2.0
7488,667,124.68,3.0
7488,945,115.38,2.0
7489,123,,1.0
7489,579,,3.0
7489,711,187.54,1.0
7489,915,239.01,3.0
7490,259,,2.0
7490,392,113.94,3.0
7490,432,56.08,1.0
7490,762,133.63,2.0
7491,72,143.79,2.0
7491,129,200.64,2.0
7491,202,214.72,2.0
7491,983,78.57,2.0
7492,191,226.32,2.0
7492,334,175.68,1.0
7492,459,94.26,1.0
7492,872,159.66,2.0
7492,884,107.9,2.0
7493,180,136.21,3.0
7493,219,237.76,1.0
7493,589,62.33,1.0
7493,625,71.81,2.0
7493,940,,3.0
7494,561,150.52,2.0
7494,807,198.27,2.0
7494,912,101.23,3.0
7494,988,225.45,
7495,55,238.3,1.0
7495,678,,3.0
7495,919,169.1,3.0
7496,443,244.96,1.0
7496,493,173.08,3.0
7496,499,165.93,2.0
7497,14,238.51,3.0
7497,390,82.52,3.0
7497,498,174.24,2.0
7497,785,249.16,1.0
7497,935,98.57,1.0
7498,113,102.99,2.0
7498,512,185.45,1.0
7498,586,241.2,1.0
7498,625,71.81,2.0
7498,994,59.99,
7499,180,136.21,2.0
7499,224,226.21,2.0
7499,492,218.49,2.0
7499,843,218.71,3.0
7499,999,66.5,2.0
7500,714,113.33,
7500,892,164.04,1.0
7500,936,157.52,1.0
7501,16,196.57,1.0
7501,73,204.1,2.0
7501,371,51.0,2.0
7501,715,180.14,1.0
7501,815,75.93,1.0
7502,94,85.78,1.0
7502,246,64.86,1.0
7502,265,245.93,2.0
7502,559,164.08,3.0
7502,771,76.39,3.0
7503,396,195.67,2.0
7503,402,101.5,1.0
7503,729,233.18,2.0
7503,892,164.04,3.0
7504,458,243.84,1.0
7504,568,217.68,2.0
7504,572,87.01,3.0
7505,88,183.78,3.0
7505,207,88.92,3.0
7505,752,208.54,2.0
7505,811,,3.0
7506,501,,3.0
7506,875,,1.0
7506,963,,2.0
7506,980,211.03,3.0
7507,111,,2.0
7507,583,150.9,1.0
7507,799,138.29,2.0
7508,162,76.84,1.0
7508,266,200.67,
7508,573,61.97,3.0
7508,745,180.42,3.0
7508,967,110.73,3.0
7509,265,245.93,2.0
7509,387,200.4,3.0
7509,514,247.43,2.0
7509,940,87.48,2.0
7510,50,121.44,3.0
7510,208,57.13,1.0
7510,450,148.27,1.0
7510,511,219.43,3.0
7511,632,218.24,1.0
7511,889,132.36,2.0
7511,963,220.36,2.0
7511,966,206.2,2.0
7512,154,146.97,1.0
7512,191,226.32,1.0
7512,532,70.73,3.0
7512,571,179.32,3.0
7512,989,218.85,3.0
7513,339,52.62,1.0
7513,706,124.5,1.0
7513,757,228.29,3.0
7513,783,125.75,3.0
7514,7,95.98,2.0
7514,30,207.25,2.0
7514,225,58.78,2.0
7514,558,235.51,3.0
7514,658,165.29,
7515,3,132.41,1.0
7515,780,73.93,1.0
7515,804,232.19,2.0
7515,999,66.5,1.0
7516,148,,3.0
7516,319,57.58,3.0
7516,550,,3.0
7517,344,85.83,2.0
7517,478,155.47,1.0
7517,805,159.55,1.0
7517,996,196.78,1.0
7518,188,105.53,3.0
7518,628,237.6,2.0
7518,933,,2.0
7519,75,154.27,1.0
7519,81,223.52,3.0
7519,136,64.57,2.0
7519,982,96.15,2.0
7520,484,199.61,3.0
7520,588,151.91,2.0
7520,589,62.33,
7520,610,118.1,3.0
7520,920,,3.0
7521,249,224.27,1.0
7521,370,176.52,2.0
7521,373,160.95,3.0
7521,972,143.26,
7522,191,226.32,1.0
7522,268,80.87,1.0
7522,271,80.13,3.0
7522,687,176.38,1.0
7522,788,213.43,2.0
7523,390,82.52,3.0
7523,560,124.85,1.0
7523,656,168.41,2.0
7523,831,208.58,1.0
7524,47,95.83,2.0
7524,344,85.83,2.0
7524,358,,1.0
7524,556,246.31,3.0
7524,749,74.3,3.0
7525,441,208.41,3.0
7525,786,110.34,1.0
7525,813,246.86,1.0
7525,815,75.93,2.0
7526,66,167.64,3.0
7526,182,204.96,3.0
7526,525,201.26,3.0
7526,587,62.1,3.0
7527,103,67.22,3.0
7527,322,245.9,3.0
7527,749,74.3,3.0
7527,763,68.54,1.0
7528,54,84.5,2.0
7528,218,215.86,
7528,295,225.4,3.0
7528,389,135.35,1.0
7528,960,244.86,3.0
7529,531,51.53,1.0
7529,622,124.39,
7529,970,54.56,3.0
7530,46,83.22,1.0
7530,571,179.32,1.0
7530,870,77.14,3.0
7531,421,66.61,
7531,542,229.25,3.0
7531,672,79.28,3.0
7531,882,191.38,3.0
7531,911,112.85,2.0
7532,269,81.71,1.0
7532,699,230.12,2.0
7532,881,150.03,2.0
7533,155,116.62,2.0
7533,216,87.98,1.0
7533,675,64.53,2.0
7533,849,54.69,2.0
7534,146,215.92,1.0
7534,347,136.1,1.0
7534,929,,3.0
7534,969,231.07,2.0
7534,973,79.62,2.0
7535,279,200.37,
7535,473,,2.0
7535,496,145.41,1.0
7535,690,239.97,2.0
7536,290,168.98,1.0
7536,335,146.92,2.0
7536,531,51.53,2.0
7536,981,60.43,2.0
7537,228,110.69,2.0
7537,647,99.37,3.0
7537,684,248.13,3.0
7537,724,53.44,2.0
7537,996,196.78,2.0
7538,59,80.92,1.0
7538,204,124.94,
7538,385,78.48,
7538,512,185.45,3.0
7538,773,148.67,
7539,57,140.97,2.0
7539,77,61.77,1.0
7539,833,189.81,3.0
7539,911,112.85,1.0
7539,966,206.2,1.0
7540,106,140.96,
7540,585,178.27,3.0
7540,633,116.68,3.0
7541,379,148.21,3.0
7541,473,196.68,1.0
7541,782,158.46,3.0
7541,813,246.86,1.0
7542,155,116.62,3.0
7542,744,231.74,1.0
7542,775,131.39,3.0
7543,33,116.23,2.0
7543,338,118.52,3.0
7543,517,106.05,1.0
7543,994,59.99,1.0
7544,382,138.74,3.0
7544,416,141.33,2.0
7544,422,120.82,1.0
7544,604,223.98,2.0
7545,174,141.85,3.0
7545,522,210.27,3.0
7545,708,191.55,2.0
7545,779,92.97,1.0
7545,842,107.24,1.0
7546,324,,2.0
7546,360,,2.0
7546,849,54.69,2.0
7546,877,202.64,2.0
7547,195,153.66,1.0
7547,307,197.91,2.0
7547,577,61.76,2.0
7547,795,127.79,2.0
7547,980,211.03,1.0
7548,120,183.66,3.0
7548,209,151.17,3.0
7548,410,70.81,2.0
7548,903,64.48,2.0
7548,966,206.2,3.0
7549,184,218.95,1.0
7549,341,125.25,1.0
7549,701,209.76,2.0
7549,977,63.96,3.0
7550,104,173.39,2.0
7550,151,226.05,2.0
7550,385,78.48,2.0
7550,642,157.65,3.0
7550,743,180.58,1.0
7551,57,140.97,1.0
7551,108,66.24,1.0
7551,127,108.62,1.0
7551,367,,1.0
7551,414,184.12,
7552,148,241.66,1.0
7552,348,203.33,3.0
7552,454,155.48,1.0
7553,87,150.25,1.0
7553,456,199.14,3.0
7553,681,235.72,3.0
7553,924,196.23,1.0
7554,85,169.02,2.0
7554,411,152.22,1.0
7554,459,94.26,3.0
7554,461,171.34,3.0
7554,559,164.08,2.0
7555,198,180.7,1.0
7555,665,86.52,1.0
7555,924,196.23,3.0
7556,13,236.18,3.0
7556,387,200.4,3.0
7556,808,233.39,1.0
7556,874,173.76,2.0
7557,169,,3.0
7557,442,105.37,3.0
7557,494,64.74,2.0
7557,917,87.21,3.0
7558,85,169.02,3.0
7558,234,194.51,1.0
7558,778,149.89,3.0
7558,812,119.48,1.0
7559,40,146.27,2.0
7559,318,68.99,1.0
7559,944,77.61,3.0
7560,277,156.48,1.0
7560,286,159.85,
7560,305,147.13,1.0
7560,469,115.23,3.0
7560,977,63.96,2.0
7561,130,121.41,2.0
7561,373,160.95,3.0
7561,390,82.52,2.0
7561,662,175.98,1.0
7562,159,170.35,2.0
7562,436,170.1,3.0
7562,708,191.55,1.0
7562,834,127.56,2.0
7563,73,204.1,1.0
7563,196,82.73,1.0
7563,394,191.95,2.0
7563,892,164.04,2.0
7564,220,168.73,3.0
7564,246,64.86,1.0
7564,529,69.77,3.0
7565,11,114.72,3.0
7565,362,177.66,2.0
7565,426,227.24,3.0
7565,808,233.39,1.0
7565,924,,3.0
7566,237,115.28,1.0
7566,541,184.84,2.0
7566,594,196.51,3.0
7566,720,,1.0
7567,375,216.37,2.0
7567,981,60.43,2.0
7567,996,196.78,1.0
7568,125,146.21,
7568,134,114.43,2.0
7568,217,78.51,2.0
7569,233,243.92,1.0
7569,479,160.63,3.0
7569,665,86.52,2.0
7570,94,85.78,3.0
7570,360,125.34,1.0
7570,422,120.82,3.0
7570,471,189.72,3.0
7570,718,153.46,1.0
7571,78,166.26,1.0
7571,211,92.17,1.0
7571,445,232.1,2.0
7571,900,247.74,1.0
7571,983,78.57,3.0
7572,470,244.46,2.0
7572,481,115.71,2.0
7572,616,178.66,2.0
7573,9,214.61,3.0
7573,34,62.0,1.0
7573,36,197.14,2.0
7573,307,197.91,1.0
7573,872,159.66,2.0
7574,472,63.46,2.0
7574,554,228.02,3.0
7574,720,225.01,2.0
7575,289,128.11,2.0
7575,459,94.26,3.0
7575,528,198.95,1.0
7575,921,156.4,2.0
7576,583,150.9,1.0
7576,694,51.93,3.0
7576,718,153.46,3.0
7577,207,88.92,2.0
7577,219,237.76,1.0
7577,750,149.73,2.0
7578,655,106.97,1.0
7578,715,180.14,3.0
7578,908,146.12,1.0
7579,127,108.62,2.0
7579,211,92.17,1.0
7579,697,77.43,
7579,759,,3.0
7579,886,76.08,3.0
7580,146,,3.0
7580,563,105.31,1.0
7580,703,171.58,2.0
7581,245,136.11,1.0
7581,447,83.16,3.0
7581,466,220.25,2.0
7581,772,103.65,2.0
7581,946,226.43,1.0
7582,203,202.04,2.0
7582,287,109.88,1.0
7582,429,99.3,3.0
7583,183,126.36,3.0
7583,239,220.93,3.0
7583,678,201.53,1.0
7583,912,101.23,3.0
7584,223,83.22,3.0
7584,501,125.53,1.0
7584,700,79.91,3.0
7584,811,,1.0
7585,154,146.97,3.0
7585,561,150.52,1.0
7585,639,110.99,2.0
7585,824,170.3,2.0
7586,141,140.89,1.0
7586,183,126.36,3.0
7586,863,183.04,2.0
7587,541,184.84,3.0
7587,813,246.86,1.0
7587,986,94.04,3.0
7588,292,214.47,3.0
7588,622,124.39,1.0
7588,653,82.55,2.0
7588,952,245.6,1.0
7589,81,223.52,3.0
7589,177,131.35,3.0
7589,692,101.01,2.0
7589,765,189.72,3.0
7589,999,66.5,3.0
7590,299,70.27,1.0
7590,671,204.75,2.0
7590,954,104.74,1.0
7590,955,151.86,2.0
7591,234,194.51,2.0
7591,354,85.44,3.0
7591,564,228.93,2.0
7591,643,98.94,1.0
7592,860,91.93,
7592,899,199.38,3.0
7592,922,246.25,1.0
7593,307,197.91,1.0
7593,387,200.4,2.0
7593,857,60.36,3.0
7594,102,227.13,1.0
7594,295,225.4,2.0
7594,436,170.1,2.0
7594,791,169.28,2.0
7594,870,77.14,1.0
7595,330,,3.0
7595,585,178.27,
7595,777,176.22,2.0
7596,840,135.48,3.0
7596,848,58.97,2.0
7596,902,98.7,2.0
7597,288,101.72,2.0
7597,314,,3.0
7597,463,198.51,3.0
7597,588,151.91,3.0
7597,945,115.38,2.0
7598,174,141.85,1.0
7598,270,127.17,3.0
7598,582,195.63,1.0
7598,748,232.9,3.0
7599,129,200.64,2.0
7599,258,67.56,2.0
7599,492,218.49,1.0
7599,716,63.71,1.0
7599,814,160.37,3.0
7600,97,83.87,2.0
7600,241,69.12,
7600,697,77.43,2.0
7600,880,227.92,3.0
7601,568,217.68,1.0
7601,610,118.1,3.0
7601,936,157.52,1.0
7602,158,118.43,
7602,513,234.35,2.0
7602,683,143.94,2.0
7603,2,80.34,1.0
7603,803,182.99,1.0
7603,942,167.61,1.0
7604,120,183.66,2.0
7604,527,157.45,2.0
7604,790,125.07,2.0
7605,51,106.86,2.0
7605,496,145.41,2.0
7605,997,75.45,2.0
7606,420,55.79,2.0
7606,514,247.43,1.0
7606,960,244.86,1.0
7607,606,79.36,1.0
7607,880,227.92,1.0
7607,912,101.23,3.0
7608,35,146.61,1.0
7608,191,226.32,2.0
7608,261,71.6,2.0
7608,346,96.77,2.0
7608,876,227.05,1.0
7609,87,150.25,3.0
7609,148,241.66,3.0
7609,262,114.64,2.0
7609,924,196.23,2.0
7609,926,64.91,1.0
7610,450,148.27,2.0
7610,607,222.02,1.0
7610,791,169.28,3.0
7611,88,183.78,1.0
7611,89,81.47,3.0
7611,693,117.46,3.0
7611,850,232.72,3.0
7612,23,203.41,3.0
7612,84,225.47,3.0
7612,298,69.9,1.0
7612,857,60.36,2.0
7613,113,102.99,3.0
7613,131,157.55,2.0
7613,778,149.89,1.0
7614,204,124.94,2.0
7614,533,91.11,
7614,786,110.34,3.0
7615,360,125.34,3.0
7615,571,,1.0
7615,613,163.05,1.0
7615,675,64.53,2.0
7616,356,144.51,
7616,413,207.64,2.0
7616,563,105.31,1.0
7616,600,169.99,1.0
7617,104,173.39,2.0
7617,310,157.3,3.0
7617,329,137.31,3.0
7618,233,243.92,2.0
7618,602,86.81,1.0
7618,715,180.14,3.0
7618,978,218.51,3.0
7619,88,183.78,3.0
7619,230,142.07,1.0
7619,243,188.05,3.0
7619,301,236.73,2.0
7619,784,112.27,2.0
7620,12,114.63,1.0
7620,136,64.57,2.0
7620,332,129.36,2.0
7620,993,83.38,2.0
7621,157,246.43,2.0
7621,418,104.84,1.0
7621,502,146.58,
7621,766,249.63,2.0
7621,889,132.36,
7622,68,206.01,1.0
7622,243,188.05,3.0
7622,312,57.94,3.0
7622,417,224.94,3.0
7622,665,86.52,3.0
7623,281,242.32,3.0
7623,871,243.22,1.0
7623,915,239.01,2.0
7624,46,83.22,1.0
7624,220,168.73,2.0
7624,696,231.65,1.0
7624,713,120.97,3.0
7624,971,103.93,3.0
7625,115,,1.0
7625,224,226.21,1.0
7625,281,242.32,2.0
7625,448,91.2,1.0
7626,265,245.93,
7626,589,62.33,1.0
7626,876,227.05,1.0
7626,926,64.91,1.0
7626,936,157.52,
7627,163,193.4,3.0
7627,542,229.25,2.0
7627,676,141.76,2.0
7627,746,98.77,1.0
7628,385,78.48,3.0
7628,498,174.24,3.0
7628,516,113.3,2.0
7628,668,88.59,2.0
7628,935,98.57,2.0
7629,684,248.13,3.0
7629,899,199.38,1.0
7629,900,247.74,3.0
7629,930,232.52,1.0
7630,7,95.98,2.0
7630,76,90.52,2.0
7630,304,208.6,2.0
7630,692,101.01,3.0
7631,309,124.79,3.0
7631,464,191.8,1.0
7631,947,201.85,3.0
7631,969,231.07,3.0
7632,296,217.57,2.0
7632,470,244.46,
7632,560,124.85,1.0
7632,896,238.61,3.0
7633,132,221.69,1.0
7633,191,226.32,3.0
7633,678,201.53,3.0
7633,697,77.43,1.0
7634,64,,3.0
7634,272,73.28,3.0
7634,314,186.8,1.0
7634,522,210.27,3.0
7634,927,195.53,2.0
7635,203,202.04,1.0
7635,238,203.38,3.0
7635,393,188.3,1.0
7635,994,59.99,2.0
7636,677,239.14,2.0
7636,813,246.86,3.0
7636,973,79.62,2.0
7637,267,119.48,3.0
7637,348,203.33,3.0
7637,463,198.51,3.0
7637,695,77.45,3.0
7637,737,127.14,1.0
7638,152,,1.0
7638,310,157.3,1.0
7638,655,106.97,1.0
7638,684,248.13,3.0
7638,811,223.59,3.0
7639,120,183.66,2.0
7639,223,83.22,1.0
7639,273,216.8,3.0
7639,407,174.05,3.0
7640,49,237.53,
7640,261,71.6,2.0
7640,424,246.7,2.0
7640,608,220.66,1.0
7640,872,159.66,1.0
7641,351,155.07,1.0
7641,456,199.14,3.0
7641,665,86.52,2.0
7642,282,216.11,1.0
7642,448,91.2,1.0
7642,462,77.21,2.0
7642,708,191.55,
7643,22,74.05,2.0
7643,415,92.65,2.0
7643,455,235.33,3.0
7643,699,230.12,2.0
7644,58,231.34,1.0
7644,410,70.81,
7644,494,64.74,
7644,796,213.28,3.0
7645,284,191.93,3.0
7645,337,160.66,3.0
7645,475,227.5,1.0
7645,620,137.63,1.0
7645,930,232.52,3.0
7646,534,190.45,3.0
7646,535,167.78,3.0
7646,756,133.58,2.0
7647,399,166.38,1.0
7647,794,112.71,2.0
7647,847,163.66,2.0
7648,8,63.45,3.0
7648,240,189.89,3.0
7648,437,224.5,2.0
7648,714,113.33,2.0
7649,269,81.71,2.0
7649,528,198.95,2.0
7649,727,148.9,3.0
7649,832,119.16,1.0
7649,943,173.92,2.0
7650,152,63.89,1.0
7650,220,168.73,
7650,488,,2.0
7650,633,116.68,1.0
7650,811,223.59,2.0
7651,41,141.64,3.0
7651,879,107.5,3.0
7651,917,87.21,1.0
7652,256,114.14,2.0
7652,412,242.29,1.0
7652,439,226.19,3.0
7652,500,136.7,3.0
7652,821,119.15,1.0
7653,91,176.48,3.0
7653,532,70.73,2.0
7653,762,133.63,1.0
7654,47,95.83,1.0
7654,418,104.84,2.0
7654,732,247.41,2.0
7654,837,249.04,2.0
7654,999,66.5,3.0
7655,338,118.52,3.0
7655,641,59.05,1.0
7655,919,169.1,2.0
7656,80,,1.0
7656,260,87.94,1.0
7656,677,239.14,2.0
7657,78,166.26,2.0
7657,478,155.47,1.0
7657,560,124.85,2.0
7657,976,80.22,1.0
7658,579,202.8,3.0
7658,687,176.38,1.0
7658,951,81.4,3.0
7659,478,155.47,2.0
7659,590,153.28,1.0
7659,617,70.77,1.0
7659,679,90.4,3.0
7660,457,111.71,2.0
7660,609,205.56,3.0
7660,731,207.18,1.0
7660,922,246.25,3.0
7661,124,139.26,1.0
7661,128,94.73,3.0
7661,724,53.44,3.0
7662,454,155.48,3.0
7662,488,80.54,3.0
7662,705,91.17,2.0
7662,994,59.99,2.0
7663,29,62.51,2.0
7663,339,52.62,1.0
7663,806,146.82,3.0
7664,153,92.66,3.0
7664,547,186.62,3.0
7664,699,230.12,1.0
7664,828,80.98,3.0
7665,35,146.61,1.0
7665,241,69.12,
7665,567,167.33,3.0
7665,586,241.2,3.0
7665,948,145.76,2.0
7666,389,135.35,3.0
7666,633,116.68,1.0
7666,942,167.61,1.0
7667,1,72.66,3.0
7667,87,150.25,2.0
7667,136,64.57,2.0
7668,87,150.25,3.0
7668,104,173.39,3.0
7668,873,148.67,3.0
7669,274,189.78,1.0
7669,727,,1.0
7669,829,95.21,3.0
7670,204,,1.0
7670,456,199.14,2.0
7670,955,151.86,3.0
7671,292,214.47,3.0
7671,486,172.25,2.0
7671,834,,1.0
7672,502,146.58,1.0
7672,689,132.29,2.0
7672,972,143.26,1.0
7672,987,182.97,3.0
7673,150,213.11,1.0
7673,858,219.38,3.0
7673,954,104.74,2.0
7674,94,85.78,3.0
7674,400,186.19,2.0
7674,509,94.66,1.0
7675,124,139.26,2.0
7675,152,63.89,2.0
7675,257,51.04,1.0
7675,267,119.48,2.0
7675,893,195.69,3.0
7676,546,145.42,1.0
7676,564,228.93,1.0
7676,652,150.27,2.0
7676,766,249.63,1.0
7677,561,150.52,3.0
7677,605,138.19,3.0
7677,607,222.02,3.0
7677,643,98.94,1.0
7678,356,144.51,3.0
7678,495,127.08,1.0
7678,554,228.02,1.0
7678,559,164.08,2.0
7678,664,199.35,3.0
7679,375,216.37,2.0
7679,569,160.56,3.0
7679,798,80.05,2.0
7679,899,199.38,3.0
7680,129,200.64,1.0
7680,170,105.05,
7680,720,225.01,3.0
7681,120,183.66,3.0
7681,368,209.82,3.0
7681,615,85.81,
7681,826,241.6,1.0
7682,118,62.77,3.0
7682,361,82.42,3.0
7682,907,121.43,3.0
7683,137,110.1,2.0
7683,629,195.26,2.0
7683,688,62.79,2.0
7683,856,233.37,3.0
7684,209,151.17,1.0
7684,349,138.39,1.0
7684,451,222.6,2.0
7684,461,171.34,2.0
7685,368,,2.0
7685,456,199.14,2.0
7685,483,109.71,
7685,496,145.41,1.0
7686,138,221.92,1.0
7686,468,72.43,1.0
7686,511,219.43,2.0
7686,978,218.51,1.0
7687,61,112.13,
7687,564,,3.0
7687,680,149.96,3.0
7687,881,150.03,1.0
7688,472,63.46,2.0
7688,621,189.73,1.0
7688,818,,3.0
7688,955,151.86,
7689,248,124.74,1.0
7689,395,203.83,1.0
7689,892,164.04,1.0
7690,21,184.17,1.0
7690,716,63.71,3.0
7690,759,239.0,1.0
7691,12,114.63,1.0
7691,370,176.52,2.0
7691,378,148.58,2.0
7692,174,141.85,2.0
7692,273,216.8,2.0
7692,610,118.1,1.0
7693,31,240.33,1.0
7693,91,176.48,2.0
7693,115,178.84,3.0
7693,449,80.11,2.0
7693,492,218.49,1.0
7694,7,95.98,1.0
7694,97,83.87,2.0
7694,609,205.56,2.0
7694,765,189.72,2.0
7695,110,87.63,2.0
7695,619,134.73,2.0
7695,948,145.76,2.0
7696,89,81.47,1.0
7696,510,133.23,2.0
7696,521,195.86,3.0
7697,123,79.64,2.0
7697,373,160.95,1.0
7697,464,191.8,2.0
7697,588,151.91,3.0
7697,920,147.21,2.0
7698,474,224.08,2.0
7698,510,133.23,2.0
7698,574,118.2,3.0
7699,223,83.22,1.0
7699,247,207.42,1.0
7699,377,52.08,3.0
7699,568,217.68,3.0
7699,737,127.14,3.0
7700,238,,1.0
7700,432,56.08,1.0
7700,632,218.24,3.0
7700,944,77.61,3.0
7701,49,237.53,1.0
7701,582,195.63,1.0
7701,673,71.97,1.0
7702,75,154.27,2.0
7702,526,217.47,2.0
7702,688,,1.0
7703,58,231.34,
7703,383,203.93,
7703,847,163.66,3.0
7703,937,164.51,2.0
7703,958,,2.0
7704,316,159.68,3.0
7704,379,148.21,3.0
7704,453,152.15,3.0
7704,572,87.01,2.0
7704,988,225.45,1.0
7705,62,84.49,2.0
7705,178,186.24,1.0
7705,266,200.67,1.0
7705,776,225.87,2.0
7705,847,163.66,1.0
7706,456,199.14,1.0
7706,680,149.96,3.0
7706,824,170.3,1.0
7707,159,170.35,2.0
7707,401,227.82,1.0
7707,445,232.1,1.0
7707,462,77.21,1.0
7707,674,155.82,
7708,59,80.92,3.0
7708,145,69.03,1.0
7708,804,,3.0
7709,135,81.29,
7709,765,189.72,3.0
7709,774,226.25,
7710,311,160.61,2.0
7710,757,228.29,2.0
7710,972,143.26,2.0
7711,18,66.18,2.0
7711,385,78.48,1.0
7711,799,138.29,3.0
7711,947,201.85,3.0
7711,985,154.3,1.0
7712,50,121.44,1.0
7712,549,87.59,2.0
7712,916,233.11,2.0
7712,954,104.74,2.0
7713,74,172.32,2.0
7713,107,123.53,2.0
7713,927,195.53,1.0
7714,230,142.07,3.0
7714,277,156.48,2.0
7714,351,155.07,2.0
7715,461,171.34,1.0
7715,488,80.54,1.0
7715,582,195.63,2.0
7715,633,116.68,1.0
7716,250,184.37,2.0
7716,403,99.71,2.0
7716,498,174.24,3.0
7716,787,164.1,3.0
7717,9,214.61,2.0
7717,106,140.96,2.0
7717,249,224.27,3.0
7717,296,217.57,2.0
7717,738,185.7,3.0
7718,656,168.41,2.0
7718,679,90.4,2.0
7718,899,199.38,3.0
7719,112,97.85,2.0
7719,519,180.71,3.0
7719,608,220.66,2.0
7719,682,103.7,2.0
7719,904,163.76,2.0
7720,557,102.94,1.0
7720,644,102.24,2.0
7720,662,175.98,2.0
7720,863,183.04,1.0
7720,919,169.1,2.0
7721,370,176.52,1.0
7721,665,86.52,
7721,858,219.38,1.0
7721,888,80.36,3.0
7721,944,77.61,3.0
7722,255,,3.0
7722,304,208.6,
7722,431,208.24,3.0
7722,541,184.84,1.0
7723,708,191.55,2.0
7723,754,219.81,2.0
7723,844,133.38,2.0
7723,890,177.49,
7724,27,76.78,3.0
7724,134,114.43,3.0
7724,345,168.81,1.0
7724,686,138.01,2.0
7724,994,59.99,3.0
7725,114,164.82,1.0
7725,613,163.05,3.0
7725,760,,2.0
7726,5,165.12,1.0
7726,62,84.49,1.0
7726,827,172.87,3.0
7726,918,216.21,3.0
7726,985,154.3,2.0
7727,189,187.35,1.0
7727,201,50.2,2.0
7727,757,228.29,2.0
7727,864,104.77,1.0
7727,915,239.01,2.0
7728,98,246.81,3.0
7728,282,216.11,
7728,487,141.3,1.0
7728,694,51.93,2.0
7729,108,66.24,3.0
7729,339,52.62,1.0
7729,704,50.64,1.0
7729,749,74.3,3.0
7729,856,233.37,1.0
7730,105,232.06,2.0
7730,112,97.85,1.0
7730,652,150.27,1.0
7730,754,219.81,2.0
7731,110,87.63,2.0
7731,161,109.19,1.0
7731,291,181.87,2.0
7731,562,205.86,3.0
7731,898,208.88,3.0
7732,123,79.64,2.0
7732,262,114.64,2.0
7732,519,180.71,3.0
7732,916,233.11,2.0
7733,105,232.06,3.0
7733,299,70.27,3.0
7733,648,230.35,1.0
7733,682,103.7,3.0
7733,828,80.98,2.0
7734,149,209.72,2.0
7734,197,220.79,2.0
7734,201,50.2,1.0
7734,917,87.21,3.0
7734,982,96.15,3.0
7735,184,218.95,1.0
7735,269,81.71,2.0
7735,680,149.96,2.0
7735,775,131.39,3.0
7736,119,151.13,3.0
7736,161,109.19,2.0
7736,193,142.88,1.0
7736,745,180.42,1.0
7736,746,98.77,2.0
7737,18,,2.0
7737,107,123.53,2.0
7737,813,,2.0
7738,15,62.94,3.0
7738,292,214.47,3.0
7738,395,203.83,1.0
7739,2,80.34,2.0
7739,223,83.22,1.0
7739,236,185.64,3.0
7739,436,170.1,2.0
7739,633,116.68,3.0
7740,48,90.11,3.0
7740,353,247.18,1.0
7740,541,184.84,1.0
7740,784,112.27,2.0
7740,892,164.04,
7741,111,209.87,
7741,150,213.11,1.0
7741,414,184.12,1.0
7741,441,208.41,2.0
7742,94,85.78,2.0
7742,856,233.37,1.0
7742,905,,2.0
7743,323,170.98,2.0
7743,706,124.5,1.0
7743,779,92.97,2.0
7744,139,106.94,3.0
7744,183,126.36,3.0
7744,459,94.26,2.0
7744,802,158.8,1.0
7744,862,160.96,1.0
7745,56,162.42,2.0
7745,293,168.57,1.0
7745,549,87.59,2.0
7745,806,146.82,1.0
7745,907,121.43,3.0
7746,115,178.84,3.0
7746,224,226.21,1.0
7746,773,148.67,3.0
7746,856,,2.0
7747,244,204.28,1.0
7747,693,117.46,2.0
7747,883,133.41,2.0
7747,971,103.93,1.0
7748,240,189.89,3.0
7748,499,165.93,2.0
7748,543,103.79,1.0
7748,600,169.99,2.0
7748,956,212.49,2.0
7749,163,193.4,1.0
7749,273,,3.0
7749,328,93.55,3.0
7749,668,,2.0
7749,944,77.61,2.0
7750,61,112.13,2.0
7750,406,192.02,2.0
7750,469,115.23,1.0
7750,482,129.89,1.0
7750,884,107.9,1.0
7751,313,223.73,2.0
7751,670,60.76,3.0
7751,826,241.6,1.0
7751,840,135.48,3.0
7751,867,92.12,2.0
7752,280,190.85,1.0
7752,315,125.67,3.0
7752,759,239.0,1.0
7752,791,169.28,1.0
7753,130,121.41,1.0
7753,161,109.19,2.0
7753,265,245.93,1.0
7753,488,80.54,3.0
7753,618,208.82,1.0
7754,550,83.71,2.0
7754,602,86.81,2.0
7754,715,180.14,1.0
7754,800,76.15,2.0
7755,22,74.05,1.0
7755,127,108.62,3.0
7755,136,64.57,2.0
7755,676,141.76,
7756,35,146.61,2.0
7756,406,192.02,3.0
7756,483,109.71,3.0
7756,761,78.05,2.0
7757,67,55.29,1.0
7757,81,223.52,3.0
7757,364,217.62,2.0
7757,525,201.26,3.0
7757,579,202.8,1.0
7758,112,97.85,1.0
7758,140,174.01,1.0
7758,785,249.16,2.0
7758,937,164.51,3.0
7759,49,237.53,3.0
7759,482,129.89,2.0
7759,940,87.48,3.0
7760,54,84.5,2.0
7760,89,81.47,1.0
7760,431,,3.0
7760,564,228.93,1.0
7761,390,82.52,1.0
7761,723,176.43,2.0
7761,863,183.04,1.0
7761,974,55.39,3.0
7762,24,247.44,2.0
7762,42,226.48,3.0
7762,561,150.52,3.0
7762,576,227.01,2.0
7762,585,178.27,3.0
7763,450,148.27,2.0
7763,648,230.35,2.0
7763,685,231.56,1.0
7763,795,127.79,1.0
7764,223,83.22,3.0
7764,973,79.62,2.0
7764,996,196.78,1.0
7765,73,204.1,3.0
7765,350,61.9,1.0
7765,903,64.48,2.0
7766,65,160.5,2.0
7766,138,221.92,2.0
7766,436,170.1,1.0
7767,28,96.21,1.0
7767,614,174.25,
7767,693,117.46,1.0
7767,928,235.84,3.0
7768,167,56.81,2.0
7768,286,159.85,2.0
7768,828,80.98,3.0
7769,223,83.22,1.0
7769,306,196.65,1.0
7769,377,52.08,3.0
7770,331,133.75,3.0
7770,371,51.0,1.0
7770,844,133.38,2.0
7770,893,195.69,1.0
7771,227,234.63,3.0
7771,396,195.67,1.0
7771,518,232.96,2.0
7771,653,82.55,3.0
7771,938,92.58,1.0
7772,89,81.47,1.0
7772,379,148.21,3.0
7772,694,51.93,3.0
7772,989,218.85,3.0
7773,220,168.73,2.0
7773,491,214.4,1.0
7773,673,71.97,2.0
7773,782,158.46,1.0
7774,323,170.98,3.0
7774,649,160.83,1.0
7774,675,64.53,1.0
7774,924,196.23,2.0
7774,950,,3.0
7775,57,140.97,3.0
7775,87,150.25,1.0
7775,316,159.68,1.0
7775,872,159.66,3.0
7776,504,,1.0
7776,602,86.81,2.0
7776,831,208.58,1.0
7776,852,,2.0
7777,58,231.34,2.0
7777,238,203.38,3.0
7777,609,205.56,1.0
7777,978,218.51,2.0
7778,222,92.66,2.0
7778,361,82.42,3.0
7778,375,216.37,3.0
7779,372,145.25,1.0
7779,409,121.46,3.0
7779,415,92.65,1.0
7779,758,83.48,2.0
7779,761,78.05,1.0
7780,445,232.1,2.0
7780,450,148.27,3.0
7780,542,229.25,1.0
7781,107,123.53,3.0
7781,636,198.75,3.0
7781,748,232.9,1.0
7781,957,117.34,1.0
7782,6,72.5,3.0
7782,102,227.13,2.0
7782,216,87.98,1.0
7782,263,93.74,2.0
7782,670,60.76,1.0
7783,193,142.88,2.0
7783,205,56.5,3.0
7783,342,91.83,1.0
7783,446,203.34,2.0
7784,122,69.72,1.0
7784,339,52.62,2.0
7784,402,101.5,1.0
7784,442,105.37,2.0
7784,951,81.4,1.0
7785,52,147.19,1.0
7785,338,118.52,1.0
7785,545,128.32,3.0
7786,327,149.0,
7786,440,200.17,2.0
7786,637,56.45,2.0
7786,879,107.5,3.0
7787,167,56.81,1.0
7787,460,89.74,1.0
7787,986,94.04,
7788,65,160.5,2.0
7788,162,76.84,2.0
7788,699,230.12,3.0
7789,174,141.85,2.0
7789,206,148.94,1.0
7789,388,231.18,3.0
7789,560,124.85,2.0
7789,563,105.31,1.0
7790,332,129.36,1.0
7790,466,220.25,2.0
7790,597,208.18,2.0
7790,823,243.4,1.0
7790,851,221.01,2.0
7791,73,204.1,2.0
7791,810,160.28,2.0
7791,918,216.21,1.0
7792,67,55.29,3.0
7792,237,115.28,2.0
7792,454,155.48,3.0
7792,822,132.13,3.0
7793,166,192.62,1.0
7793,488,80.54,2.0
7793,614,,1.0
7793,861,,3.0
7793,870,77.14,2.0
7794,37,65.77,2.0
7794,193,142.88,2.0
7794,305,147.13,3.0
7794,862,160.96,3.0
7795,323,170.98,2.0
7795,526,217.47,2.0
7795,627,160.87,2.0
7795,714,113.33,2.0
7795,960,244.86,3.0
7796,390,82.52,3.0
7796,474,224.08,3.0
7796,506,,3.0
7796,649,160.83,2.0
7796,754,219.81,1.0
7797,769,198.25,3.0
7797,799,138.29,1.0
7797,836,244.73,
7798,41,141.64,2.0
7798,293,168.57,1.0
7798,344,85.83,2.0
7798,829,95.21,1.0
7799,255,248.35,3.0
7799,373,160.95,3.0
7799,511,219.43,1.0
7799,724,53.44,3.0
7799,896,238.61,1.0
7800,41,141.64,1.0
7800,200,230.67,1.0
7800,708,191.55,2.0
7800,921,156.4,3.0
7801,363,87.53,3.0
7801,628,237.6,3.0
7801,636,198.75,1.0
7801,665,86.52,
7802,91,176.48,3.0
7802,298,69.9,2.0
7802,321,129.7,3.0
7802,503,51.95,2.0
7803,149,209.72,2.0
7803,192,62.03,3.0
7803,245,136.11,3.0
7803,396,195.67,
7803,949,248.37,2.0
7804,77,61.77,2.0
7804,99,224.99,1.0
7804,765,189.72,3.0
7805,87,150.25,2.0
7805,197,220.79,1.0
7805,567,167.33,1.0
7805,799,138.29,3.0
7806,208,57.13,1.0
7806,325,149.23,3.0
7806,709,92.58,3.0
7806,733,188.04,2.0
7807,244,204.28,3.0
7807,422,120.82,
7807,615,85.81,2.0
7807,686,138.01,1.0
7808,203,202.04,2.0
7808,818,78.09,2.0
7808,984,246.44,2.0
7809,277,156.48,3.0
7809,419,183.25,1.0
7809,965,239.42,3.0
7810,328,93.55,1.0
7810,684,248.13,1.0
7810,852,239.79,2.0
7810,862,160.96,2.0
7810,959,239.53,1.0
7811,116,247.88,3.0
7811,228,110.69,3.0
7811,230,,3.0
7811,363,87.53,1.0
7811,600,169.99,2.0
7812,74,172.32,2.0
7812,215,152.98,3.0
7812,616,178.66,3.0
7813,601,189.18,2.0
7813,654,133.29,2.0
7813,948,,2.0
7814,151,226.05,1.0
7814,711,187.54,1.0
7814,820,51.21,2.0
7815,152,63.89,1.0
7815,477,245.15,2.0
7815,770,215.18,3.0
7815,885,65.26,3.0
7816,752,208.54,1.0
7816,773,148.67,3.0
7816,849,54.69,2.0
7817,62,84.49,3.0
7817,608,220.66,2.0
7817,934,84.39,3.0
7818,23,203.41,2.0
7818,307,197.91,3.0
7818,343,70.29,2.0
7818,611,177.27,2.0
7819,316,159.68,1.0
7819,604,223.98,1.0
7819,619,134.73,3.0
7819,694,51.93,3.0
7819,914,108.92,2.0
7820,132,,3.0
7820,398,118.83,1.0
7820,931,122.11,2.0
7821,43,116.23,1.0
7821,267,119.48,1.0
7821,502,146.58,1.0
7822,132,221.69,1.0
7822,708,191.55,1.0
7822,970,54.56,1.0
7823,285,177.93,3.0
7823,372,145.25,1.0
7823,379,148.21,1.0
7823,610,118.1,2.0
7823,946,226.43,2.0
7824,464,191.8,3.0
7824,735,237.3,1.0
7824,812,119.48,1.0
7824,981,60.43,3.0
7825,168,62.42,1.0
7825,222,92.66,1.0
7825,617,70.77,3.0
7825,821,119.15,3.0
7826,28,96.21,2.0
7826,176,75.79,3.0
7826,264,227.0,3.0
7826,990,76.1,2.0
7827,34,62.0,3.0
7827,169,,3.0
7827,254,129.75,1.0
7827,764,184.08,1.0
7828,10,62.55,1.0
7828,235,239.95,1.0
7828,320,57.22,1.0
7828,702,,3.0
7829,248,124.74,1.0
7829,566,122.7,1.0
7829,877,202.64,2.0
7829,895,,3.0
7830,101,141.82,3.0
7830,452,125.45,
7830,515,200.99,3.0
7830,768,230.68,1.0
7830,791,169.28,1.0
7831,317,132.96,2.0
7831,613,163.05,1.0
7831,723,176.43,2.0
7831,887,217.22,2.0
7832,86,192.31,3.0
7832,91,176.48,2.0
7832,234,194.51,3.0
7833,67,55.29,3.0
7833,86,192.31,2.0
7833,300,173.53,1.0
7833,501,,3.0
7833,691,166.4,2.0
7834,415,92.65,3.0
7834,426,227.24,2.0
7834,441,208.41,3.0
7834,670,60.76,3.0
7835,28,96.21,2.0
7835,128,94.73,1.0
7835,646,191.41,1.0
7836,153,92.66,3.0
7836,341,125.25,2.0
7836,573,,2.0
7836,694,51.93,
7836,823,243.4,1.0
7837,392,113.94,2.0
7837,628,237.6,3.0
7837,639,110.99,2.0
7837,946,226.43,3.0
7838,144,111.9,3.0
7838,479,,2.0
7838,848,58.97,3.0
7839,262,114.64,1.0
7839,536,162.12,3.0
7839,563,105.31,1.0
7839,730,167.65,1.0
7839,867,92.12,3.0
7840,200,230.67,1.0
7840,272,73.28,1.0
7840,343,70.29,3.0
7840,438,131.49,2.0
7840,863,183.04,3.0
7841,181,120.56,3.0
7841,539,,3.0
7841,643,98.94,3.0
7841,919,169.1,1.0
7842,272,73.28,3.0
7842,399,166.38,1.0
7842,484,199.61,3.0
7843,139,106.94,2.0
7843,166,192.62,1.0
7843,326,173.51,1.0
7843,788,213.43,2.0
7843,912,101.23,1.0
7844,130,121.41,3.0
7844,510,133.23,
7844,577,61.76,3.0
7844,663,130.57,2.0
7845,125,146.21,1.0
7845,277,156.48,1.0
7845,321,129.7,1.0
7845,366,106.38,2.0
7845,585,178.27,1.0
7846,67,55.29,2.0
7846,426,227.24,2.0
7846,688,62.79,3.0
7846,692,101.01,2.0
7847,28,96.21,1.0
7847,34,,3.0
7847,155,116.62,1.0
7847,322,245.9,3.0
7847,358,134.49,3.0
7848,333,184.45,2.0
7848,499,165.93,2.0
7848,554,228.02,3.0
7848,612,152.96,3.0
7849,95,222.28,2.0
7849,200,230.67,3.0
7849,256,114.14,
7849,557,102.94,2.0
7849,673,71.97,3.0
7850,188,105.53,2.0
7850,302,124.05,2.0
7850,514,247.43,1.0
7850,599,227.54,2.0
7850,634,112.99,2.0
7851,68,206.01,3.0
7851,505,120.77,1.0
7851,947,201.85,
7852,23,203.41,3.0
7852,440,200.17,3.0
7852,708,191.55,1.0
7853,897,153.0,3.0
7853,958,198.75,3.0
7853,964,106.28,3.0
7854,417,224.94,1.0
7854,515,200.99,1.0
7854,610,118.1,3.0
7854,832,119.16,1.0
7854,898,208.88,3.0
7855,266,200.67,3.0
7855,530,215.96,1.0
7855,628,237.6,1.0
7855,692,101.01,2.0
7855,947,201.85,2.0
7856,325,149.23,2.0
7856,534,190.45,3.0
7856,604,223.98,3.0
7856,646,191.41,2.0
7857,33,116.23,1.0
7857,55,238.3,1.0
7857,144,111.9,1.0
7857,318,68.99,2.0
7858,72,143.79,2.0
7858,119,151.13,2.0
7858,557,102.94,1.0
7858,918,216.21,3.0
7859,62,84.49,2.0
7859,132,221.69,1.0
7859,425,235.7,3.0
7859,505,120.77,1.0
7859,726,122.98,1.0
7860,185,134.78,2.0
7860,568,217.68,3.0
7860,574,118.2,1.0
7860,869,192.32,
7861,22,74.05,3.0
7861,117,85.95,3.0
7861,176,75.79,1.0
7861,687,176.38,2.0
7861,790,125.07,3.0
7862,278,100.46,1.0
7862,322,245.9,2.0
7862,419,183.25,1.0
7862,480,,1.0
7862,719,53.18,1.0
7863,638,68.44,3.0
7863,788,213.43,2.0
7863,879,107.5,2.0
7864,287,109.88,1.0
7864,334,175.68,3.0
7864,611,177.27,3.0
7864,868,163.34,2.0
7864,947,201.85,3.0
7865,267,119.48,3.0
7865,542,,2.0
7865,590,153.28,2.0
7866,93,202.8,1.0
7866,550,83.71,1.0
7866,656,168.41,2.0
7866,963,220.36,1.0
7866,969,231.07,2.0
7867,430,88.19,2.0
7867,513,234.35,1.0
7867,788,213.43,3.0
7867,894,88.22,3.0
7868,30,207.25,3.0
7868,596,195.79,1.0
7868,675,64.53,1.0
7868,695,77.45,2.0
7868,869,192.32,3.0
7869,26,181.39,3.0
7869,459,94.26,1.0
7869,819,57.53,3.0
7869,872,159.66,3.0
7870,251,60.23,3.0
7870,267,,2.0
7870,355,140.68,1.0
7870,856,233.37,3.0
7870,894,88.22,3.0
7871,229,89.49,2.0
7871,603,153.0,2.0
7871,778,149.89,1.0
7871,862,160.96,3.0
7871,997,75.45,
7872,184,218.95,3.0
7872,451,222.6,3.0
7872,595,56.33,3.0
7873,29,62.51,3.0
7873,102,227.13,2.0
7873,194,185.69,1.0
7873,354,85.44,2.0
7873,953,61.07,1.0
7874,56,162.42,3.0
7874,250,184.37,1.0
7874,340,67.14,2.0
7874,667,124.68,2.0
7875,27,76.78,3.0
7875,160,97.07,1.0
7875,269,81.71,3.0
7875,513,234.35,1.0
7875,835,163.93,3.0
7876,85,169.02,1.0
7876,471,189.72,1.0
7876,730,167.65,
7877,215,152.98,2.0
7877,490,,3.0
7877,939,113.97,3.0
7877,971,103.93,2.0
7877,996,196.78,3.0
7878,131,157.55,1.0
7878,255,248.35,3.0
7878,521,195.86,1.0
7878,702,81.84,1.0
7878,708,191.55,3.0
7879,129,200.64,1.0
7879,240,189.89,1.0
7879,457,111.71,1.0
7879,492,218.49,1.0
7879,805,159.55,
7880,191,226.32,3.0
7880,375,216.37,2.0
7880,626,95.95,2.0
7880,640,97.33,1.0
7880,793,202.22,2.0
7881,547,186.62,3.0
7881,643,98.94,
7881,844,133.38,3.0
7882,174,141.85,2.0
7882,179,174.38,1.0
7882,515,200.99,2.0
7883,12,,3.0
7883,147,177.18,1.0
7883,790,125.07,2.0
7884,338,118.52,3.0
7884,478,155.47,3.0
7884,582,,2.0
7885,83,125.49,1.0
7885,403,99.71,1.0
7885,670,60.76,2.0
7885,687,,3.0
7886,85,169.02,3.0
7886,754,219.81,2.0
7886,776,225.87,2.0
7886,950,209.25,2.0
7887,309,124.79,2.0
7887,598,119.08,2.0
7887,609,205.56,3.0
7888,34,,1.0
7888,531,51.53,1.0
7888,800,76.15,2.0
7888,812,119.48,3.0
7889,324,231.64,1.0
7889,338,118.52,3.0
7889,499,165.93,1.0
7890,384,137.63,3.0
7890,436,,1.0
7890,510,133.23,3.0
7890,866,,3.0
7890,980,,1.0
7891,116,247.88,3.0
7891,133,,2.0
7891,528,198.95,
7891,535,167.78,1.0
7892,200,230.67,1.0
7892,401,227.82,1.0
7892,586,241.2,1.0
7892,740,111.83,2.0
7893,43,116.23,1.0
7893,450,148.27,1.0
7893,469,115.23,2.0
7893,740,111.83,3.0
7894,420,55.79,3.0
7894,454,155.48,1.0
7894,860,91.93,2.0
7895,81,223.52,3.0
7895,186,233.84,3.0
7895,221,142.79,2.0
7895,387,200.4,2.0
7895,560,124.85,2.0
7896,378,148.58,2.0
7896,794,112.71,1.0
7896,819,57.53,2.0
7897,508,201.16,2.0
7897,926,64.91,
7897,929,197.89,1.0
7898,3,132.41,1.0
7898,434,199.38,1.0
7898,954,104.74,1.0
7899,178,186.24,3.0
7899,250,184.37,2.0
7899,539,93.75,3.0
7899,541,184.84,2.0
7900,137,110.1,1.0
7900,533,91.11,3.0
7900,737,127.14,1.0
7901,75,154.27,2.0
7901,666,,1.0
7901,880,,2.0
7901,924,196.23,1.0
7902,23,203.41,1.0
7902,670,60.76,1.0
7902,707,212.57,
7902,893,195.69,3.0
7902,992,88.48,1.0
7903,543,103.79,3.0
7903,650,65.51,2.0
7903,778,149.89,3.0
7903,889,132.36,1.0
7904,19,146.71,3.0
7904,26,181.39,2.0
7904,187,125.22,3.0
7904,335,146.92,1.0
7904,874,173.76,1.0
7905,423,221.14,1.0
7905,657,55.71,2.0
7905,709,92.58,1.0
7906,272,73.28,3.0
7906,296,217.57,2.0
7906,425,235.7,3.0
7906,461,171.34,1.0
7906,716,63.71,1.0
7907,141,140.89,2.0
7907,154,146.97,3.0
7907,220,168.73,2.0
7907,565,148.85,1.0
7908,105,232.06,1.0
7908,142,56.89,1.0
7908,223,83.22,2.0
7908,437,224.5,3.0
7908,699,230.12,3.0
7909,57,140.97,2.0
7909,176,75.79,3.0
7909,234,194.51,2.0
7909,244,,3.0
7909,614,174.25,1.0
7910,166,192.62,
7910,578,67.16,2.0
7910,652,150.27,2.0
7910,709,92.58,1.0
7911,136,64.57,2.0
7911,559,164.08,1.0
7911,847,163.66,1.0
7912,691,166.4,1.0
7912,747,241.7,1.0
7912,943,173.92,2.0
7912,989,218.85,3.0
7913,63,141.12,1.0
7913,421,66.61,1.0
7913,533,91.11,1.0
7913,880,227.92,1.0
7913,935,98.57,1.0
7914,717,207.78,3.0
7914,755,198.93,2.0
7914,803,,1.0
7915,3,132.41,2.0
7915,110,,3.0
7915,761,,2.0
7915,834,127.56,1.0
7915,847,163.66,1.0
7916,37,65.77,2.0
7916,373,160.95,2.0
7916,500,136.7,1.0
7916,564,228.93,1.0
7917,1,72.66,3.0
7917,92,168.26,2.0
7917,261,71.6,2.0
7917,331,,2.0
7918,36,197.14,1.0
7918,368,209.82,1.0
7918,447,83.16,2.0
7918,482,129.89,2.0
7918,860,91.93,
7919,496,145.41,3.0
7919,675,,3.0
7919,713,120.97,
7919,731,207.18,1.0
7919,752,208.54,3.0
7920,152,63.89,2.0
7920,542,229.25,3.0
7920,885,65.26,3.0
7921,511,219.43,3.0
7921,588,151.91,2.0
7921,828,80.98,1.0
7922,155,116.62,1.0
7922,311,160.61,2.0
7922,561,150.52,3.0
7922,778,149.89,3.0
7922,952,245.6,1.0
7923,52,147.19,3.0
7923,517,106.05,3.0
7923,589,62.33,1.0
7923,663,130.57,3.0
7924,247,207.42,1.0
7924,248,124.74,3.0
7924,625,71.81,3.0
7924,725,226.28,
7924,871,243.22,3.0
7925,292,214.47,1.0
7925,434,199.38,3.0
7925,644,102.24,1.0
7925,943,173.92,3.0
7926,273,216.8,1.0
7926,516,113.3,1.0
7926,578,67.16,1.0
7926,722,134.69,3.0
7927,185,134.78,2.0
7927,558,235.51,1.0
7927,719,53.18,
7928,11,114.72,3.0
7928,117,85.95,2.0
7928,328,93.55,2.0
7928,678,201.53,3.0
7928,865,150.88,1.0
7929,139,106.94,3.0
7929,168,62.42,2.0
7929,208,57.13,3.0
7929,647,99.37,3.0
7929,805,159.55,3.0
7930,455,235.33,1.0
7930,776,225.87,2.0
7930,907,121.43,2.0
7931,111,209.87,2.0
7931,117,85.95,3.0
7931,174,141.85,2.0
7931,439,226.19,3.0
7931,536,162.12,1.0
7932,307,197.91,2.0
7932,318,68.99,2.0
7932,584,245.83,1.0
7932,615,85.81,3.0
7932,865,150.88,2.0
7933,159,170.35,1.0
7933,184,218.95,2.0
7933,550,83.71,1.0
7933,659,163.96,1.0
7934,67,55.29,3.0
7934,323,170.98,3.0
7934,441,208.41,1.0
7934,511,219.43,1.0
7934,707,212.57,3.0
7935,248,124.74,2.0
7935,481,115.71,3.0
7935,559,164.08,1.0
7935,720,225.01,2.0
7935,828,,3.0
7936,205,,1.0
7936,284,191.93,3.0
7936,525,201.26,1.0
7936,620,137.63,2.0
7936,981,60.43,1.0
7937,154,146.97,2.0
7937,161,109.19,3.0
7937,237,115.28,1.0
7937,260,87.94,2.0
7937,787,164.1,1.0
7938,262,114.64,
7938,349,138.39,1.0
7938,477,245.15,2.0
7938,869,192.32,2.0
7938,932,189.85,1.0
7939,28,96.21,2.0
7939,95,,1.0
7939,579,202.8,1.0
7940,380,210.24,3.0
7940,436,170.1,3.0
7940,712,151.86,1.0
7941,181,120.56,2.0
7941,193,142.88,3.0
7941,485,52.72,2.0
7941,774,,3.0
7941,957,117.34,1.0
7942,61,112.13,1.0
7942,161,109.19,2.0
7942,377,52.08,1.0
7943,30,207.25,3.0
7943,562,205.86,3.0
7943,574,118.2,3.0
7944,60,71.49,2.0
7944,71,86.5,3.0
7944,102,227.13,1.0
7944,190,99.3,1.0
7944,696,231.65,2.0
7945,112,97.85,2.0
7945,171,201.72,2.0
7945,178,186.24,1.0
7945,728,246.11,3.0
7945,889,132.36,1.0
7946,90,180.87,3.0
7946,106,140.96,2.0
7946,158,118.43,
7946,430,88.19,1.0
7946,811,223.59,3.0
7947,424,246.7,3.0
7947,624,67.8,3.0
7947,730,167.65,3.0
7947,733,188.04,2.0
7948,571,179.32,3.0
7948,643,,2.0
7948,748,232.9,3.0
7949,194,185.69,1.0
7949,381,56.19,1.0
7949,567,167.33,3.0
7949,944,77.61,1.0
7950,63,141.12,1.0
7950,326,173.51,1.0
7950,895,187.0,2.0
7950,948,145.76,3.0
7951,403,99.71,3.0
7951,421,66.61,1.0
7951,645,151.87,2.0
7952,148,241.66,2.0
7952,423,221.14,2.0
7952,472,63.46,1.0
7952,768,230.68,2.0
7952,971,103.93,3.0
7953,285,177.93,
7953,412,242.29,1.0
7953,668,88.59,1.0
7953,696,231.65,3.0
7954,347,136.1,2.0
7954,562,,2.0
7954,941,60.5,1.0
7955,52,147.19,1.0
7955,325,149.23,1.0
7955,364,217.62,3.0
7955,418,104.84,3.0
7955,981,60.43,3.0
7956,61,112.13,1.0
7956,887,217.22,3.0
7956,997,75.45,1.0
7957,107,123.53,1.0
7957,508,201.16,3.0
7957,597,208.18,
7957,914,108.92,3.0
7958,65,160.5,3.0
7958,238,203.38,1.0
7958,307,197.91,3.0
7959,534,190.45,2.0
7959,536,162.12,3.0
7959,574,118.2,1.0
7959,866,178.4,
7959,906,93.79,2.0
7960,4,102.01,3.0
7960,190,99.3,
7960,417,224.94,1.0
7960,618,208.82,3.0
7960,981,60.43,3.0
7961,71,86.5,1.0
7961,130,121.41,1.0
7961,480,185.48,1.0
7961,525,201.26,1.0
7961,662,175.98,3.0
7962,402,101.5,3.0
7962,543,,1.0
7962,908,146.12,
7963,42,226.48,3.0
7963,181,120.56,3.0
7963,986,94.04,3.0
7964,257,51.04,2.0
7964,292,214.47,1.0
7964,539,93.75,3.0
7964,551,162.25,2.0
7964,683,143.94,
7965,36,197.14,3.0
7965,202,214.72,3.0
7965,308,117.08,2.0
7965,515,200.99,2.0
7965,983,78.57,2.0
7966,429,99.3,3.0
7966,563,105.31,
7966,895,187.0,3.0
7967,729,233.18,2.0
7967,761,78.05,2.0
7967,942,167.61,2.0
7968,351,,1.0
7968,438,131.49,1.0
7968,760,226.3,1.0
7968,808,233.39,1.0
7968,1000,133.67,2.0
7969,53,60.45,2.0
7969,78,166.26,2.0
7969,254,129.75,2.0
7969,804,232.19,2.0
7970,219,237.76,2.0
7970,285,177.93,3.0
7970,330,103.52,3.0
7970,628,237.6,2.0
7971,284,,1.0
7971,297,146.37,1.0
7971,770,215.18,1.0
7971,971,103.93,1.0
7972,27,76.78,1.0
7972,44,93.13,1.0
7972,496,145.41,1.0
7973,169,116.7,1.0
7973,547,186.62,1.0
7973,655,106.97,1.0
7974,730,167.65,1.0
7974,932,189.85,1.0
7974,954,104.74,3.0
7975,37,65.77,2.0
7975,86,192.31,1.0
7975,128,94.73,2.0
7975,273,216.8,2.0
7975,389,135.35,2.0
7976,71,86.5,3.0
7976,401,227.82,1.0
7976,827,172.87,1.0
7977,134,114.43,3.0
7977,697,77.43,3.0
7977,874,173.76,1.0
7977,973,79.62,1.0
7978,114,164.82,3.0
7978,334,175.68,2.0
7978,556,246.31,1.0
7978,801,207.59,1.0
7978,893,,2.0
7979,71,86.5,1.0
7979,93,202.8,1.0
7979,287,109.88,
7979,532,70.73,2.0
7980,210,208.67,1.0
7980,298,69.9,1.0
7980,441,208.41,3.0
7980,492,218.49,2.0
7981,168,62.42,2.0
7981,172,103.8,2.0
7981,459,94.26,3.0
7981,927,195.53,1.0
7982,155,116.62,3.0
7982,160,97.07,1.0
7982,251,60.23,3.0
7982,847,163.66,2.0
7983,465,230.21,1.0
7983,646,191.41,2.0
7983,711,187.54,2.0
7983,832,119.16,2.0
7983,967,110.73,2.0
7984,524,67.52,3.0
7984,536,162.12,1.0
7984,633,,3.0
7985,357,77.1,2.0
7985,544,244.85,3.0
7985,941,60.5,3.0
7986,246,64.86,2.0
7986,442,105.37,1.0
7986,629,195.26,2.0
7987,464,191.8,2.0
7987,545,128.32,3.0
7987,583,150.9,3.0
7988,596,195.79,1.0
7988,755,198.93,2.0
7988,981,60.43,1.0
7989,415,92.65,1.0
7989,557,102.94,1.0
7989,762,133.63,1.0
7990,167,56.81,2.0
7990,471,189.72,1.0
7990,546,145.42,3.0
7990,875,127.14,3.0
7991,516,113.3,2.0
7991,837,249.04,1.0
7991,981,60.43,3.0
7992,426,227.24,3.0
7992,558,235.51,3.0
7992,938,92.58,1.0
7993,493,173.08,
7993,818,78.09,3.0
7993,963,220.36,1.0
7994,444,62.33,2.0
7994,553,128.85,3.0
7994,606,79.36,
7994,687,176.38,3.0
7995,202,214.72,2.0
7995,283,124.19,2.0
7995,686,138.01,2.0
7995,828,80.98,1.0
7995,842,107.24,2.0
7996,152,63.89,2.0
7996,384,137.63,3.0
7996,628,237.6,2.0
7996,842,107.24,2.0
7997,494,64.74,1.0
7997,531,51.53,2.0
7997,764,,1.0
7997,788,213.43,3.0
7998,273,,1.0
7998,667,124.68,3.0
7998,712,151.86,1.0
7998,726,122.98,1.0
7999,106,140.96,2.0
7999,346,96.77,2.0
7999,367,192.22,3.0
7999,910,142.16,2.0
7999,951,81.4,
8000,49,237.53,2.0
8000,217,78.51,1.0
8000,876,227.05,3.0
